segment_id,video_key,video_path,split,class_id,class_name,start_frame,end_frame,fps,n_frames
0,10_1,dataset\raw\Videos_MERL_Shopping_Dataset\10_1_crop.mp4,train,0,Reach to Shelf,235,256,30.0,3796
1,10_1,dataset\raw\Videos_MERL_Shopping_Dataset\10_1_crop.mp4,train,0,Reach to Shelf,648,684,30.0,3796
2,10_1,dataset\raw\Videos_MERL_Shopping_Dataset\10_1_crop.mp4,train,0,Reach to Shelf,979,1007,30.0,3796
3,10_1,dataset\raw\Videos_MERL_Shopping_Dataset\10_1_crop.mp4,train,0,Reach to Shelf,1307,1329,30.0,3796
4,10_1,dataset\raw\Videos_MERL_Shopping_Dataset\10_1_crop.mp4,train,0,Reach to Shelf,1711,1734,30.0,3796
5,10_1,dataset\raw\Videos_MERL_Shopping_Dataset\10_1_crop.mp4,train,0,Reach to Shelf,2167,2185,30.0,3796
6,10_1,dataset\raw\Videos_MERL_Shopping_Dataset\10_1_crop.mp4,train,0,Reach to Shelf,2375,2393,30.0,3796
7,10_1,dataset\raw\Videos_MERL_Shopping_Dataset\10_1_crop.mp4,train,0,Reach to Shelf,2702,2729,30.0,3796
8,10_1,dataset\raw\Videos_MERL_Shopping_Dataset\10_1_crop.mp4,train,0,Reach to Shelf,3045,3072,30.0,3796
9,10_1,dataset\raw\Videos_MERL_Shopping_Dataset\10_1_crop.mp4,train,0,Reach to Shelf,3407,3425,30.0,3796
10,10_1,dataset\raw\Videos_MERL_Shopping_Dataset\10_1_crop.mp4,train,0,Reach to Shelf,560,600,30.0,3796
11,10_1,dataset\raw\Videos_MERL_Shopping_Dataset\10_1_crop.mp4,train,0,Reach to Shelf,2322,2354,30.0,3796
12,10_1,dataset\raw\Videos_MERL_Shopping_Dataset\10_1_crop.mp4,train,1,Retract from Shelf,605,626,30.0,3796
13,10_1,dataset\raw\Videos_MERL_Shopping_Dataset\10_1_crop.mp4,train,1,Retract from Shelf,2356,2372,30.0,3796
14,10_1,dataset\raw\Videos_MERL_Shopping_Dataset\10_1_crop.mp4,train,1,Retract from Shelf,256,290,30.0,3796
15,10_1,dataset\raw\Videos_MERL_Shopping_Dataset\10_1_crop.mp4,train,1,Retract from Shelf,685,759,30.0,3796
16,10_1,dataset\raw\Videos_MERL_Shopping_Dataset\10_1_crop.mp4,train,1,Retract from Shelf,1009,1049,30.0,3796
17,10_1,dataset\raw\Videos_MERL_Shopping_Dataset\10_1_crop.mp4,train,1,Retract from Shelf,1330,1386,30.0,3796
18,10_1,dataset\raw\Videos_MERL_Shopping_Dataset\10_1_crop.mp4,train,1,Retract from Shelf,1770,1792,30.0,3796
19,10_1,dataset\raw\Videos_MERL_Shopping_Dataset\10_1_crop.mp4,train,1,Retract from Shelf,2186,2210,30.0,3796
20,10_1,dataset\raw\Videos_MERL_Shopping_Dataset\10_1_crop.mp4,train,1,Retract from Shelf,2297,2319,30.0,3796
21,10_1,dataset\raw\Videos_MERL_Shopping_Dataset\10_1_crop.mp4,train,1,Retract from Shelf,2395,2416,30.0,3796
22,10_1,dataset\raw\Videos_MERL_Shopping_Dataset\10_1_crop.mp4,train,1,Retract from Shelf,2730,2776,30.0,3796
23,10_1,dataset\raw\Videos_MERL_Shopping_Dataset\10_1_crop.mp4,train,1,Retract from Shelf,3072,3103,30.0,3796
24,10_1,dataset\raw\Videos_MERL_Shopping_Dataset\10_1_crop.mp4,train,1,Retract from Shelf,3360,3405,30.0,3796
25,10_1,dataset\raw\Videos_MERL_Shopping_Dataset\10_1_crop.mp4,train,1,Retract from Shelf,3426,3487,30.0,3796
26,10_1,dataset\raw\Videos_MERL_Shopping_Dataset\10_1_crop.mp4,train,2,Hand in Shelf,1736,1764,30.0,3796
27,10_1,dataset\raw\Videos_MERL_Shopping_Dataset\10_1_crop.mp4,train,3,Inspect Product,299,388,30.0,3796
28,10_1,dataset\raw\Videos_MERL_Shopping_Dataset\10_1_crop.mp4,train,3,Inspect Product,389,478,30.0,3796
29,10_1,dataset\raw\Videos_MERL_Shopping_Dataset\10_1_crop.mp4,train,3,Inspect Product,479,525,30.0,3796
30,10_1,dataset\raw\Videos_MERL_Shopping_Dataset\10_1_crop.mp4,train,3,Inspect Product,764,849,30.0,3796
31,10_1,dataset\raw\Videos_MERL_Shopping_Dataset\10_1_crop.mp4,train,3,Inspect Product,1052,1141,30.0,3796
32,10_1,dataset\raw\Videos_MERL_Shopping_Dataset\10_1_crop.mp4,train,3,Inspect Product,1391,1480,30.0,3796
33,10_1,dataset\raw\Videos_MERL_Shopping_Dataset\10_1_crop.mp4,train,3,Inspect Product,1481,1567,30.0,3796
34,10_1,dataset\raw\Videos_MERL_Shopping_Dataset\10_1_crop.mp4,train,3,Inspect Product,2216,2266,30.0,3796
35,10_1,dataset\raw\Videos_MERL_Shopping_Dataset\10_1_crop.mp4,train,3,Inspect Product,2418,2507,30.0,3796
36,10_1,dataset\raw\Videos_MERL_Shopping_Dataset\10_1_crop.mp4,train,3,Inspect Product,2508,2582,30.0,3796
37,10_1,dataset\raw\Videos_MERL_Shopping_Dataset\10_1_crop.mp4,train,3,Inspect Product,2778,2867,30.0,3796
38,10_1,dataset\raw\Videos_MERL_Shopping_Dataset\10_1_crop.mp4,train,3,Inspect Product,2868,2908,30.0,3796
39,10_1,dataset\raw\Videos_MERL_Shopping_Dataset\10_1_crop.mp4,train,3,Inspect Product,3103,3192,30.0,3796
40,10_1,dataset\raw\Videos_MERL_Shopping_Dataset\10_1_crop.mp4,train,3,Inspect Product,3193,3282,30.0,3796
41,10_1,dataset\raw\Videos_MERL_Shopping_Dataset\10_1_crop.mp4,train,3,Inspect Product,3283,3359,30.0,3796
42,10_1,dataset\raw\Videos_MERL_Shopping_Dataset\10_1_crop.mp4,train,3,Inspect Product,3488,3577,30.0,3796
43,10_1,dataset\raw\Videos_MERL_Shopping_Dataset\10_1_crop.mp4,train,4,Inspect Shelf,177,229,30.0,3796
44,10_1,dataset\raw\Videos_MERL_Shopping_Dataset\10_1_crop.mp4,train,4,Inspect Shelf,864,953,30.0,3796
45,10_1,dataset\raw\Videos_MERL_Shopping_Dataset\10_1_crop.mp4,train,4,Inspect Shelf,1166,1255,30.0,3796
46,10_1,dataset\raw\Videos_MERL_Shopping_Dataset\10_1_crop.mp4,train,4,Inspect Shelf,1256,1297,30.0,3796
47,10_1,dataset\raw\Videos_MERL_Shopping_Dataset\10_1_crop.mp4,train,4,Inspect Shelf,1579,1668,30.0,3796
48,10_1,dataset\raw\Videos_MERL_Shopping_Dataset\10_1_crop.mp4,train,4,Inspect Shelf,1669,1702,30.0,3796
49,10_1,dataset\raw\Videos_MERL_Shopping_Dataset\10_1_crop.mp4,train,4,Inspect Shelf,2596,2685,30.0,3796
50,10_1,dataset\raw\Videos_MERL_Shopping_Dataset\10_1_crop.mp4,train,4,Inspect Shelf,2686,2703,30.0,3796
51,10_1,dataset\raw\Videos_MERL_Shopping_Dataset\10_1_crop.mp4,train,4,Inspect Shelf,2925,3014,30.0,3796
52,10_1,dataset\raw\Videos_MERL_Shopping_Dataset\10_1_crop.mp4,train,4,Inspect Shelf,3015,3045,30.0,3796
189,11_1,dataset\raw\Videos_MERL_Shopping_Dataset\11_1_crop.mp4,train,0,Reach to Shelf,227,258,30.0,3752
190,11_1,dataset\raw\Videos_MERL_Shopping_Dataset\11_1_crop.mp4,train,0,Reach to Shelf,683,713,30.0,3752
191,11_1,dataset\raw\Videos_MERL_Shopping_Dataset\11_1_crop.mp4,train,0,Reach to Shelf,1257,1275,30.0,3752
192,11_1,dataset\raw\Videos_MERL_Shopping_Dataset\11_1_crop.mp4,train,0,Reach to Shelf,1423,1458,30.0,3752
193,11_1,dataset\raw\Videos_MERL_Shopping_Dataset\11_1_crop.mp4,train,0,Reach to Shelf,1460,1494,30.0,3752
194,11_1,dataset\raw\Videos_MERL_Shopping_Dataset\11_1_crop.mp4,train,0,Reach to Shelf,2003,2022,30.0,3752
195,11_1,dataset\raw\Videos_MERL_Shopping_Dataset\11_1_crop.mp4,train,0,Reach to Shelf,2176,2202,30.0,3752
196,11_1,dataset\raw\Videos_MERL_Shopping_Dataset\11_1_crop.mp4,train,0,Reach to Shelf,2267,2286,30.0,3752
197,11_1,dataset\raw\Videos_MERL_Shopping_Dataset\11_1_crop.mp4,train,0,Reach to Shelf,2419,2439,30.0,3752
198,11_1,dataset\raw\Videos_MERL_Shopping_Dataset\11_1_crop.mp4,train,0,Reach to Shelf,2612,2631,30.0,3752
199,11_1,dataset\raw\Videos_MERL_Shopping_Dataset\11_1_crop.mp4,train,0,Reach to Shelf,2958,2989,30.0,3752
200,11_1,dataset\raw\Videos_MERL_Shopping_Dataset\11_1_crop.mp4,train,0,Reach to Shelf,1006,1043,30.0,3752
201,11_1,dataset\raw\Videos_MERL_Shopping_Dataset\11_1_crop.mp4,train,0,Reach to Shelf,1332,1359,30.0,3752
202,11_1,dataset\raw\Videos_MERL_Shopping_Dataset\11_1_crop.mp4,train,0,Reach to Shelf,1596,1638,30.0,3752
203,11_1,dataset\raw\Videos_MERL_Shopping_Dataset\11_1_crop.mp4,train,0,Reach to Shelf,2104,2173,30.0,3752
204,11_1,dataset\raw\Videos_MERL_Shopping_Dataset\11_1_crop.mp4,train,1,Retract from Shelf,1056,1097,30.0,3752
205,11_1,dataset\raw\Videos_MERL_Shopping_Dataset\11_1_crop.mp4,train,1,Retract from Shelf,1408,1422,30.0,3752
206,11_1,dataset\raw\Videos_MERL_Shopping_Dataset\11_1_crop.mp4,train,1,Retract from Shelf,1639,1661,30.0,3752
207,11_1,dataset\raw\Videos_MERL_Shopping_Dataset\11_1_crop.mp4,train,1,Retract from Shelf,2348,2369,30.0,3752
208,11_1,dataset\raw\Videos_MERL_Shopping_Dataset\11_1_crop.mp4,train,1,Retract from Shelf,2505,2528,30.0,3752
209,11_1,dataset\raw\Videos_MERL_Shopping_Dataset\11_1_crop.mp4,train,1,Retract from Shelf,292,326,30.0,3752
210,11_1,dataset\raw\Videos_MERL_Shopping_Dataset\11_1_crop.mp4,train,1,Retract from Shelf,721,801,30.0,3752
211,11_1,dataset\raw\Videos_MERL_Shopping_Dataset\11_1_crop.mp4,train,1,Retract from Shelf,1286,1303,30.0,3752
212,11_1,dataset\raw\Videos_MERL_Shopping_Dataset\11_1_crop.mp4,train,1,Retract from Shelf,1497,1520,30.0,3752
213,11_1,dataset\raw\Videos_MERL_Shopping_Dataset\11_1_crop.mp4,train,1,Retract from Shelf,2057,2076,30.0,3752
214,11_1,dataset\raw\Videos_MERL_Shopping_Dataset\11_1_crop.mp4,train,1,Retract from Shelf,2633,2670,30.0,3752
215,11_1,dataset\raw\Videos_MERL_Shopping_Dataset\11_1_crop.mp4,train,1,Retract from Shelf,2990,3039,30.0,3752
216,11_1,dataset\raw\Videos_MERL_Shopping_Dataset\11_1_crop.mp4,train,2,Hand in Shelf,260,287,30.0,3752
217,11_1,dataset\raw\Videos_MERL_Shopping_Dataset\11_1_crop.mp4,train,2,Hand in Shelf,1361,1408,30.0,3752
218,11_1,dataset\raw\Videos_MERL_Shopping_Dataset\11_1_crop.mp4,train,2,Hand in Shelf,2026,2054,30.0,3752
219,11_1,dataset\raw\Videos_MERL_Shopping_Dataset\11_1_crop.mp4,train,2,Hand in Shelf,2202,2267,30.0,3752
220,11_1,dataset\raw\Videos_MERL_Shopping_Dataset\11_1_crop.mp4,train,2,Hand in Shelf,2287,2346,30.0,3752
221,11_1,dataset\raw\Videos_MERL_Shopping_Dataset\11_1_crop.mp4,train,2,Hand in Shelf,2443,2497,30.0,3752
222,11_1,dataset\raw\Videos_MERL_Shopping_Dataset\11_1_crop.mp4,train,3,Inspect Product,327,350,30.0,3752
223,11_1,dataset\raw\Videos_MERL_Shopping_Dataset\11_1_crop.mp4,train,3,Inspect Product,808,897,30.0,3752
224,11_1,dataset\raw\Videos_MERL_Shopping_Dataset\11_1_crop.mp4,train,3,Inspect Product,898,987,30.0,3752
225,11_1,dataset\raw\Videos_MERL_Shopping_Dataset\11_1_crop.mp4,train,3,Inspect Product,988,1002,30.0,3752
226,11_1,dataset\raw\Videos_MERL_Shopping_Dataset\11_1_crop.mp4,train,3,Inspect Product,1128,1212,30.0,3752
227,11_1,dataset\raw\Videos_MERL_Shopping_Dataset\11_1_crop.mp4,train,3,Inspect Product,1526,1589,30.0,3752
228,11_1,dataset\raw\Videos_MERL_Shopping_Dataset\11_1_crop.mp4,train,3,Inspect Product,2078,2101,30.0,3752
229,11_1,dataset\raw\Videos_MERL_Shopping_Dataset\11_1_crop.mp4,train,3,Inspect Product,2672,2758,30.0,3752
230,11_1,dataset\raw\Videos_MERL_Shopping_Dataset\11_1_crop.mp4,train,3,Inspect Product,3041,3130,30.0,3752
231,11_1,dataset\raw\Videos_MERL_Shopping_Dataset\11_1_crop.mp4,train,3,Inspect Product,3131,3220,30.0,3752
232,11_1,dataset\raw\Videos_MERL_Shopping_Dataset\11_1_crop.mp4,train,3,Inspect Product,3221,3310,30.0,3752
233,11_1,dataset\raw\Videos_MERL_Shopping_Dataset\11_1_crop.mp4,train,3,Inspect Product,3311,3378,30.0,3752
234,11_1,dataset\raw\Videos_MERL_Shopping_Dataset\11_1_crop.mp4,train,4,Inspect Shelf,360,449,30.0,3752
235,11_1,dataset\raw\Videos_MERL_Shopping_Dataset\11_1_crop.mp4,train,4,Inspect Shelf,450,539,30.0,3752
236,11_1,dataset\raw\Videos_MERL_Shopping_Dataset\11_1_crop.mp4,train,4,Inspect Shelf,540,629,30.0,3752
237,11_1,dataset\raw\Videos_MERL_Shopping_Dataset\11_1_crop.mp4,train,4,Inspect Shelf,630,673,30.0,3752
238,11_1,dataset\raw\Videos_MERL_Shopping_Dataset\11_1_crop.mp4,train,4,Inspect Shelf,2373,2413,30.0,3752
239,11_1,dataset\raw\Videos_MERL_Shopping_Dataset\11_1_crop.mp4,train,4,Inspect Shelf,2529,2608,30.0,3752
240,11_1,dataset\raw\Videos_MERL_Shopping_Dataset\11_1_crop.mp4,train,4,Inspect Shelf,2762,2851,30.0,3752
241,11_1,dataset\raw\Videos_MERL_Shopping_Dataset\11_1_crop.mp4,train,4,Inspect Shelf,2852,2941,30.0,3752
242,11_2,dataset\raw\Videos_MERL_Shopping_Dataset\11_2_crop.mp4,train,0,Reach to Shelf,580,612,30.0,4779
243,11_2,dataset\raw\Videos_MERL_Shopping_Dataset\11_2_crop.mp4,train,0,Reach to Shelf,1033,1063,30.0,4779
244,11_2,dataset\raw\Videos_MERL_Shopping_Dataset\11_2_crop.mp4,train,0,Reach to Shelf,1281,1325,30.0,4779
245,11_2,dataset\raw\Videos_MERL_Shopping_Dataset\11_2_crop.mp4,train,0,Reach to Shelf,1525,1554,30.0,4779
246,11_2,dataset\raw\Videos_MERL_Shopping_Dataset\11_2_crop.mp4,train,0,Reach to Shelf,1775,1812,30.0,4779
247,11_2,dataset\raw\Videos_MERL_Shopping_Dataset\11_2_crop.mp4,train,0,Reach to Shelf,2461,2487,30.0,4779
248,11_2,dataset\raw\Videos_MERL_Shopping_Dataset\11_2_crop.mp4,train,0,Reach to Shelf,2975,3001,30.0,4779
249,11_2,dataset\raw\Videos_MERL_Shopping_Dataset\11_2_crop.mp4,train,0,Reach to Shelf,3128,3148,30.0,4779
250,11_2,dataset\raw\Videos_MERL_Shopping_Dataset\11_2_crop.mp4,train,0,Reach to Shelf,3254,3277,30.0,4779
251,11_2,dataset\raw\Videos_MERL_Shopping_Dataset\11_2_crop.mp4,train,0,Reach to Shelf,3498,3536,30.0,4779
252,11_2,dataset\raw\Videos_MERL_Shopping_Dataset\11_2_crop.mp4,train,0,Reach to Shelf,3925,3986,30.0,4779
253,11_2,dataset\raw\Videos_MERL_Shopping_Dataset\11_2_crop.mp4,train,0,Reach to Shelf,4017,4039,30.0,4779
254,11_2,dataset\raw\Videos_MERL_Shopping_Dataset\11_2_crop.mp4,train,0,Reach to Shelf,4229,4250,30.0,4779
255,11_2,dataset\raw\Videos_MERL_Shopping_Dataset\11_2_crop.mp4,train,0,Reach to Shelf,698,748,30.0,4779
256,11_2,dataset\raw\Videos_MERL_Shopping_Dataset\11_2_crop.mp4,train,0,Reach to Shelf,1682,1737,30.0,4779
257,11_2,dataset\raw\Videos_MERL_Shopping_Dataset\11_2_crop.mp4,train,0,Reach to Shelf,2045,2111,30.0,4779
258,11_2,dataset\raw\Videos_MERL_Shopping_Dataset\11_2_crop.mp4,train,0,Reach to Shelf,2721,2755,30.0,4779
259,11_2,dataset\raw\Videos_MERL_Shopping_Dataset\11_2_crop.mp4,train,0,Reach to Shelf,3048,3086,30.0,4779
260,11_2,dataset\raw\Videos_MERL_Shopping_Dataset\11_2_crop.mp4,train,1,Retract from Shelf,757,805,30.0,4779
261,11_2,dataset\raw\Videos_MERL_Shopping_Dataset\11_2_crop.mp4,train,1,Retract from Shelf,1439,1488,30.0,4779
262,11_2,dataset\raw\Videos_MERL_Shopping_Dataset\11_2_crop.mp4,train,1,Retract from Shelf,1738,1774,30.0,4779
263,11_2,dataset\raw\Videos_MERL_Shopping_Dataset\11_2_crop.mp4,train,1,Retract from Shelf,2112,2174,30.0,4779
264,11_2,dataset\raw\Videos_MERL_Shopping_Dataset\11_2_crop.mp4,train,1,Retract from Shelf,2759,2776,30.0,4779
265,11_2,dataset\raw\Videos_MERL_Shopping_Dataset\11_2_crop.mp4,train,1,Retract from Shelf,2892,2920,30.0,4779
266,11_2,dataset\raw\Videos_MERL_Shopping_Dataset\11_2_crop.mp4,train,1,Retract from Shelf,3087,3105,30.0,4779
267,11_2,dataset\raw\Videos_MERL_Shopping_Dataset\11_2_crop.mp4,train,1,Retract from Shelf,4142,4168,30.0,4779
268,11_2,dataset\raw\Videos_MERL_Shopping_Dataset\11_2_crop.mp4,train,1,Retract from Shelf,4598,4627,30.0,4779
269,11_2,dataset\raw\Videos_MERL_Shopping_Dataset\11_2_crop.mp4,train,1,Retract from Shelf,616,650,30.0,4779
270,11_2,dataset\raw\Videos_MERL_Shopping_Dataset\11_2_crop.mp4,train,1,Retract from Shelf,1557,1604,30.0,4779
271,11_2,dataset\raw\Videos_MERL_Shopping_Dataset\11_2_crop.mp4,train,1,Retract from Shelf,1817,1866,30.0,4779
272,11_2,dataset\raw\Videos_MERL_Shopping_Dataset\11_2_crop.mp4,train,1,Retract from Shelf,2528,2573,30.0,4779
273,11_2,dataset\raw\Videos_MERL_Shopping_Dataset\11_2_crop.mp4,train,1,Retract from Shelf,3005,3048,30.0,4779
274,11_2,dataset\raw\Videos_MERL_Shopping_Dataset\11_2_crop.mp4,train,2,Hand in Shelf,1072,1161,30.0,4779
275,11_2,dataset\raw\Videos_MERL_Shopping_Dataset\11_2_crop.mp4,train,2,Hand in Shelf,1162,1251,30.0,4779
276,11_2,dataset\raw\Videos_MERL_Shopping_Dataset\11_2_crop.mp4,train,2,Hand in Shelf,1252,1281,30.0,4779
277,11_2,dataset\raw\Videos_MERL_Shopping_Dataset\11_2_crop.mp4,train,2,Hand in Shelf,1325,1414,30.0,4779
278,11_2,dataset\raw\Videos_MERL_Shopping_Dataset\11_2_crop.mp4,train,2,Hand in Shelf,1415,1436,30.0,4779
279,11_2,dataset\raw\Videos_MERL_Shopping_Dataset\11_2_crop.mp4,train,2,Hand in Shelf,2492,2524,30.0,4779
280,11_2,dataset\raw\Videos_MERL_Shopping_Dataset\11_2_crop.mp4,train,2,Hand in Shelf,2782,2871,30.0,4779
281,11_2,dataset\raw\Videos_MERL_Shopping_Dataset\11_2_crop.mp4,train,2,Hand in Shelf,2872,2892,30.0,4779
282,11_2,dataset\raw\Videos_MERL_Shopping_Dataset\11_2_crop.mp4,train,2,Hand in Shelf,3149,3238,30.0,4779
283,11_2,dataset\raw\Videos_MERL_Shopping_Dataset\11_2_crop.mp4,train,2,Hand in Shelf,3283,3372,30.0,4779
284,11_2,dataset\raw\Videos_MERL_Shopping_Dataset\11_2_crop.mp4,train,2,Hand in Shelf,3373,3462,30.0,4779
285,11_2,dataset\raw\Videos_MERL_Shopping_Dataset\11_2_crop.mp4,train,2,Hand in Shelf,3463,3498,30.0,4779
286,11_2,dataset\raw\Videos_MERL_Shopping_Dataset\11_2_crop.mp4,train,2,Hand in Shelf,3538,3627,30.0,4779
287,11_2,dataset\raw\Videos_MERL_Shopping_Dataset\11_2_crop.mp4,train,2,Hand in Shelf,3628,3717,30.0,4779
288,11_2,dataset\raw\Videos_MERL_Shopping_Dataset\11_2_crop.mp4,train,2,Hand in Shelf,3718,3807,30.0,4779
289,11_2,dataset\raw\Videos_MERL_Shopping_Dataset\11_2_crop.mp4,train,2,Hand in Shelf,3808,3897,30.0,4779
290,11_2,dataset\raw\Videos_MERL_Shopping_Dataset\11_2_crop.mp4,train,2,Hand in Shelf,3898,3924,30.0,4779
291,11_2,dataset\raw\Videos_MERL_Shopping_Dataset\11_2_crop.mp4,train,2,Hand in Shelf,3984,4016,30.0,4779
292,11_2,dataset\raw\Videos_MERL_Shopping_Dataset\11_2_crop.mp4,train,2,Hand in Shelf,4040,4129,30.0,4779
293,11_2,dataset\raw\Videos_MERL_Shopping_Dataset\11_2_crop.mp4,train,2,Hand in Shelf,4254,4343,30.0,4779
294,11_2,dataset\raw\Videos_MERL_Shopping_Dataset\11_2_crop.mp4,train,2,Hand in Shelf,4344,4433,30.0,4779
295,11_2,dataset\raw\Videos_MERL_Shopping_Dataset\11_2_crop.mp4,train,2,Hand in Shelf,4434,4523,30.0,4779
296,11_2,dataset\raw\Videos_MERL_Shopping_Dataset\11_2_crop.mp4,train,2,Hand in Shelf,4524,4597,30.0,4779
297,11_2,dataset\raw\Videos_MERL_Shopping_Dataset\11_2_crop.mp4,train,3,Inspect Product,652,694,30.0,4779
298,11_2,dataset\raw\Videos_MERL_Shopping_Dataset\11_2_crop.mp4,train,3,Inspect Product,1607,1680,30.0,4779
299,11_2,dataset\raw\Videos_MERL_Shopping_Dataset\11_2_crop.mp4,train,3,Inspect Product,1870,1959,30.0,4779
300,11_2,dataset\raw\Videos_MERL_Shopping_Dataset\11_2_crop.mp4,train,3,Inspect Product,1960,2042,30.0,4779
301,11_2,dataset\raw\Videos_MERL_Shopping_Dataset\11_2_crop.mp4,train,3,Inspect Product,2574,2663,30.0,4779
302,11_2,dataset\raw\Videos_MERL_Shopping_Dataset\11_2_crop.mp4,train,3,Inspect Product,2664,2721,30.0,4779
303,11_2,dataset\raw\Videos_MERL_Shopping_Dataset\11_2_crop.mp4,train,4,Inspect Shelf,263,352,30.0,4779
304,11_2,dataset\raw\Videos_MERL_Shopping_Dataset\11_2_crop.mp4,train,4,Inspect Shelf,353,442,30.0,4779
305,11_2,dataset\raw\Videos_MERL_Shopping_Dataset\11_2_crop.mp4,train,4,Inspect Shelf,443,532,30.0,4779
306,11_2,dataset\raw\Videos_MERL_Shopping_Dataset\11_2_crop.mp4,train,4,Inspect Shelf,533,571,30.0,4779
307,11_2,dataset\raw\Videos_MERL_Shopping_Dataset\11_2_crop.mp4,train,4,Inspect Shelf,808,897,30.0,4779
308,11_2,dataset\raw\Videos_MERL_Shopping_Dataset\11_2_crop.mp4,train,4,Inspect Shelf,898,987,30.0,4779
309,11_2,dataset\raw\Videos_MERL_Shopping_Dataset\11_2_crop.mp4,train,4,Inspect Shelf,988,1032,30.0,4779
310,11_2,dataset\raw\Videos_MERL_Shopping_Dataset\11_2_crop.mp4,train,4,Inspect Shelf,1489,1524,30.0,4779
311,11_2,dataset\raw\Videos_MERL_Shopping_Dataset\11_2_crop.mp4,train,4,Inspect Shelf,2921,2973,30.0,4779
312,11_2,dataset\raw\Videos_MERL_Shopping_Dataset\11_2_crop.mp4,train,4,Inspect Shelf,3107,3127,30.0,4779
313,11_2,dataset\raw\Videos_MERL_Shopping_Dataset\11_2_crop.mp4,train,4,Inspect Shelf,4171,4227,30.0,4779
314,11_3,dataset\raw\Videos_MERL_Shopping_Dataset\11_3_crop.mp4,train,0,Reach to Shelf,233,256,30.0,3791
315,11_3,dataset\raw\Videos_MERL_Shopping_Dataset\11_3_crop.mp4,train,0,Reach to Shelf,473,510,30.0,3791
316,11_3,dataset\raw\Videos_MERL_Shopping_Dataset\11_3_crop.mp4,train,0,Reach to Shelf,684,716,30.0,3791
317,11_3,dataset\raw\Videos_MERL_Shopping_Dataset\11_3_crop.mp4,train,0,Reach to Shelf,1086,1119,30.0,3791
318,11_3,dataset\raw\Videos_MERL_Shopping_Dataset\11_3_crop.mp4,train,0,Reach to Shelf,1385,1418,30.0,3791
319,11_3,dataset\raw\Videos_MERL_Shopping_Dataset\11_3_crop.mp4,train,0,Reach to Shelf,1633,1650,30.0,3791
320,11_3,dataset\raw\Videos_MERL_Shopping_Dataset\11_3_crop.mp4,train,0,Reach to Shelf,2234,2251,30.0,3791
321,11_3,dataset\raw\Videos_MERL_Shopping_Dataset\11_3_crop.mp4,train,0,Reach to Shelf,2445,2477,30.0,3791
322,11_3,dataset\raw\Videos_MERL_Shopping_Dataset\11_3_crop.mp4,train,0,Reach to Shelf,2569,2613,30.0,3791
323,11_3,dataset\raw\Videos_MERL_Shopping_Dataset\11_3_crop.mp4,train,0,Reach to Shelf,2661,2707,30.0,3791
324,11_3,dataset\raw\Videos_MERL_Shopping_Dataset\11_3_crop.mp4,train,0,Reach to Shelf,3082,3106,30.0,3791
325,11_3,dataset\raw\Videos_MERL_Shopping_Dataset\11_3_crop.mp4,train,0,Reach to Shelf,3164,3186,30.0,3791
326,11_3,dataset\raw\Videos_MERL_Shopping_Dataset\11_3_crop.mp4,train,1,Retract from Shelf,306,346,30.0,3791
327,11_3,dataset\raw\Videos_MERL_Shopping_Dataset\11_3_crop.mp4,train,1,Retract from Shelf,751,840,30.0,3791
328,11_3,dataset\raw\Videos_MERL_Shopping_Dataset\11_3_crop.mp4,train,1,Retract from Shelf,1142,1189,30.0,3791
329,11_3,dataset\raw\Videos_MERL_Shopping_Dataset\11_3_crop.mp4,train,1,Retract from Shelf,1421,1510,30.0,3791
330,11_3,dataset\raw\Videos_MERL_Shopping_Dataset\11_3_crop.mp4,train,1,Retract from Shelf,1679,1734,30.0,3791
331,11_3,dataset\raw\Videos_MERL_Shopping_Dataset\11_3_crop.mp4,train,1,Retract from Shelf,2262,2329,30.0,3791
332,11_3,dataset\raw\Videos_MERL_Shopping_Dataset\11_3_crop.mp4,train,1,Retract from Shelf,2502,2566,30.0,3791
333,11_3,dataset\raw\Videos_MERL_Shopping_Dataset\11_3_crop.mp4,train,1,Retract from Shelf,2616,2659,30.0,3791
334,11_3,dataset\raw\Videos_MERL_Shopping_Dataset\11_3_crop.mp4,train,1,Retract from Shelf,2782,2813,30.0,3791
335,11_3,dataset\raw\Videos_MERL_Shopping_Dataset\11_3_crop.mp4,train,1,Retract from Shelf,3112,3158,30.0,3791
336,11_3,dataset\raw\Videos_MERL_Shopping_Dataset\11_3_crop.mp4,train,1,Retract from Shelf,3187,3225,30.0,3791
337,11_3,dataset\raw\Videos_MERL_Shopping_Dataset\11_3_crop.mp4,train,2,Hand in Shelf,258,303,30.0,3791
338,11_3,dataset\raw\Videos_MERL_Shopping_Dataset\11_3_crop.mp4,train,2,Hand in Shelf,510,599,30.0,3791
339,11_3,dataset\raw\Videos_MERL_Shopping_Dataset\11_3_crop.mp4,train,2,Hand in Shelf,600,684,30.0,3791
340,11_3,dataset\raw\Videos_MERL_Shopping_Dataset\11_3_crop.mp4,train,2,Hand in Shelf,716,750,30.0,3791
341,11_3,dataset\raw\Videos_MERL_Shopping_Dataset\11_3_crop.mp4,train,2,Hand in Shelf,1120,1141,30.0,3791
342,11_3,dataset\raw\Videos_MERL_Shopping_Dataset\11_3_crop.mp4,train,2,Hand in Shelf,1651,1679,30.0,3791
343,11_3,dataset\raw\Videos_MERL_Shopping_Dataset\11_3_crop.mp4,train,2,Hand in Shelf,2478,2501,30.0,3791
344,11_3,dataset\raw\Videos_MERL_Shopping_Dataset\11_3_crop.mp4,train,2,Hand in Shelf,2708,2782,30.0,3791
345,11_3,dataset\raw\Videos_MERL_Shopping_Dataset\11_3_crop.mp4,train,4,Inspect Shelf,348,437,30.0,3791
346,11_3,dataset\raw\Videos_MERL_Shopping_Dataset\11_3_crop.mp4,train,4,Inspect Shelf,438,473,30.0,3791
347,11_3,dataset\raw\Videos_MERL_Shopping_Dataset\11_3_crop.mp4,train,4,Inspect Shelf,843,932,30.0,3791
348,11_3,dataset\raw\Videos_MERL_Shopping_Dataset\11_3_crop.mp4,train,4,Inspect Shelf,933,1022,30.0,3791
349,11_3,dataset\raw\Videos_MERL_Shopping_Dataset\11_3_crop.mp4,train,4,Inspect Shelf,1023,1085,30.0,3791
350,11_3,dataset\raw\Videos_MERL_Shopping_Dataset\11_3_crop.mp4,train,4,Inspect Shelf,1191,1280,30.0,3791
351,11_3,dataset\raw\Videos_MERL_Shopping_Dataset\11_3_crop.mp4,train,4,Inspect Shelf,1281,1370,30.0,3791
352,11_3,dataset\raw\Videos_MERL_Shopping_Dataset\11_3_crop.mp4,train,4,Inspect Shelf,1520,1609,30.0,3791
353,11_3,dataset\raw\Videos_MERL_Shopping_Dataset\11_3_crop.mp4,train,4,Inspect Shelf,1610,1631,30.0,3791
354,11_3,dataset\raw\Videos_MERL_Shopping_Dataset\11_3_crop.mp4,train,4,Inspect Shelf,1735,1824,30.0,3791
355,11_3,dataset\raw\Videos_MERL_Shopping_Dataset\11_3_crop.mp4,train,4,Inspect Shelf,1825,1851,30.0,3791
356,11_3,dataset\raw\Videos_MERL_Shopping_Dataset\11_3_crop.mp4,train,4,Inspect Shelf,2331,2420,30.0,3791
357,11_3,dataset\raw\Videos_MERL_Shopping_Dataset\11_3_crop.mp4,train,4,Inspect Shelf,2421,2443,30.0,3791
358,11_3,dataset\raw\Videos_MERL_Shopping_Dataset\11_3_crop.mp4,train,4,Inspect Shelf,2814,2903,30.0,3791
359,11_3,dataset\raw\Videos_MERL_Shopping_Dataset\11_3_crop.mp4,train,4,Inspect Shelf,2904,2993,30.0,3791
360,11_3,dataset\raw\Videos_MERL_Shopping_Dataset\11_3_crop.mp4,train,4,Inspect Shelf,2994,3080,30.0,3791
361,11_3,dataset\raw\Videos_MERL_Shopping_Dataset\11_3_crop.mp4,train,4,Inspect Shelf,3226,3315,30.0,3791
362,11_3,dataset\raw\Videos_MERL_Shopping_Dataset\11_3_crop.mp4,train,4,Inspect Shelf,3316,3405,30.0,3791
363,11_3,dataset\raw\Videos_MERL_Shopping_Dataset\11_3_crop.mp4,train,4,Inspect Shelf,3406,3495,30.0,3791
364,11_3,dataset\raw\Videos_MERL_Shopping_Dataset\11_3_crop.mp4,train,4,Inspect Shelf,3496,3581,30.0,3791
365,12_1,dataset\raw\Videos_MERL_Shopping_Dataset\12_1_crop.mp4,train,0,Reach to Shelf,192,223,30.0,3782
366,12_1,dataset\raw\Videos_MERL_Shopping_Dataset\12_1_crop.mp4,train,0,Reach to Shelf,505,530,30.0,3782
367,12_1,dataset\raw\Videos_MERL_Shopping_Dataset\12_1_crop.mp4,train,0,Reach to Shelf,640,674,30.0,3782
368,12_1,dataset\raw\Videos_MERL_Shopping_Dataset\12_1_crop.mp4,train,0,Reach to Shelf,918,940,30.0,3782
369,12_1,dataset\raw\Videos_MERL_Shopping_Dataset\12_1_crop.mp4,train,0,Reach to Shelf,1238,1254,30.0,3782
370,12_1,dataset\raw\Videos_MERL_Shopping_Dataset\12_1_crop.mp4,train,0,Reach to Shelf,1376,1398,30.0,3782
371,12_1,dataset\raw\Videos_MERL_Shopping_Dataset\12_1_crop.mp4,train,0,Reach to Shelf,1648,1677,30.0,3782
372,12_1,dataset\raw\Videos_MERL_Shopping_Dataset\12_1_crop.mp4,train,0,Reach to Shelf,2066,2088,30.0,3782
373,12_1,dataset\raw\Videos_MERL_Shopping_Dataset\12_1_crop.mp4,train,0,Reach to Shelf,2369,2394,30.0,3782
374,12_1,dataset\raw\Videos_MERL_Shopping_Dataset\12_1_crop.mp4,train,0,Reach to Shelf,2788,2808,30.0,3782
375,12_1,dataset\raw\Videos_MERL_Shopping_Dataset\12_1_crop.mp4,train,0,Reach to Shelf,3009,3032,30.0,3782
376,12_1,dataset\raw\Videos_MERL_Shopping_Dataset\12_1_crop.mp4,train,0,Reach to Shelf,3235,3264,30.0,3782
377,12_1,dataset\raw\Videos_MERL_Shopping_Dataset\12_1_crop.mp4,train,0,Reach to Shelf,412,447,30.0,3782
378,12_1,dataset\raw\Videos_MERL_Shopping_Dataset\12_1_crop.mp4,train,0,Reach to Shelf,819,850,30.0,3782
379,12_1,dataset\raw\Videos_MERL_Shopping_Dataset\12_1_crop.mp4,train,0,Reach to Shelf,1130,1156,30.0,3782
380,12_1,dataset\raw\Videos_MERL_Shopping_Dataset\12_1_crop.mp4,train,0,Reach to Shelf,2269,2293,30.0,3782
381,12_1,dataset\raw\Videos_MERL_Shopping_Dataset\12_1_crop.mp4,train,0,Reach to Shelf,2929,2947,30.0,3782
382,12_1,dataset\raw\Videos_MERL_Shopping_Dataset\12_1_crop.mp4,train,0,Reach to Shelf,3142,3229,30.0,3782
383,12_1,dataset\raw\Videos_MERL_Shopping_Dataset\12_1_crop.mp4,train,1,Retract from Shelf,564,589,30.0,3782
384,12_1,dataset\raw\Videos_MERL_Shopping_Dataset\12_1_crop.mp4,train,1,Retract from Shelf,852,872,30.0,3782
385,12_1,dataset\raw\Videos_MERL_Shopping_Dataset\12_1_crop.mp4,train,1,Retract from Shelf,1158,1179,30.0,3782
386,12_1,dataset\raw\Videos_MERL_Shopping_Dataset\12_1_crop.mp4,train,1,Retract from Shelf,2949,2971,30.0,3782
387,12_1,dataset\raw\Videos_MERL_Shopping_Dataset\12_1_crop.mp4,train,1,Retract from Shelf,231,265,30.0,3782
388,12_1,dataset\raw\Videos_MERL_Shopping_Dataset\12_1_crop.mp4,train,1,Retract from Shelf,677,710,30.0,3782
389,12_1,dataset\raw\Videos_MERL_Shopping_Dataset\12_1_crop.mp4,train,1,Retract from Shelf,941,1003,30.0,3782
390,12_1,dataset\raw\Videos_MERL_Shopping_Dataset\12_1_crop.mp4,train,1,Retract from Shelf,1258,1304,30.0,3782
391,12_1,dataset\raw\Videos_MERL_Shopping_Dataset\12_1_crop.mp4,train,1,Retract from Shelf,1401,1439,30.0,3782
392,12_1,dataset\raw\Videos_MERL_Shopping_Dataset\12_1_crop.mp4,train,1,Retract from Shelf,1684,1719,30.0,3782
393,12_1,dataset\raw\Videos_MERL_Shopping_Dataset\12_1_crop.mp4,train,1,Retract from Shelf,2089,2125,30.0,3782
394,12_1,dataset\raw\Videos_MERL_Shopping_Dataset\12_1_crop.mp4,train,1,Retract from Shelf,2398,2437,30.0,3782
395,12_1,dataset\raw\Videos_MERL_Shopping_Dataset\12_1_crop.mp4,train,1,Retract from Shelf,2811,2845,30.0,3782
396,12_1,dataset\raw\Videos_MERL_Shopping_Dataset\12_1_crop.mp4,train,1,Retract from Shelf,3041,3068,30.0,3782
397,12_1,dataset\raw\Videos_MERL_Shopping_Dataset\12_1_crop.mp4,train,1,Retract from Shelf,3265,3319,30.0,3782
398,12_1,dataset\raw\Videos_MERL_Shopping_Dataset\12_1_crop.mp4,train,2,Hand in Shelf,457,531,30.0,3782
399,12_1,dataset\raw\Videos_MERL_Shopping_Dataset\12_1_crop.mp4,train,3,Inspect Product,264,353,30.0,3782
400,12_1,dataset\raw\Videos_MERL_Shopping_Dataset\12_1_crop.mp4,train,3,Inspect Product,354,408,30.0,3782
401,12_1,dataset\raw\Videos_MERL_Shopping_Dataset\12_1_crop.mp4,train,3,Inspect Product,712,801,30.0,3782
402,12_1,dataset\raw\Videos_MERL_Shopping_Dataset\12_1_crop.mp4,train,3,Inspect Product,802,816,30.0,3782
403,12_1,dataset\raw\Videos_MERL_Shopping_Dataset\12_1_crop.mp4,train,3,Inspect Product,1003,1092,30.0,3782
404,12_1,dataset\raw\Videos_MERL_Shopping_Dataset\12_1_crop.mp4,train,3,Inspect Product,1304,1358,30.0,3782
405,12_1,dataset\raw\Videos_MERL_Shopping_Dataset\12_1_crop.mp4,train,3,Inspect Product,1441,1530,30.0,3782
406,12_1,dataset\raw\Videos_MERL_Shopping_Dataset\12_1_crop.mp4,train,3,Inspect Product,1531,1548,30.0,3782
407,12_1,dataset\raw\Videos_MERL_Shopping_Dataset\12_1_crop.mp4,train,3,Inspect Product,2125,2214,30.0,3782
408,12_1,dataset\raw\Videos_MERL_Shopping_Dataset\12_1_crop.mp4,train,3,Inspect Product,2438,2527,30.0,3782
409,12_1,dataset\raw\Videos_MERL_Shopping_Dataset\12_1_crop.mp4,train,3,Inspect Product,2528,2546,30.0,3782
410,12_1,dataset\raw\Videos_MERL_Shopping_Dataset\12_1_crop.mp4,train,3,Inspect Product,2848,2926,30.0,3782
411,12_1,dataset\raw\Videos_MERL_Shopping_Dataset\12_1_crop.mp4,train,3,Inspect Product,3071,3138,30.0,3782
412,12_1,dataset\raw\Videos_MERL_Shopping_Dataset\12_1_crop.mp4,train,3,Inspect Product,3319,3408,30.0,3782
413,12_1,dataset\raw\Videos_MERL_Shopping_Dataset\12_1_crop.mp4,train,3,Inspect Product,3409,3498,30.0,3782
414,12_1,dataset\raw\Videos_MERL_Shopping_Dataset\12_1_crop.mp4,train,3,Inspect Product,3499,3514,30.0,3782
415,12_1,dataset\raw\Videos_MERL_Shopping_Dataset\12_1_crop.mp4,train,4,Inspect Shelf,596,630,30.0,3782
416,12_1,dataset\raw\Videos_MERL_Shopping_Dataset\12_1_crop.mp4,train,4,Inspect Shelf,877,910,30.0,3782
417,12_1,dataset\raw\Videos_MERL_Shopping_Dataset\12_1_crop.mp4,train,4,Inspect Shelf,1215,1234,30.0,3782
418,12_1,dataset\raw\Videos_MERL_Shopping_Dataset\12_1_crop.mp4,train,4,Inspect Shelf,1551,1640,30.0,3782
419,12_1,dataset\raw\Videos_MERL_Shopping_Dataset\12_1_crop.mp4,train,4,Inspect Shelf,2312,2366,30.0,3782
420,12_1,dataset\raw\Videos_MERL_Shopping_Dataset\12_1_crop.mp4,train,4,Inspect Shelf,2549,2638,30.0,3782
421,12_1,dataset\raw\Videos_MERL_Shopping_Dataset\12_1_crop.mp4,train,4,Inspect Shelf,2639,2728,30.0,3782
422,12_1,dataset\raw\Videos_MERL_Shopping_Dataset\12_1_crop.mp4,train,4,Inspect Shelf,2729,2785,30.0,3782
423,12_1,dataset\raw\Videos_MERL_Shopping_Dataset\12_1_crop.mp4,train,4,Inspect Shelf,2975,3008,30.0,3782
424,12_2,dataset\raw\Videos_MERL_Shopping_Dataset\12_2_crop.mp4,train,0,Reach to Shelf,201,219,30.0,4224
425,12_2,dataset\raw\Videos_MERL_Shopping_Dataset\12_2_crop.mp4,train,0,Reach to Shelf,368,395,30.0,4224
426,12_2,dataset\raw\Videos_MERL_Shopping_Dataset\12_2_crop.mp4,train,0,Reach to Shelf,580,604,30.0,4224
427,12_2,dataset\raw\Videos_MERL_Shopping_Dataset\12_2_crop.mp4,train,0,Reach to Shelf,809,835,30.0,4224
428,12_2,dataset\raw\Videos_MERL_Shopping_Dataset\12_2_crop.mp4,train,0,Reach to Shelf,1099,1116,30.0,4224
429,12_2,dataset\raw\Videos_MERL_Shopping_Dataset\12_2_crop.mp4,train,0,Reach to Shelf,1358,1408,30.0,4224
430,12_2,dataset\raw\Videos_MERL_Shopping_Dataset\12_2_crop.mp4,train,0,Reach to Shelf,1636,1659,30.0,4224
431,12_2,dataset\raw\Videos_MERL_Shopping_Dataset\12_2_crop.mp4,train,0,Reach to Shelf,2101,2123,30.0,4224
432,12_2,dataset\raw\Videos_MERL_Shopping_Dataset\12_2_crop.mp4,train,0,Reach to Shelf,2464,2486,30.0,4224
433,12_2,dataset\raw\Videos_MERL_Shopping_Dataset\12_2_crop.mp4,train,0,Reach to Shelf,2717,2737,30.0,4224
434,12_2,dataset\raw\Videos_MERL_Shopping_Dataset\12_2_crop.mp4,train,0,Reach to Shelf,3107,3133,30.0,4224
435,12_2,dataset\raw\Videos_MERL_Shopping_Dataset\12_2_crop.mp4,train,0,Reach to Shelf,3822,3857,30.0,4224
436,12_2,dataset\raw\Videos_MERL_Shopping_Dataset\12_2_crop.mp4,train,0,Reach to Shelf,4017,4036,30.0,4224
437,12_2,dataset\raw\Videos_MERL_Shopping_Dataset\12_2_crop.mp4,train,0,Reach to Shelf,292,330,30.0,4224
438,12_2,dataset\raw\Videos_MERL_Shopping_Dataset\12_2_crop.mp4,train,0,Reach to Shelf,484,517,30.0,4224
439,12_2,dataset\raw\Videos_MERL_Shopping_Dataset\12_2_crop.mp4,train,0,Reach to Shelf,893,925,30.0,4224
440,12_2,dataset\raw\Videos_MERL_Shopping_Dataset\12_2_crop.mp4,train,0,Reach to Shelf,984,1012,30.0,4224
441,12_2,dataset\raw\Videos_MERL_Shopping_Dataset\12_2_crop.mp4,train,0,Reach to Shelf,1222,1257,30.0,4224
442,12_2,dataset\raw\Videos_MERL_Shopping_Dataset\12_2_crop.mp4,train,0,Reach to Shelf,1556,1581,30.0,4224
443,12_2,dataset\raw\Videos_MERL_Shopping_Dataset\12_2_crop.mp4,train,0,Reach to Shelf,2202,2246,30.0,4224
444,12_2,dataset\raw\Videos_MERL_Shopping_Dataset\12_2_crop.mp4,train,0,Reach to Shelf,2947,2989,30.0,4224
445,12_2,dataset\raw\Videos_MERL_Shopping_Dataset\12_2_crop.mp4,train,0,Reach to Shelf,3226,3272,30.0,4224
446,12_2,dataset\raw\Videos_MERL_Shopping_Dataset\12_2_crop.mp4,train,1,Retract from Shelf,331,351,30.0,4224
447,12_2,dataset\raw\Videos_MERL_Shopping_Dataset\12_2_crop.mp4,train,1,Retract from Shelf,518,537,30.0,4224
448,12_2,dataset\raw\Videos_MERL_Shopping_Dataset\12_2_crop.mp4,train,1,Retract from Shelf,690,719,30.0,4224
449,12_2,dataset\raw\Videos_MERL_Shopping_Dataset\12_2_crop.mp4,train,1,Retract from Shelf,723,742,30.0,4224
450,12_2,dataset\raw\Videos_MERL_Shopping_Dataset\12_2_crop.mp4,train,1,Retract from Shelf,1014,1034,30.0,4224
451,12_2,dataset\raw\Videos_MERL_Shopping_Dataset\12_2_crop.mp4,train,1,Retract from Shelf,1258,1299,30.0,4224
452,12_2,dataset\raw\Videos_MERL_Shopping_Dataset\12_2_crop.mp4,train,1,Retract from Shelf,1582,1607,30.0,4224
453,12_2,dataset\raw\Videos_MERL_Shopping_Dataset\12_2_crop.mp4,train,1,Retract from Shelf,2249,2268,30.0,4224
454,12_2,dataset\raw\Videos_MERL_Shopping_Dataset\12_2_crop.mp4,train,1,Retract from Shelf,2562,2588,30.0,4224
455,12_2,dataset\raw\Videos_MERL_Shopping_Dataset\12_2_crop.mp4,train,1,Retract from Shelf,2990,3005,30.0,4224
456,12_2,dataset\raw\Videos_MERL_Shopping_Dataset\12_2_crop.mp4,train,1,Retract from Shelf,3272,3299,30.0,4224
457,12_2,dataset\raw\Videos_MERL_Shopping_Dataset\12_2_crop.mp4,train,1,Retract from Shelf,220,261,30.0,4224
458,12_2,dataset\raw\Videos_MERL_Shopping_Dataset\12_2_crop.mp4,train,1,Retract from Shelf,398,449,30.0,4224
459,12_2,dataset\raw\Videos_MERL_Shopping_Dataset\12_2_crop.mp4,train,1,Retract from Shelf,836,891,30.0,4224
460,12_2,dataset\raw\Videos_MERL_Shopping_Dataset\12_2_crop.mp4,train,1,Retract from Shelf,950,984,30.0,4224
461,12_2,dataset\raw\Videos_MERL_Shopping_Dataset\12_2_crop.mp4,train,1,Retract from Shelf,1118,1152,30.0,4224
462,12_2,dataset\raw\Videos_MERL_Shopping_Dataset\12_2_crop.mp4,train,1,Retract from Shelf,1411,1444,30.0,4224
463,12_2,dataset\raw\Videos_MERL_Shopping_Dataset\12_2_crop.mp4,train,1,Retract from Shelf,1661,1689,30.0,4224
464,12_2,dataset\raw\Videos_MERL_Shopping_Dataset\12_2_crop.mp4,train,1,Retract from Shelf,2125,2158,30.0,4224
465,12_2,dataset\raw\Videos_MERL_Shopping_Dataset\12_2_crop.mp4,train,1,Retract from Shelf,2737,2773,30.0,4224
466,12_2,dataset\raw\Videos_MERL_Shopping_Dataset\12_2_crop.mp4,train,1,Retract from Shelf,3134,3171,30.0,4224
467,12_2,dataset\raw\Videos_MERL_Shopping_Dataset\12_2_crop.mp4,train,1,Retract from Shelf,3856,3919,30.0,4224
468,12_2,dataset\raw\Videos_MERL_Shopping_Dataset\12_2_crop.mp4,train,1,Retract from Shelf,4037,4072,30.0,4224
469,12_2,dataset\raw\Videos_MERL_Shopping_Dataset\12_2_crop.mp4,train,2,Hand in Shelf,605,689,30.0,4224
470,12_2,dataset\raw\Videos_MERL_Shopping_Dataset\12_2_crop.mp4,train,2,Hand in Shelf,927,949,30.0,4224
471,12_2,dataset\raw\Videos_MERL_Shopping_Dataset\12_2_crop.mp4,train,2,Hand in Shelf,2489,2561,30.0,4224
472,12_2,dataset\raw\Videos_MERL_Shopping_Dataset\12_2_crop.mp4,train,3,Inspect Product,262,290,30.0,4224
473,12_2,dataset\raw\Videos_MERL_Shopping_Dataset\12_2_crop.mp4,train,3,Inspect Product,451,482,30.0,4224
474,12_2,dataset\raw\Videos_MERL_Shopping_Dataset\12_2_crop.mp4,train,3,Inspect Product,690,718,30.0,4224
475,12_2,dataset\raw\Videos_MERL_Shopping_Dataset\12_2_crop.mp4,train,3,Inspect Product,1156,1219,30.0,4224
476,12_2,dataset\raw\Videos_MERL_Shopping_Dataset\12_2_crop.mp4,train,3,Inspect Product,1446,1535,30.0,4224
477,12_2,dataset\raw\Videos_MERL_Shopping_Dataset\12_2_crop.mp4,train,3,Inspect Product,1536,1555,30.0,4224
478,12_2,dataset\raw\Videos_MERL_Shopping_Dataset\12_2_crop.mp4,train,3,Inspect Product,1691,1762,30.0,4224
479,12_2,dataset\raw\Videos_MERL_Shopping_Dataset\12_2_crop.mp4,train,3,Inspect Product,2160,2201,30.0,4224
480,12_2,dataset\raw\Videos_MERL_Shopping_Dataset\12_2_crop.mp4,train,3,Inspect Product,2774,2863,30.0,4224
481,12_2,dataset\raw\Videos_MERL_Shopping_Dataset\12_2_crop.mp4,train,3,Inspect Product,2864,2947,30.0,4224
482,12_2,dataset\raw\Videos_MERL_Shopping_Dataset\12_2_crop.mp4,train,3,Inspect Product,3172,3224,30.0,4224
483,12_2,dataset\raw\Videos_MERL_Shopping_Dataset\12_2_crop.mp4,train,3,Inspect Product,3921,4010,30.0,4224
484,12_2,dataset\raw\Videos_MERL_Shopping_Dataset\12_2_crop.mp4,train,4,Inspect Shelf,540,580,30.0,4224
485,12_2,dataset\raw\Videos_MERL_Shopping_Dataset\12_2_crop.mp4,train,4,Inspect Shelf,745,807,30.0,4224
486,12_2,dataset\raw\Videos_MERL_Shopping_Dataset\12_2_crop.mp4,train,4,Inspect Shelf,1036,1097,30.0,4224
487,12_2,dataset\raw\Videos_MERL_Shopping_Dataset\12_2_crop.mp4,train,4,Inspect Shelf,1300,1357,30.0,4224
488,12_2,dataset\raw\Videos_MERL_Shopping_Dataset\12_2_crop.mp4,train,4,Inspect Shelf,1608,1635,30.0,4224
489,12_2,dataset\raw\Videos_MERL_Shopping_Dataset\12_2_crop.mp4,train,4,Inspect Shelf,2269,2358,30.0,4224
490,12_2,dataset\raw\Videos_MERL_Shopping_Dataset\12_2_crop.mp4,train,4,Inspect Shelf,2359,2448,30.0,4224
491,12_2,dataset\raw\Videos_MERL_Shopping_Dataset\12_2_crop.mp4,train,4,Inspect Shelf,2590,2679,30.0,4224
492,12_2,dataset\raw\Videos_MERL_Shopping_Dataset\12_2_crop.mp4,train,4,Inspect Shelf,2680,2714,30.0,4224
493,12_2,dataset\raw\Videos_MERL_Shopping_Dataset\12_2_crop.mp4,train,4,Inspect Shelf,3004,3093,30.0,4224
494,12_2,dataset\raw\Videos_MERL_Shopping_Dataset\12_2_crop.mp4,train,4,Inspect Shelf,3299,3388,30.0,4224
495,12_2,dataset\raw\Videos_MERL_Shopping_Dataset\12_2_crop.mp4,train,4,Inspect Shelf,3389,3478,30.0,4224
496,12_2,dataset\raw\Videos_MERL_Shopping_Dataset\12_2_crop.mp4,train,4,Inspect Shelf,3479,3512,30.0,4224
497,12_3,dataset\raw\Videos_MERL_Shopping_Dataset\12_3_crop.mp4,train,0,Reach to Shelf,294,343,30.0,3890
498,12_3,dataset\raw\Videos_MERL_Shopping_Dataset\12_3_crop.mp4,train,0,Reach to Shelf,436,474,30.0,3890
499,12_3,dataset\raw\Videos_MERL_Shopping_Dataset\12_3_crop.mp4,train,0,Reach to Shelf,586,631,30.0,3890
500,12_3,dataset\raw\Videos_MERL_Shopping_Dataset\12_3_crop.mp4,train,0,Reach to Shelf,838,885,30.0,3890
501,12_3,dataset\raw\Videos_MERL_Shopping_Dataset\12_3_crop.mp4,train,0,Reach to Shelf,1132,1162,30.0,3890
502,12_3,dataset\raw\Videos_MERL_Shopping_Dataset\12_3_crop.mp4,train,0,Reach to Shelf,1421,1455,30.0,3890
503,12_3,dataset\raw\Videos_MERL_Shopping_Dataset\12_3_crop.mp4,train,0,Reach to Shelf,2099,2124,30.0,3890
504,12_3,dataset\raw\Videos_MERL_Shopping_Dataset\12_3_crop.mp4,train,0,Reach to Shelf,2263,2278,30.0,3890
505,12_3,dataset\raw\Videos_MERL_Shopping_Dataset\12_3_crop.mp4,train,0,Reach to Shelf,2544,2585,30.0,3890
506,12_3,dataset\raw\Videos_MERL_Shopping_Dataset\12_3_crop.mp4,train,0,Reach to Shelf,2659,2690,30.0,3890
507,12_3,dataset\raw\Videos_MERL_Shopping_Dataset\12_3_crop.mp4,train,0,Reach to Shelf,2928,2976,30.0,3890
508,12_3,dataset\raw\Videos_MERL_Shopping_Dataset\12_3_crop.mp4,train,0,Reach to Shelf,3136,3185,30.0,3890
509,12_3,dataset\raw\Videos_MERL_Shopping_Dataset\12_3_crop.mp4,train,0,Reach to Shelf,3424,3462,30.0,3890
510,12_3,dataset\raw\Videos_MERL_Shopping_Dataset\12_3_crop.mp4,train,1,Retract from Shelf,1683,1702,30.0,3890
511,12_3,dataset\raw\Videos_MERL_Shopping_Dataset\12_3_crop.mp4,train,1,Retract from Shelf,396,436,30.0,3890
512,12_3,dataset\raw\Videos_MERL_Shopping_Dataset\12_3_crop.mp4,train,1,Retract from Shelf,515,549,30.0,3890
513,12_3,dataset\raw\Videos_MERL_Shopping_Dataset\12_3_crop.mp4,train,1,Retract from Shelf,703,744,30.0,3890
514,12_3,dataset\raw\Videos_MERL_Shopping_Dataset\12_3_crop.mp4,train,1,Retract from Shelf,896,921,30.0,3890
515,12_3,dataset\raw\Videos_MERL_Shopping_Dataset\12_3_crop.mp4,train,1,Retract from Shelf,1163,1214,30.0,3890
516,12_3,dataset\raw\Videos_MERL_Shopping_Dataset\12_3_crop.mp4,train,1,Retract from Shelf,1458,1499,30.0,3890
517,12_3,dataset\raw\Videos_MERL_Shopping_Dataset\12_3_crop.mp4,train,1,Retract from Shelf,2127,2163,30.0,3890
518,12_3,dataset\raw\Videos_MERL_Shopping_Dataset\12_3_crop.mp4,train,1,Retract from Shelf,2278,2326,30.0,3890
519,12_3,dataset\raw\Videos_MERL_Shopping_Dataset\12_3_crop.mp4,train,1,Retract from Shelf,2612,2649,30.0,3890
520,12_3,dataset\raw\Videos_MERL_Shopping_Dataset\12_3_crop.mp4,train,1,Retract from Shelf,2695,2731,30.0,3890
521,12_3,dataset\raw\Videos_MERL_Shopping_Dataset\12_3_crop.mp4,train,1,Retract from Shelf,3001,3036,30.0,3890
522,12_3,dataset\raw\Videos_MERL_Shopping_Dataset\12_3_crop.mp4,train,1,Retract from Shelf,3191,3221,30.0,3890
523,12_3,dataset\raw\Videos_MERL_Shopping_Dataset\12_3_crop.mp4,train,1,Retract from Shelf,3551,3616,30.0,3890
524,12_3,dataset\raw\Videos_MERL_Shopping_Dataset\12_3_crop.mp4,train,1,Retract from Shelf,1704,1722,30.0,3890
525,12_3,dataset\raw\Videos_MERL_Shopping_Dataset\12_3_crop.mp4,train,2,Hand in Shelf,346,395,30.0,3890
526,12_3,dataset\raw\Videos_MERL_Shopping_Dataset\12_3_crop.mp4,train,2,Hand in Shelf,476,514,30.0,3890
527,12_3,dataset\raw\Videos_MERL_Shopping_Dataset\12_3_crop.mp4,train,2,Hand in Shelf,639,702,30.0,3890
528,12_3,dataset\raw\Videos_MERL_Shopping_Dataset\12_3_crop.mp4,train,2,Hand in Shelf,2586,2611,30.0,3890
529,12_3,dataset\raw\Videos_MERL_Shopping_Dataset\12_3_crop.mp4,train,2,Hand in Shelf,2976,3000,30.0,3890
530,12_3,dataset\raw\Videos_MERL_Shopping_Dataset\12_3_crop.mp4,train,2,Hand in Shelf,3462,3551,30.0,3890
531,12_3,dataset\raw\Videos_MERL_Shopping_Dataset\12_3_crop.mp4,train,3,Inspect Product,923,996,30.0,3890
532,12_3,dataset\raw\Videos_MERL_Shopping_Dataset\12_3_crop.mp4,train,3,Inspect Product,1215,1258,30.0,3890
533,12_3,dataset\raw\Videos_MERL_Shopping_Dataset\12_3_crop.mp4,train,3,Inspect Product,1501,1590,30.0,3890
534,12_3,dataset\raw\Videos_MERL_Shopping_Dataset\12_3_crop.mp4,train,3,Inspect Product,1591,1680,30.0,3890
535,12_3,dataset\raw\Videos_MERL_Shopping_Dataset\12_3_crop.mp4,train,3,Inspect Product,2167,2223,30.0,3890
536,12_3,dataset\raw\Videos_MERL_Shopping_Dataset\12_3_crop.mp4,train,3,Inspect Product,2731,2759,30.0,3890
537,12_3,dataset\raw\Videos_MERL_Shopping_Dataset\12_3_crop.mp4,train,3,Inspect Product,3616,3676,30.0,3890
538,12_3,dataset\raw\Videos_MERL_Shopping_Dataset\12_3_crop.mp4,train,4,Inspect Shelf,243,293,30.0,3890
539,12_3,dataset\raw\Videos_MERL_Shopping_Dataset\12_3_crop.mp4,train,4,Inspect Shelf,553,583,30.0,3890
540,12_3,dataset\raw\Videos_MERL_Shopping_Dataset\12_3_crop.mp4,train,4,Inspect Shelf,748,835,30.0,3890
541,12_3,dataset\raw\Videos_MERL_Shopping_Dataset\12_3_crop.mp4,train,4,Inspect Shelf,1033,1122,30.0,3890
542,12_3,dataset\raw\Videos_MERL_Shopping_Dataset\12_3_crop.mp4,train,4,Inspect Shelf,1322,1411,30.0,3890
543,12_3,dataset\raw\Videos_MERL_Shopping_Dataset\12_3_crop.mp4,train,4,Inspect Shelf,1722,1811,30.0,3890
544,12_3,dataset\raw\Videos_MERL_Shopping_Dataset\12_3_crop.mp4,train,4,Inspect Shelf,1812,1842,30.0,3890
545,12_3,dataset\raw\Videos_MERL_Shopping_Dataset\12_3_crop.mp4,train,4,Inspect Shelf,2327,2416,30.0,3890
546,12_3,dataset\raw\Videos_MERL_Shopping_Dataset\12_3_crop.mp4,train,4,Inspect Shelf,2417,2506,30.0,3890
547,12_3,dataset\raw\Videos_MERL_Shopping_Dataset\12_3_crop.mp4,train,4,Inspect Shelf,2507,2544,30.0,3890
548,12_3,dataset\raw\Videos_MERL_Shopping_Dataset\12_3_crop.mp4,train,4,Inspect Shelf,2759,2848,30.0,3890
549,12_3,dataset\raw\Videos_MERL_Shopping_Dataset\12_3_crop.mp4,train,4,Inspect Shelf,2849,2927,30.0,3890
550,12_3,dataset\raw\Videos_MERL_Shopping_Dataset\12_3_crop.mp4,train,4,Inspect Shelf,3038,3127,30.0,3890
551,12_3,dataset\raw\Videos_MERL_Shopping_Dataset\12_3_crop.mp4,train,4,Inspect Shelf,3295,3384,30.0,3890
552,12_3,dataset\raw\Videos_MERL_Shopping_Dataset\12_3_crop.mp4,train,4,Inspect Shelf,3385,3422,30.0,3890
553,13_1,dataset\raw\Videos_MERL_Shopping_Dataset\13_1_crop.mp4,train,0,Reach to Shelf,611,629,30.0,4006
554,13_1,dataset\raw\Videos_MERL_Shopping_Dataset\13_1_crop.mp4,train,0,Reach to Shelf,1032,1051,30.0,4006
555,13_1,dataset\raw\Videos_MERL_Shopping_Dataset\13_1_crop.mp4,train,0,Reach to Shelf,1326,1344,30.0,4006
556,13_1,dataset\raw\Videos_MERL_Shopping_Dataset\13_1_crop.mp4,train,0,Reach to Shelf,1913,1946,30.0,4006
557,13_1,dataset\raw\Videos_MERL_Shopping_Dataset\13_1_crop.mp4,train,0,Reach to Shelf,2672,2715,30.0,4006
558,13_1,dataset\raw\Videos_MERL_Shopping_Dataset\13_1_crop.mp4,train,0,Reach to Shelf,3038,3054,30.0,4006
559,13_1,dataset\raw\Videos_MERL_Shopping_Dataset\13_1_crop.mp4,train,0,Reach to Shelf,3169,3190,30.0,4006
560,13_1,dataset\raw\Videos_MERL_Shopping_Dataset\13_1_crop.mp4,train,0,Reach to Shelf,3396,3430,30.0,4006
561,13_1,dataset\raw\Videos_MERL_Shopping_Dataset\13_1_crop.mp4,train,0,Reach to Shelf,1563,1592,30.0,4006
562,13_1,dataset\raw\Videos_MERL_Shopping_Dataset\13_1_crop.mp4,train,0,Reach to Shelf,2958,3014,30.0,4006
563,13_1,dataset\raw\Videos_MERL_Shopping_Dataset\13_1_crop.mp4,train,0,Reach to Shelf,3652,3682,30.0,4006
564,13_1,dataset\raw\Videos_MERL_Shopping_Dataset\13_1_crop.mp4,train,1,Retract from Shelf,1596,1629,30.0,4006
565,13_1,dataset\raw\Videos_MERL_Shopping_Dataset\13_1_crop.mp4,train,1,Retract from Shelf,3017,3033,30.0,4006
566,13_1,dataset\raw\Videos_MERL_Shopping_Dataset\13_1_crop.mp4,train,1,Retract from Shelf,3683,3699,30.0,4006
567,13_1,dataset\raw\Videos_MERL_Shopping_Dataset\13_1_crop.mp4,train,1,Retract from Shelf,673,696,30.0,4006
568,13_1,dataset\raw\Videos_MERL_Shopping_Dataset\13_1_crop.mp4,train,1,Retract from Shelf,1062,1102,30.0,4006
569,13_1,dataset\raw\Videos_MERL_Shopping_Dataset\13_1_crop.mp4,train,1,Retract from Shelf,1349,1380,30.0,4006
570,13_1,dataset\raw\Videos_MERL_Shopping_Dataset\13_1_crop.mp4,train,1,Retract from Shelf,1947,1980,30.0,4006
571,13_1,dataset\raw\Videos_MERL_Shopping_Dataset\13_1_crop.mp4,train,1,Retract from Shelf,2719,2757,30.0,4006
572,13_1,dataset\raw\Videos_MERL_Shopping_Dataset\13_1_crop.mp4,train,1,Retract from Shelf,3055,3094,30.0,4006
573,13_1,dataset\raw\Videos_MERL_Shopping_Dataset\13_1_crop.mp4,train,1,Retract from Shelf,3241,3273,30.0,4006
574,13_1,dataset\raw\Videos_MERL_Shopping_Dataset\13_1_crop.mp4,train,1,Retract from Shelf,3431,3468,30.0,4006
575,13_1,dataset\raw\Videos_MERL_Shopping_Dataset\13_1_crop.mp4,train,2,Hand in Shelf,632,668,30.0,4006
576,13_1,dataset\raw\Videos_MERL_Shopping_Dataset\13_1_crop.mp4,train,2,Hand in Shelf,3196,3236,30.0,4006
577,13_1,dataset\raw\Videos_MERL_Shopping_Dataset\13_1_crop.mp4,train,3,Inspect Product,699,788,30.0,4006
578,13_1,dataset\raw\Videos_MERL_Shopping_Dataset\13_1_crop.mp4,train,3,Inspect Product,789,878,30.0,4006
579,13_1,dataset\raw\Videos_MERL_Shopping_Dataset\13_1_crop.mp4,train,3,Inspect Product,879,968,30.0,4006
580,13_1,dataset\raw\Videos_MERL_Shopping_Dataset\13_1_crop.mp4,train,3,Inspect Product,969,985,30.0,4006
581,13_1,dataset\raw\Videos_MERL_Shopping_Dataset\13_1_crop.mp4,train,3,Inspect Product,1106,1195,30.0,4006
582,13_1,dataset\raw\Videos_MERL_Shopping_Dataset\13_1_crop.mp4,train,3,Inspect Product,1196,1267,30.0,4006
583,13_1,dataset\raw\Videos_MERL_Shopping_Dataset\13_1_crop.mp4,train,3,Inspect Product,1422,1511,30.0,4006
584,13_1,dataset\raw\Videos_MERL_Shopping_Dataset\13_1_crop.mp4,train,3,Inspect Product,1512,1533,30.0,4006
585,13_1,dataset\raw\Videos_MERL_Shopping_Dataset\13_1_crop.mp4,train,3,Inspect Product,1984,2022,30.0,4006
586,13_1,dataset\raw\Videos_MERL_Shopping_Dataset\13_1_crop.mp4,train,3,Inspect Product,2765,2854,30.0,4006
587,13_1,dataset\raw\Videos_MERL_Shopping_Dataset\13_1_crop.mp4,train,3,Inspect Product,2855,2944,30.0,4006
588,13_1,dataset\raw\Videos_MERL_Shopping_Dataset\13_1_crop.mp4,train,3,Inspect Product,3097,3121,30.0,4006
589,13_1,dataset\raw\Videos_MERL_Shopping_Dataset\13_1_crop.mp4,train,3,Inspect Product,3472,3561,30.0,4006
590,13_1,dataset\raw\Videos_MERL_Shopping_Dataset\13_1_crop.mp4,train,3,Inspect Product,3562,3647,30.0,4006
591,13_1,dataset\raw\Videos_MERL_Shopping_Dataset\13_1_crop.mp4,train,4,Inspect Shelf,1644,1733,30.0,4006
592,13_1,dataset\raw\Videos_MERL_Shopping_Dataset\13_1_crop.mp4,train,4,Inspect Shelf,1734,1823,30.0,4006
593,13_1,dataset\raw\Videos_MERL_Shopping_Dataset\13_1_crop.mp4,train,4,Inspect Shelf,1824,1878,30.0,4006
594,13_1,dataset\raw\Videos_MERL_Shopping_Dataset\13_1_crop.mp4,train,4,Inspect Shelf,3127,3166,30.0,4006
595,13_1,dataset\raw\Videos_MERL_Shopping_Dataset\13_1_crop.mp4,train,4,Inspect Shelf,3281,3370,30.0,4006
596,13_1,dataset\raw\Videos_MERL_Shopping_Dataset\13_1_crop.mp4,train,4,Inspect Shelf,3371,3389,30.0,4006
597,13_2,dataset\raw\Videos_MERL_Shopping_Dataset\13_2_crop.mp4,train,0,Reach to Shelf,547,563,30.0,4646
598,13_2,dataset\raw\Videos_MERL_Shopping_Dataset\13_2_crop.mp4,train,0,Reach to Shelf,1423,1438,30.0,4646
599,13_2,dataset\raw\Videos_MERL_Shopping_Dataset\13_2_crop.mp4,train,0,Reach to Shelf,2198,2243,30.0,4646
600,13_2,dataset\raw\Videos_MERL_Shopping_Dataset\13_2_crop.mp4,train,0,Reach to Shelf,2934,2956,30.0,4646
601,13_2,dataset\raw\Videos_MERL_Shopping_Dataset\13_2_crop.mp4,train,0,Reach to Shelf,3698,3719,30.0,4646
602,13_2,dataset\raw\Videos_MERL_Shopping_Dataset\13_2_crop.mp4,train,0,Reach to Shelf,883,921,30.0,4646
603,13_2,dataset\raw\Videos_MERL_Shopping_Dataset\13_2_crop.mp4,train,0,Reach to Shelf,1313,1364,30.0,4646
604,13_2,dataset\raw\Videos_MERL_Shopping_Dataset\13_2_crop.mp4,train,0,Reach to Shelf,2513,2529,30.0,4646
605,13_2,dataset\raw\Videos_MERL_Shopping_Dataset\13_2_crop.mp4,train,0,Reach to Shelf,2800,2851,30.0,4646
606,13_2,dataset\raw\Videos_MERL_Shopping_Dataset\13_2_crop.mp4,train,0,Reach to Shelf,3226,3255,30.0,4646
607,13_2,dataset\raw\Videos_MERL_Shopping_Dataset\13_2_crop.mp4,train,0,Reach to Shelf,4060,4143,30.0,4646
608,13_2,dataset\raw\Videos_MERL_Shopping_Dataset\13_2_crop.mp4,train,1,Retract from Shelf,1366,1391,30.0,4646
609,13_2,dataset\raw\Videos_MERL_Shopping_Dataset\13_2_crop.mp4,train,1,Retract from Shelf,2531,2560,30.0,4646
610,13_2,dataset\raw\Videos_MERL_Shopping_Dataset\13_2_crop.mp4,train,1,Retract from Shelf,2852,2886,30.0,4646
611,13_2,dataset\raw\Videos_MERL_Shopping_Dataset\13_2_crop.mp4,train,1,Retract from Shelf,3257,3290,30.0,4646
612,13_2,dataset\raw\Videos_MERL_Shopping_Dataset\13_2_crop.mp4,train,1,Retract from Shelf,4143,4180,30.0,4646
613,13_2,dataset\raw\Videos_MERL_Shopping_Dataset\13_2_crop.mp4,train,1,Retract from Shelf,580,606,30.0,4646
614,13_2,dataset\raw\Videos_MERL_Shopping_Dataset\13_2_crop.mp4,train,1,Retract from Shelf,954,981,30.0,4646
615,13_2,dataset\raw\Videos_MERL_Shopping_Dataset\13_2_crop.mp4,train,1,Retract from Shelf,1441,1507,30.0,4646
616,13_2,dataset\raw\Videos_MERL_Shopping_Dataset\13_2_crop.mp4,train,1,Retract from Shelf,2245,2293,30.0,4646
617,13_2,dataset\raw\Videos_MERL_Shopping_Dataset\13_2_crop.mp4,train,1,Retract from Shelf,2634,2669,30.0,4646
618,13_2,dataset\raw\Videos_MERL_Shopping_Dataset\13_2_crop.mp4,train,1,Retract from Shelf,3003,3025,30.0,4646
619,13_2,dataset\raw\Videos_MERL_Shopping_Dataset\13_2_crop.mp4,train,1,Retract from Shelf,3746,3771,30.0,4646
620,13_2,dataset\raw\Videos_MERL_Shopping_Dataset\13_2_crop.mp4,train,2,Hand in Shelf,564,579,30.0,4646
621,13_2,dataset\raw\Videos_MERL_Shopping_Dataset\13_2_crop.mp4,train,2,Hand in Shelf,922,954,30.0,4646
622,13_2,dataset\raw\Videos_MERL_Shopping_Dataset\13_2_crop.mp4,train,2,Hand in Shelf,2957,3001,30.0,4646
623,13_2,dataset\raw\Videos_MERL_Shopping_Dataset\13_2_crop.mp4,train,2,Hand in Shelf,3720,3744,30.0,4646
624,13_2,dataset\raw\Videos_MERL_Shopping_Dataset\13_2_crop.mp4,train,3,Inspect Product,608,697,30.0,4646
625,13_2,dataset\raw\Videos_MERL_Shopping_Dataset\13_2_crop.mp4,train,3,Inspect Product,698,787,30.0,4646
626,13_2,dataset\raw\Videos_MERL_Shopping_Dataset\13_2_crop.mp4,train,3,Inspect Product,788,877,30.0,4646
627,13_2,dataset\raw\Videos_MERL_Shopping_Dataset\13_2_crop.mp4,train,3,Inspect Product,981,1070,30.0,4646
628,13_2,dataset\raw\Videos_MERL_Shopping_Dataset\13_2_crop.mp4,train,3,Inspect Product,1071,1160,30.0,4646
629,13_2,dataset\raw\Videos_MERL_Shopping_Dataset\13_2_crop.mp4,train,3,Inspect Product,1161,1250,30.0,4646
630,13_2,dataset\raw\Videos_MERL_Shopping_Dataset\13_2_crop.mp4,train,3,Inspect Product,1251,1312,30.0,4646
631,13_2,dataset\raw\Videos_MERL_Shopping_Dataset\13_2_crop.mp4,train,3,Inspect Product,1514,1603,30.0,4646
632,13_2,dataset\raw\Videos_MERL_Shopping_Dataset\13_2_crop.mp4,train,3,Inspect Product,1604,1693,30.0,4646
633,13_2,dataset\raw\Videos_MERL_Shopping_Dataset\13_2_crop.mp4,train,3,Inspect Product,1694,1783,30.0,4646
634,13_2,dataset\raw\Videos_MERL_Shopping_Dataset\13_2_crop.mp4,train,3,Inspect Product,1784,1873,30.0,4646
635,13_2,dataset\raw\Videos_MERL_Shopping_Dataset\13_2_crop.mp4,train,3,Inspect Product,1874,1902,30.0,4646
636,13_2,dataset\raw\Videos_MERL_Shopping_Dataset\13_2_crop.mp4,train,3,Inspect Product,2296,2385,30.0,4646
637,13_2,dataset\raw\Videos_MERL_Shopping_Dataset\13_2_crop.mp4,train,3,Inspect Product,2386,2407,30.0,4646
638,13_2,dataset\raw\Videos_MERL_Shopping_Dataset\13_2_crop.mp4,train,3,Inspect Product,2674,2763,30.0,4646
639,13_2,dataset\raw\Videos_MERL_Shopping_Dataset\13_2_crop.mp4,train,3,Inspect Product,2764,2796,30.0,4646
640,13_2,dataset\raw\Videos_MERL_Shopping_Dataset\13_2_crop.mp4,train,3,Inspect Product,3029,3118,30.0,4646
641,13_2,dataset\raw\Videos_MERL_Shopping_Dataset\13_2_crop.mp4,train,3,Inspect Product,3119,3208,30.0,4646
642,13_2,dataset\raw\Videos_MERL_Shopping_Dataset\13_2_crop.mp4,train,3,Inspect Product,3209,3224,30.0,4646
643,13_2,dataset\raw\Videos_MERL_Shopping_Dataset\13_2_crop.mp4,train,3,Inspect Product,3778,3867,30.0,4646
644,13_2,dataset\raw\Videos_MERL_Shopping_Dataset\13_2_crop.mp4,train,3,Inspect Product,3868,3957,30.0,4646
645,13_2,dataset\raw\Videos_MERL_Shopping_Dataset\13_2_crop.mp4,train,3,Inspect Product,3958,4047,30.0,4646
646,13_2,dataset\raw\Videos_MERL_Shopping_Dataset\13_2_crop.mp4,train,4,Inspect Shelf,1392,1422,30.0,4646
647,13_2,dataset\raw\Videos_MERL_Shopping_Dataset\13_2_crop.mp4,train,4,Inspect Shelf,2410,2499,30.0,4646
648,13_2,dataset\raw\Videos_MERL_Shopping_Dataset\13_2_crop.mp4,train,4,Inspect Shelf,2562,2618,30.0,4646
649,13_2,dataset\raw\Videos_MERL_Shopping_Dataset\13_2_crop.mp4,train,4,Inspect Shelf,2888,2931,30.0,4646
650,13_2,dataset\raw\Videos_MERL_Shopping_Dataset\13_2_crop.mp4,train,4,Inspect Shelf,3290,3379,30.0,4646
651,13_2,dataset\raw\Videos_MERL_Shopping_Dataset\13_2_crop.mp4,train,4,Inspect Shelf,3380,3469,30.0,4646
652,13_2,dataset\raw\Videos_MERL_Shopping_Dataset\13_2_crop.mp4,train,4,Inspect Shelf,3470,3559,30.0,4646
653,13_2,dataset\raw\Videos_MERL_Shopping_Dataset\13_2_crop.mp4,train,4,Inspect Shelf,3560,3649,30.0,4646
654,13_2,dataset\raw\Videos_MERL_Shopping_Dataset\13_2_crop.mp4,train,4,Inspect Shelf,3650,3696,30.0,4646
655,13_2,dataset\raw\Videos_MERL_Shopping_Dataset\13_2_crop.mp4,train,4,Inspect Shelf,4180,4269,30.0,4646
656,13_2,dataset\raw\Videos_MERL_Shopping_Dataset\13_2_crop.mp4,train,4,Inspect Shelf,4270,4323,30.0,4646
657,13_3,dataset\raw\Videos_MERL_Shopping_Dataset\13_3_crop.mp4,train,0,Reach to Shelf,368,432,30.0,4078
658,13_3,dataset\raw\Videos_MERL_Shopping_Dataset\13_3_crop.mp4,train,0,Reach to Shelf,606,638,30.0,4078
659,13_3,dataset\raw\Videos_MERL_Shopping_Dataset\13_3_crop.mp4,train,0,Reach to Shelf,1065,1089,30.0,4078
660,13_3,dataset\raw\Videos_MERL_Shopping_Dataset\13_3_crop.mp4,train,0,Reach to Shelf,1375,1406,30.0,4078
661,13_3,dataset\raw\Videos_MERL_Shopping_Dataset\13_3_crop.mp4,train,0,Reach to Shelf,1742,1776,30.0,4078
662,13_3,dataset\raw\Videos_MERL_Shopping_Dataset\13_3_crop.mp4,train,0,Reach to Shelf,2545,2585,30.0,4078
663,13_3,dataset\raw\Videos_MERL_Shopping_Dataset\13_3_crop.mp4,train,0,Reach to Shelf,2657,2694,30.0,4078
664,13_3,dataset\raw\Videos_MERL_Shopping_Dataset\13_3_crop.mp4,train,0,Reach to Shelf,2704,2730,30.0,4078
665,13_3,dataset\raw\Videos_MERL_Shopping_Dataset\13_3_crop.mp4,train,0,Reach to Shelf,3055,3087,30.0,4078
666,13_3,dataset\raw\Videos_MERL_Shopping_Dataset\13_3_crop.mp4,train,0,Reach to Shelf,3503,3548,30.0,4078
667,13_3,dataset\raw\Videos_MERL_Shopping_Dataset\13_3_crop.mp4,train,0,Reach to Shelf,971,1019,30.0,4078
668,13_3,dataset\raw\Videos_MERL_Shopping_Dataset\13_3_crop.mp4,train,0,Reach to Shelf,1298,1348,30.0,4078
669,13_3,dataset\raw\Videos_MERL_Shopping_Dataset\13_3_crop.mp4,train,0,Reach to Shelf,1609,1645,30.0,4078
670,13_3,dataset\raw\Videos_MERL_Shopping_Dataset\13_3_crop.mp4,train,0,Reach to Shelf,1815,1839,30.0,4078
671,13_3,dataset\raw\Videos_MERL_Shopping_Dataset\13_3_crop.mp4,train,0,Reach to Shelf,3346,3409,30.0,4078
672,13_3,dataset\raw\Videos_MERL_Shopping_Dataset\13_3_crop.mp4,train,0,Reach to Shelf,3784,3841,30.0,4078
673,13_3,dataset\raw\Videos_MERL_Shopping_Dataset\13_3_crop.mp4,train,1,Retract from Shelf,1022,1062,30.0,4078
674,13_3,dataset\raw\Videos_MERL_Shopping_Dataset\13_3_crop.mp4,train,1,Retract from Shelf,1349,1375,30.0,4078
675,13_3,dataset\raw\Videos_MERL_Shopping_Dataset\13_3_crop.mp4,train,1,Retract from Shelf,1648,1702,30.0,4078
676,13_3,dataset\raw\Videos_MERL_Shopping_Dataset\13_3_crop.mp4,train,1,Retract from Shelf,3415,3468,30.0,4078
677,13_3,dataset\raw\Videos_MERL_Shopping_Dataset\13_3_crop.mp4,train,1,Retract from Shelf,3848,3902,30.0,4078
678,13_3,dataset\raw\Videos_MERL_Shopping_Dataset\13_3_crop.mp4,train,1,Retract from Shelf,432,496,30.0,4078
679,13_3,dataset\raw\Videos_MERL_Shopping_Dataset\13_3_crop.mp4,train,1,Retract from Shelf,642,731,30.0,4078
680,13_3,dataset\raw\Videos_MERL_Shopping_Dataset\13_3_crop.mp4,train,1,Retract from Shelf,1093,1136,30.0,4078
681,13_3,dataset\raw\Videos_MERL_Shopping_Dataset\13_3_crop.mp4,train,1,Retract from Shelf,1408,1435,30.0,4078
682,13_3,dataset\raw\Videos_MERL_Shopping_Dataset\13_3_crop.mp4,train,1,Retract from Shelf,1776,1815,30.0,4078
683,13_3,dataset\raw\Videos_MERL_Shopping_Dataset\13_3_crop.mp4,train,1,Retract from Shelf,2585,2616,30.0,4078
684,13_3,dataset\raw\Videos_MERL_Shopping_Dataset\13_3_crop.mp4,train,1,Retract from Shelf,2753,2800,30.0,4078
685,13_3,dataset\raw\Videos_MERL_Shopping_Dataset\13_3_crop.mp4,train,1,Retract from Shelf,3092,3128,30.0,4078
686,13_3,dataset\raw\Videos_MERL_Shopping_Dataset\13_3_crop.mp4,train,1,Retract from Shelf,3552,3609,30.0,4078
687,13_3,dataset\raw\Videos_MERL_Shopping_Dataset\13_3_crop.mp4,train,2,Hand in Shelf,2731,2753,30.0,4078
688,13_3,dataset\raw\Videos_MERL_Shopping_Dataset\13_3_crop.mp4,train,3,Inspect Product,751,840,30.0,4078
689,13_3,dataset\raw\Videos_MERL_Shopping_Dataset\13_3_crop.mp4,train,3,Inspect Product,841,930,30.0,4078
690,13_3,dataset\raw\Videos_MERL_Shopping_Dataset\13_3_crop.mp4,train,3,Inspect Product,931,971,30.0,4078
691,13_3,dataset\raw\Videos_MERL_Shopping_Dataset\13_3_crop.mp4,train,3,Inspect Product,1141,1230,30.0,4078
692,13_3,dataset\raw\Videos_MERL_Shopping_Dataset\13_3_crop.mp4,train,3,Inspect Product,1231,1294,30.0,4078
693,13_3,dataset\raw\Videos_MERL_Shopping_Dataset\13_3_crop.mp4,train,3,Inspect Product,1437,1526,30.0,4078
694,13_3,dataset\raw\Videos_MERL_Shopping_Dataset\13_3_crop.mp4,train,3,Inspect Product,1527,1608,30.0,4078
695,13_3,dataset\raw\Videos_MERL_Shopping_Dataset\13_3_crop.mp4,train,3,Inspect Product,3128,3217,30.0,4078
696,13_3,dataset\raw\Videos_MERL_Shopping_Dataset\13_3_crop.mp4,train,3,Inspect Product,3218,3307,30.0,4078
697,13_3,dataset\raw\Videos_MERL_Shopping_Dataset\13_3_crop.mp4,train,3,Inspect Product,3308,3344,30.0,4078
698,13_3,dataset\raw\Videos_MERL_Shopping_Dataset\13_3_crop.mp4,train,3,Inspect Product,3612,3701,30.0,4078
699,13_3,dataset\raw\Videos_MERL_Shopping_Dataset\13_3_crop.mp4,train,3,Inspect Product,3702,3784,30.0,4078
700,13_3,dataset\raw\Videos_MERL_Shopping_Dataset\13_3_crop.mp4,train,4,Inspect Shelf,221,310,30.0,4078
701,13_3,dataset\raw\Videos_MERL_Shopping_Dataset\13_3_crop.mp4,train,4,Inspect Shelf,311,368,30.0,4078
702,13_3,dataset\raw\Videos_MERL_Shopping_Dataset\13_3_crop.mp4,train,4,Inspect Shelf,498,587,30.0,4078
703,13_3,dataset\raw\Videos_MERL_Shopping_Dataset\13_3_crop.mp4,train,4,Inspect Shelf,588,604,30.0,4078
704,13_3,dataset\raw\Videos_MERL_Shopping_Dataset\13_3_crop.mp4,train,4,Inspect Shelf,1703,1741,30.0,4078
705,13_3,dataset\raw\Videos_MERL_Shopping_Dataset\13_3_crop.mp4,train,4,Inspect Shelf,2617,2656,30.0,4078
706,13_3,dataset\raw\Videos_MERL_Shopping_Dataset\13_3_crop.mp4,train,4,Inspect Shelf,2800,2889,30.0,4078
707,13_3,dataset\raw\Videos_MERL_Shopping_Dataset\13_3_crop.mp4,train,4,Inspect Shelf,2890,2979,30.0,4078
708,13_3,dataset\raw\Videos_MERL_Shopping_Dataset\13_3_crop.mp4,train,4,Inspect Shelf,2980,3054,30.0,4078
709,13_3,dataset\raw\Videos_MERL_Shopping_Dataset\13_3_crop.mp4,train,4,Inspect Shelf,3468,3501,30.0,4078
710,14_1,dataset\raw\Videos_MERL_Shopping_Dataset\14_1_crop.mp4,train,0,Reach to Shelf,403,447,30.0,4459
711,14_1,dataset\raw\Videos_MERL_Shopping_Dataset\14_1_crop.mp4,train,0,Reach to Shelf,453,473,30.0,4459
712,14_1,dataset\raw\Videos_MERL_Shopping_Dataset\14_1_crop.mp4,train,0,Reach to Shelf,890,927,30.0,4459
713,14_1,dataset\raw\Videos_MERL_Shopping_Dataset\14_1_crop.mp4,train,0,Reach to Shelf,1626,1646,30.0,4459
714,14_1,dataset\raw\Videos_MERL_Shopping_Dataset\14_1_crop.mp4,train,0,Reach to Shelf,2299,2322,30.0,4459
715,14_1,dataset\raw\Videos_MERL_Shopping_Dataset\14_1_crop.mp4,train,0,Reach to Shelf,2760,2789,30.0,4459
716,14_1,dataset\raw\Videos_MERL_Shopping_Dataset\14_1_crop.mp4,train,0,Reach to Shelf,3064,3095,30.0,4459
717,14_1,dataset\raw\Videos_MERL_Shopping_Dataset\14_1_crop.mp4,train,0,Reach to Shelf,3710,3743,30.0,4459
718,14_1,dataset\raw\Videos_MERL_Shopping_Dataset\14_1_crop.mp4,train,0,Reach to Shelf,4041,4066,30.0,4459
719,14_1,dataset\raw\Videos_MERL_Shopping_Dataset\14_1_crop.mp4,train,0,Reach to Shelf,1195,1234,30.0,4459
720,14_1,dataset\raw\Videos_MERL_Shopping_Dataset\14_1_crop.mp4,train,0,Reach to Shelf,3376,3419,30.0,4459
721,14_1,dataset\raw\Videos_MERL_Shopping_Dataset\14_1_crop.mp4,train,0,Reach to Shelf,3890,3936,30.0,4459
722,14_1,dataset\raw\Videos_MERL_Shopping_Dataset\14_1_crop.mp4,train,1,Retract from Shelf,1254,1291,30.0,4459
723,14_1,dataset\raw\Videos_MERL_Shopping_Dataset\14_1_crop.mp4,train,1,Retract from Shelf,3424,3443,30.0,4459
724,14_1,dataset\raw\Videos_MERL_Shopping_Dataset\14_1_crop.mp4,train,1,Retract from Shelf,3942,3973,30.0,4459
725,14_1,dataset\raw\Videos_MERL_Shopping_Dataset\14_1_crop.mp4,train,1,Retract from Shelf,454,490,30.0,4459
726,14_1,dataset\raw\Videos_MERL_Shopping_Dataset\14_1_crop.mp4,train,1,Retract from Shelf,929,960,30.0,4459
727,14_1,dataset\raw\Videos_MERL_Shopping_Dataset\14_1_crop.mp4,train,1,Retract from Shelf,1675,1716,30.0,4459
728,14_1,dataset\raw\Videos_MERL_Shopping_Dataset\14_1_crop.mp4,train,1,Retract from Shelf,2334,2382,30.0,4459
729,14_1,dataset\raw\Videos_MERL_Shopping_Dataset\14_1_crop.mp4,train,1,Retract from Shelf,2792,2820,30.0,4459
730,14_1,dataset\raw\Videos_MERL_Shopping_Dataset\14_1_crop.mp4,train,1,Retract from Shelf,3104,3134,30.0,4459
731,14_1,dataset\raw\Videos_MERL_Shopping_Dataset\14_1_crop.mp4,train,1,Retract from Shelf,3748,3762,30.0,4459
732,14_1,dataset\raw\Videos_MERL_Shopping_Dataset\14_1_crop.mp4,train,1,Retract from Shelf,4067,4100,30.0,4459
733,14_1,dataset\raw\Videos_MERL_Shopping_Dataset\14_1_crop.mp4,train,1,Retract from Shelf,4179,4196,30.0,4459
734,14_1,dataset\raw\Videos_MERL_Shopping_Dataset\14_1_crop.mp4,train,2,Hand in Shelf,1648,1673,30.0,4459
735,14_1,dataset\raw\Videos_MERL_Shopping_Dataset\14_1_crop.mp4,train,3,Inspect Product,494,583,30.0,4459
736,14_1,dataset\raw\Videos_MERL_Shopping_Dataset\14_1_crop.mp4,train,3,Inspect Product,963,1052,30.0,4459
737,14_1,dataset\raw\Videos_MERL_Shopping_Dataset\14_1_crop.mp4,train,3,Inspect Product,1053,1142,30.0,4459
738,14_1,dataset\raw\Videos_MERL_Shopping_Dataset\14_1_crop.mp4,train,3,Inspect Product,1143,1177,30.0,4459
739,14_1,dataset\raw\Videos_MERL_Shopping_Dataset\14_1_crop.mp4,train,3,Inspect Product,2386,2475,30.0,4459
740,14_1,dataset\raw\Videos_MERL_Shopping_Dataset\14_1_crop.mp4,train,3,Inspect Product,2476,2565,30.0,4459
741,14_1,dataset\raw\Videos_MERL_Shopping_Dataset\14_1_crop.mp4,train,3,Inspect Product,2566,2655,30.0,4459
742,14_1,dataset\raw\Videos_MERL_Shopping_Dataset\14_1_crop.mp4,train,3,Inspect Product,2656,2678,30.0,4459
743,14_1,dataset\raw\Videos_MERL_Shopping_Dataset\14_1_crop.mp4,train,3,Inspect Product,2819,2908,30.0,4459
744,14_1,dataset\raw\Videos_MERL_Shopping_Dataset\14_1_crop.mp4,train,3,Inspect Product,2909,2931,30.0,4459
745,14_1,dataset\raw\Videos_MERL_Shopping_Dataset\14_1_crop.mp4,train,3,Inspect Product,3136,3213,30.0,4459
746,14_1,dataset\raw\Videos_MERL_Shopping_Dataset\14_1_crop.mp4,train,3,Inspect Product,3764,3834,30.0,4459
747,14_1,dataset\raw\Videos_MERL_Shopping_Dataset\14_1_crop.mp4,train,3,Inspect Product,4101,4178,30.0,4459
748,14_1,dataset\raw\Videos_MERL_Shopping_Dataset\14_1_crop.mp4,train,3,Inspect Product,4197,4241,30.0,4459
749,14_1,dataset\raw\Videos_MERL_Shopping_Dataset\14_1_crop.mp4,train,4,Inspect Shelf,177,266,30.0,4459
750,14_1,dataset\raw\Videos_MERL_Shopping_Dataset\14_1_crop.mp4,train,4,Inspect Shelf,267,356,30.0,4459
751,14_1,dataset\raw\Videos_MERL_Shopping_Dataset\14_1_crop.mp4,train,4,Inspect Shelf,357,395,30.0,4459
752,14_1,dataset\raw\Videos_MERL_Shopping_Dataset\14_1_crop.mp4,train,4,Inspect Shelf,615,704,30.0,4459
753,14_1,dataset\raw\Videos_MERL_Shopping_Dataset\14_1_crop.mp4,train,4,Inspect Shelf,705,794,30.0,4459
754,14_1,dataset\raw\Videos_MERL_Shopping_Dataset\14_1_crop.mp4,train,4,Inspect Shelf,795,865,30.0,4459
755,14_1,dataset\raw\Videos_MERL_Shopping_Dataset\14_1_crop.mp4,train,4,Inspect Shelf,1308,1397,30.0,4459
756,14_1,dataset\raw\Videos_MERL_Shopping_Dataset\14_1_crop.mp4,train,4,Inspect Shelf,1398,1487,30.0,4459
757,14_1,dataset\raw\Videos_MERL_Shopping_Dataset\14_1_crop.mp4,train,4,Inspect Shelf,1488,1577,30.0,4459
758,14_1,dataset\raw\Videos_MERL_Shopping_Dataset\14_1_crop.mp4,train,4,Inspect Shelf,1578,1614,30.0,4459
759,14_1,dataset\raw\Videos_MERL_Shopping_Dataset\14_1_crop.mp4,train,4,Inspect Shelf,2684,2756,30.0,4459
760,14_1,dataset\raw\Videos_MERL_Shopping_Dataset\14_1_crop.mp4,train,4,Inspect Shelf,2948,3037,30.0,4459
761,14_1,dataset\raw\Videos_MERL_Shopping_Dataset\14_1_crop.mp4,train,4,Inspect Shelf,3038,3061,30.0,4459
762,14_1,dataset\raw\Videos_MERL_Shopping_Dataset\14_1_crop.mp4,train,4,Inspect Shelf,3224,3313,30.0,4459
763,14_1,dataset\raw\Videos_MERL_Shopping_Dataset\14_1_crop.mp4,train,4,Inspect Shelf,3314,3369,30.0,4459
764,14_1,dataset\raw\Videos_MERL_Shopping_Dataset\14_1_crop.mp4,train,4,Inspect Shelf,3856,3887,30.0,4459
765,14_1,dataset\raw\Videos_MERL_Shopping_Dataset\14_1_crop.mp4,train,4,Inspect Shelf,3976,4040,30.0,4459
766,14_2,dataset\raw\Videos_MERL_Shopping_Dataset\14_2_crop.mp4,train,0,Reach to Shelf,334,358,30.0,4217
767,14_2,dataset\raw\Videos_MERL_Shopping_Dataset\14_2_crop.mp4,train,0,Reach to Shelf,680,701,30.0,4217
768,14_2,dataset\raw\Videos_MERL_Shopping_Dataset\14_2_crop.mp4,train,0,Reach to Shelf,1036,1054,30.0,4217
769,14_2,dataset\raw\Videos_MERL_Shopping_Dataset\14_2_crop.mp4,train,0,Reach to Shelf,1271,1305,30.0,4217
770,14_2,dataset\raw\Videos_MERL_Shopping_Dataset\14_2_crop.mp4,train,0,Reach to Shelf,2550,2579,30.0,4217
771,14_2,dataset\raw\Videos_MERL_Shopping_Dataset\14_2_crop.mp4,train,0,Reach to Shelf,3197,3224,30.0,4217
772,14_2,dataset\raw\Videos_MERL_Shopping_Dataset\14_2_crop.mp4,train,0,Reach to Shelf,3562,3594,30.0,4217
773,14_2,dataset\raw\Videos_MERL_Shopping_Dataset\14_2_crop.mp4,train,0,Reach to Shelf,3804,3844,30.0,4217
774,14_2,dataset\raw\Videos_MERL_Shopping_Dataset\14_2_crop.mp4,train,0,Reach to Shelf,3066,3112,30.0,4217
775,14_2,dataset\raw\Videos_MERL_Shopping_Dataset\14_2_crop.mp4,train,0,Reach to Shelf,3683,3718,30.0,4217
776,14_2,dataset\raw\Videos_MERL_Shopping_Dataset\14_2_crop.mp4,train,1,Retract from Shelf,3113,3131,30.0,4217
777,14_2,dataset\raw\Videos_MERL_Shopping_Dataset\14_2_crop.mp4,train,1,Retract from Shelf,3718,3748,30.0,4217
778,14_2,dataset\raw\Videos_MERL_Shopping_Dataset\14_2_crop.mp4,train,1,Retract from Shelf,360,384,30.0,4217
779,14_2,dataset\raw\Videos_MERL_Shopping_Dataset\14_2_crop.mp4,train,1,Retract from Shelf,702,753,30.0,4217
780,14_2,dataset\raw\Videos_MERL_Shopping_Dataset\14_2_crop.mp4,train,1,Retract from Shelf,1101,1128,30.0,4217
781,14_2,dataset\raw\Videos_MERL_Shopping_Dataset\14_2_crop.mp4,train,1,Retract from Shelf,1322,1363,30.0,4217
782,14_2,dataset\raw\Videos_MERL_Shopping_Dataset\14_2_crop.mp4,train,1,Retract from Shelf,2585,2605,30.0,4217
783,14_2,dataset\raw\Videos_MERL_Shopping_Dataset\14_2_crop.mp4,train,1,Retract from Shelf,3253,3271,30.0,4217
784,14_2,dataset\raw\Videos_MERL_Shopping_Dataset\14_2_crop.mp4,train,1,Retract from Shelf,3594,3627,30.0,4217
785,14_2,dataset\raw\Videos_MERL_Shopping_Dataset\14_2_crop.mp4,train,1,Retract from Shelf,3845,3902,30.0,4217
786,14_2,dataset\raw\Videos_MERL_Shopping_Dataset\14_2_crop.mp4,train,2,Hand in Shelf,1055,1100,30.0,4217
787,14_2,dataset\raw\Videos_MERL_Shopping_Dataset\14_2_crop.mp4,train,2,Hand in Shelf,1305,1321,30.0,4217
788,14_2,dataset\raw\Videos_MERL_Shopping_Dataset\14_2_crop.mp4,train,2,Hand in Shelf,3225,3252,30.0,4217
789,14_2,dataset\raw\Videos_MERL_Shopping_Dataset\14_2_crop.mp4,train,3,Inspect Product,386,475,30.0,4217
790,14_2,dataset\raw\Videos_MERL_Shopping_Dataset\14_2_crop.mp4,train,3,Inspect Product,476,530,30.0,4217
791,14_2,dataset\raw\Videos_MERL_Shopping_Dataset\14_2_crop.mp4,train,3,Inspect Product,755,844,30.0,4217
792,14_2,dataset\raw\Videos_MERL_Shopping_Dataset\14_2_crop.mp4,train,3,Inspect Product,845,900,30.0,4217
793,14_2,dataset\raw\Videos_MERL_Shopping_Dataset\14_2_crop.mp4,train,3,Inspect Product,1366,1455,30.0,4217
794,14_2,dataset\raw\Videos_MERL_Shopping_Dataset\14_2_crop.mp4,train,3,Inspect Product,1456,1545,30.0,4217
795,14_2,dataset\raw\Videos_MERL_Shopping_Dataset\14_2_crop.mp4,train,3,Inspect Product,1546,1635,30.0,4217
796,14_2,dataset\raw\Videos_MERL_Shopping_Dataset\14_2_crop.mp4,train,3,Inspect Product,1636,1725,30.0,4217
797,14_2,dataset\raw\Videos_MERL_Shopping_Dataset\14_2_crop.mp4,train,3,Inspect Product,1726,1815,30.0,4217
798,14_2,dataset\raw\Videos_MERL_Shopping_Dataset\14_2_crop.mp4,train,3,Inspect Product,1816,1905,30.0,4217
799,14_2,dataset\raw\Videos_MERL_Shopping_Dataset\14_2_crop.mp4,train,3,Inspect Product,1906,1995,30.0,4217
800,14_2,dataset\raw\Videos_MERL_Shopping_Dataset\14_2_crop.mp4,train,3,Inspect Product,1996,2015,30.0,4217
801,14_2,dataset\raw\Videos_MERL_Shopping_Dataset\14_2_crop.mp4,train,3,Inspect Product,2607,2696,30.0,4217
802,14_2,dataset\raw\Videos_MERL_Shopping_Dataset\14_2_crop.mp4,train,3,Inspect Product,2697,2786,30.0,4217
803,14_2,dataset\raw\Videos_MERL_Shopping_Dataset\14_2_crop.mp4,train,3,Inspect Product,2787,2876,30.0,4217
804,14_2,dataset\raw\Videos_MERL_Shopping_Dataset\14_2_crop.mp4,train,3,Inspect Product,2877,2966,30.0,4217
805,14_2,dataset\raw\Videos_MERL_Shopping_Dataset\14_2_crop.mp4,train,3,Inspect Product,2967,3056,30.0,4217
806,14_2,dataset\raw\Videos_MERL_Shopping_Dataset\14_2_crop.mp4,train,3,Inspect Product,3275,3364,30.0,4217
807,14_2,dataset\raw\Videos_MERL_Shopping_Dataset\14_2_crop.mp4,train,3,Inspect Product,3365,3446,30.0,4217
808,14_2,dataset\raw\Videos_MERL_Shopping_Dataset\14_2_crop.mp4,train,3,Inspect Product,3632,3679,30.0,4217
809,14_2,dataset\raw\Videos_MERL_Shopping_Dataset\14_2_crop.mp4,train,3,Inspect Product,3904,3993,30.0,4217
810,14_2,dataset\raw\Videos_MERL_Shopping_Dataset\14_2_crop.mp4,train,3,Inspect Product,3994,4067,30.0,4217
811,14_2,dataset\raw\Videos_MERL_Shopping_Dataset\14_2_crop.mp4,train,4,Inspect Shelf,534,623,30.0,4217
812,14_2,dataset\raw\Videos_MERL_Shopping_Dataset\14_2_crop.mp4,train,4,Inspect Shelf,624,673,30.0,4217
813,14_2,dataset\raw\Videos_MERL_Shopping_Dataset\14_2_crop.mp4,train,4,Inspect Shelf,906,995,30.0,4217
814,14_2,dataset\raw\Videos_MERL_Shopping_Dataset\14_2_crop.mp4,train,4,Inspect Shelf,996,1036,30.0,4217
815,14_2,dataset\raw\Videos_MERL_Shopping_Dataset\14_2_crop.mp4,train,4,Inspect Shelf,1132,1221,30.0,4217
816,14_2,dataset\raw\Videos_MERL_Shopping_Dataset\14_2_crop.mp4,train,4,Inspect Shelf,1222,1269,30.0,4217
817,14_2,dataset\raw\Videos_MERL_Shopping_Dataset\14_2_crop.mp4,train,4,Inspect Shelf,2020,2109,30.0,4217
818,14_2,dataset\raw\Videos_MERL_Shopping_Dataset\14_2_crop.mp4,train,4,Inspect Shelf,2110,2136,30.0,4217
819,14_2,dataset\raw\Videos_MERL_Shopping_Dataset\14_2_crop.mp4,train,4,Inspect Shelf,3133,3195,30.0,4217
820,14_2,dataset\raw\Videos_MERL_Shopping_Dataset\14_2_crop.mp4,train,4,Inspect Shelf,3447,3536,30.0,4217
821,14_2,dataset\raw\Videos_MERL_Shopping_Dataset\14_2_crop.mp4,train,4,Inspect Shelf,3537,3560,30.0,4217
822,14_2,dataset\raw\Videos_MERL_Shopping_Dataset\14_2_crop.mp4,train,4,Inspect Shelf,3751,3805,30.0,4217
882,15_1,dataset\raw\Videos_MERL_Shopping_Dataset\15_1_crop.mp4,train,0,Reach to Shelf,1217,1241,30.0,3890
883,15_1,dataset\raw\Videos_MERL_Shopping_Dataset\15_1_crop.mp4,train,0,Reach to Shelf,1441,1465,30.0,3890
884,15_1,dataset\raw\Videos_MERL_Shopping_Dataset\15_1_crop.mp4,train,0,Reach to Shelf,1698,1728,30.0,3890
885,15_1,dataset\raw\Videos_MERL_Shopping_Dataset\15_1_crop.mp4,train,0,Reach to Shelf,1994,2015,30.0,3890
886,15_1,dataset\raw\Videos_MERL_Shopping_Dataset\15_1_crop.mp4,train,0,Reach to Shelf,2498,2541,30.0,3890
887,15_1,dataset\raw\Videos_MERL_Shopping_Dataset\15_1_crop.mp4,train,0,Reach to Shelf,3231,3276,30.0,3890
888,15_1,dataset\raw\Videos_MERL_Shopping_Dataset\15_1_crop.mp4,train,0,Reach to Shelf,1579,1619,30.0,3890
889,15_1,dataset\raw\Videos_MERL_Shopping_Dataset\15_1_crop.mp4,train,0,Reach to Shelf,1856,1915,30.0,3890
890,15_1,dataset\raw\Videos_MERL_Shopping_Dataset\15_1_crop.mp4,train,1,Retract from Shelf,1626,1642,30.0,3890
891,15_1,dataset\raw\Videos_MERL_Shopping_Dataset\15_1_crop.mp4,train,1,Retract from Shelf,1916,1960,30.0,3890
892,15_1,dataset\raw\Videos_MERL_Shopping_Dataset\15_1_crop.mp4,train,1,Retract from Shelf,2592,2617,30.0,3890
893,15_1,dataset\raw\Videos_MERL_Shopping_Dataset\15_1_crop.mp4,train,1,Retract from Shelf,3320,3336,30.0,3890
894,15_1,dataset\raw\Videos_MERL_Shopping_Dataset\15_1_crop.mp4,train,1,Retract from Shelf,1244,1264,30.0,3890
895,15_1,dataset\raw\Videos_MERL_Shopping_Dataset\15_1_crop.mp4,train,1,Retract from Shelf,1481,1511,30.0,3890
896,15_1,dataset\raw\Videos_MERL_Shopping_Dataset\15_1_crop.mp4,train,1,Retract from Shelf,1751,1785,30.0,3890
897,15_1,dataset\raw\Videos_MERL_Shopping_Dataset\15_1_crop.mp4,train,1,Retract from Shelf,2017,2041,30.0,3890
898,15_1,dataset\raw\Videos_MERL_Shopping_Dataset\15_1_crop.mp4,train,2,Hand in Shelf,1465,1480,30.0,3890
899,15_1,dataset\raw\Videos_MERL_Shopping_Dataset\15_1_crop.mp4,train,2,Hand in Shelf,1729,1749,30.0,3890
900,15_1,dataset\raw\Videos_MERL_Shopping_Dataset\15_1_crop.mp4,train,2,Hand in Shelf,2549,2583,30.0,3890
901,15_1,dataset\raw\Videos_MERL_Shopping_Dataset\15_1_crop.mp4,train,2,Hand in Shelf,3285,3320,30.0,3890
902,15_1,dataset\raw\Videos_MERL_Shopping_Dataset\15_1_crop.mp4,train,3,Inspect Product,1272,1361,30.0,3890
903,15_1,dataset\raw\Videos_MERL_Shopping_Dataset\15_1_crop.mp4,train,3,Inspect Product,1362,1386,30.0,3890
904,15_1,dataset\raw\Videos_MERL_Shopping_Dataset\15_1_crop.mp4,train,3,Inspect Product,1520,1579,30.0,3890
905,15_1,dataset\raw\Videos_MERL_Shopping_Dataset\15_1_crop.mp4,train,3,Inspect Product,1790,1851,30.0,3890
906,15_1,dataset\raw\Videos_MERL_Shopping_Dataset\15_1_crop.mp4,train,4,Inspect Shelf,168,257,30.0,3890
907,15_1,dataset\raw\Videos_MERL_Shopping_Dataset\15_1_crop.mp4,train,4,Inspect Shelf,258,347,30.0,3890
908,15_1,dataset\raw\Videos_MERL_Shopping_Dataset\15_1_crop.mp4,train,4,Inspect Shelf,348,437,30.0,3890
909,15_1,dataset\raw\Videos_MERL_Shopping_Dataset\15_1_crop.mp4,train,4,Inspect Shelf,438,527,30.0,3890
910,15_1,dataset\raw\Videos_MERL_Shopping_Dataset\15_1_crop.mp4,train,4,Inspect Shelf,528,617,30.0,3890
911,15_1,dataset\raw\Videos_MERL_Shopping_Dataset\15_1_crop.mp4,train,4,Inspect Shelf,618,707,30.0,3890
912,15_1,dataset\raw\Videos_MERL_Shopping_Dataset\15_1_crop.mp4,train,4,Inspect Shelf,708,797,30.0,3890
913,15_1,dataset\raw\Videos_MERL_Shopping_Dataset\15_1_crop.mp4,train,4,Inspect Shelf,798,887,30.0,3890
914,15_1,dataset\raw\Videos_MERL_Shopping_Dataset\15_1_crop.mp4,train,4,Inspect Shelf,888,977,30.0,3890
915,15_1,dataset\raw\Videos_MERL_Shopping_Dataset\15_1_crop.mp4,train,4,Inspect Shelf,978,1067,30.0,3890
916,15_1,dataset\raw\Videos_MERL_Shopping_Dataset\15_1_crop.mp4,train,4,Inspect Shelf,1068,1157,30.0,3890
917,15_1,dataset\raw\Videos_MERL_Shopping_Dataset\15_1_crop.mp4,train,4,Inspect Shelf,1158,1207,30.0,3890
918,15_1,dataset\raw\Videos_MERL_Shopping_Dataset\15_1_crop.mp4,train,4,Inspect Shelf,1392,1433,30.0,3890
919,15_1,dataset\raw\Videos_MERL_Shopping_Dataset\15_1_crop.mp4,train,4,Inspect Shelf,1647,1692,30.0,3890
920,15_1,dataset\raw\Videos_MERL_Shopping_Dataset\15_1_crop.mp4,train,4,Inspect Shelf,1964,1990,30.0,3890
921,15_1,dataset\raw\Videos_MERL_Shopping_Dataset\15_1_crop.mp4,train,4,Inspect Shelf,2404,2487,30.0,3890
922,15_1,dataset\raw\Videos_MERL_Shopping_Dataset\15_1_crop.mp4,train,4,Inspect Shelf,2621,2710,30.0,3890
923,15_1,dataset\raw\Videos_MERL_Shopping_Dataset\15_1_crop.mp4,train,4,Inspect Shelf,2711,2800,30.0,3890
924,15_1,dataset\raw\Videos_MERL_Shopping_Dataset\15_1_crop.mp4,train,4,Inspect Shelf,2801,2890,30.0,3890
925,15_1,dataset\raw\Videos_MERL_Shopping_Dataset\15_1_crop.mp4,train,4,Inspect Shelf,2891,2980,30.0,3890
926,15_1,dataset\raw\Videos_MERL_Shopping_Dataset\15_1_crop.mp4,train,4,Inspect Shelf,2981,3070,30.0,3890
927,15_1,dataset\raw\Videos_MERL_Shopping_Dataset\15_1_crop.mp4,train,4,Inspect Shelf,3071,3160,30.0,3890
928,15_1,dataset\raw\Videos_MERL_Shopping_Dataset\15_1_crop.mp4,train,4,Inspect Shelf,3161,3226,30.0,3890
929,15_1,dataset\raw\Videos_MERL_Shopping_Dataset\15_1_crop.mp4,train,4,Inspect Shelf,3341,3430,30.0,3890
930,15_1,dataset\raw\Videos_MERL_Shopping_Dataset\15_1_crop.mp4,train,4,Inspect Shelf,3431,3520,30.0,3890
931,15_1,dataset\raw\Videos_MERL_Shopping_Dataset\15_1_crop.mp4,train,4,Inspect Shelf,3521,3610,30.0,3890
932,15_1,dataset\raw\Videos_MERL_Shopping_Dataset\15_1_crop.mp4,train,4,Inspect Shelf,3611,3663,30.0,3890
933,15_2,dataset\raw\Videos_MERL_Shopping_Dataset\15_2_crop.mp4,train,0,Reach to Shelf,156,175,30.0,3946
934,15_2,dataset\raw\Videos_MERL_Shopping_Dataset\15_2_crop.mp4,train,0,Reach to Shelf,496,521,30.0,3946
935,15_2,dataset\raw\Videos_MERL_Shopping_Dataset\15_2_crop.mp4,train,0,Reach to Shelf,703,726,30.0,3946
936,15_2,dataset\raw\Videos_MERL_Shopping_Dataset\15_2_crop.mp4,train,0,Reach to Shelf,1308,1344,30.0,3946
937,15_2,dataset\raw\Videos_MERL_Shopping_Dataset\15_2_crop.mp4,train,0,Reach to Shelf,2073,2100,30.0,3946
938,15_2,dataset\raw\Videos_MERL_Shopping_Dataset\15_2_crop.mp4,train,0,Reach to Shelf,2104,2132,30.0,3946
939,15_2,dataset\raw\Videos_MERL_Shopping_Dataset\15_2_crop.mp4,train,0,Reach to Shelf,2431,2458,30.0,3946
940,15_2,dataset\raw\Videos_MERL_Shopping_Dataset\15_2_crop.mp4,train,0,Reach to Shelf,2462,2502,30.0,3946
941,15_2,dataset\raw\Videos_MERL_Shopping_Dataset\15_2_crop.mp4,train,0,Reach to Shelf,2597,2633,30.0,3946
942,15_2,dataset\raw\Videos_MERL_Shopping_Dataset\15_2_crop.mp4,train,0,Reach to Shelf,2704,2751,30.0,3946
943,15_2,dataset\raw\Videos_MERL_Shopping_Dataset\15_2_crop.mp4,train,0,Reach to Shelf,2923,2954,30.0,3946
944,15_2,dataset\raw\Videos_MERL_Shopping_Dataset\15_2_crop.mp4,train,0,Reach to Shelf,3147,3176,30.0,3946
945,15_2,dataset\raw\Videos_MERL_Shopping_Dataset\15_2_crop.mp4,train,0,Reach to Shelf,3270,3305,30.0,3946
946,15_2,dataset\raw\Videos_MERL_Shopping_Dataset\15_2_crop.mp4,train,0,Reach to Shelf,3417,3438,30.0,3946
947,15_2,dataset\raw\Videos_MERL_Shopping_Dataset\15_2_crop.mp4,train,0,Reach to Shelf,229,259,30.0,3946
948,15_2,dataset\raw\Videos_MERL_Shopping_Dataset\15_2_crop.mp4,train,0,Reach to Shelf,417,492,30.0,3946
949,15_2,dataset\raw\Videos_MERL_Shopping_Dataset\15_2_crop.mp4,train,0,Reach to Shelf,685,701,30.0,3946
950,15_2,dataset\raw\Videos_MERL_Shopping_Dataset\15_2_crop.mp4,train,0,Reach to Shelf,944,971,30.0,3946
951,15_2,dataset\raw\Videos_MERL_Shopping_Dataset\15_2_crop.mp4,train,0,Reach to Shelf,1250,1293,30.0,3946
952,15_2,dataset\raw\Videos_MERL_Shopping_Dataset\15_2_crop.mp4,train,0,Reach to Shelf,1709,1739,30.0,3946
953,15_2,dataset\raw\Videos_MERL_Shopping_Dataset\15_2_crop.mp4,train,0,Reach to Shelf,2259,2276,30.0,3946
954,15_2,dataset\raw\Videos_MERL_Shopping_Dataset\15_2_crop.mp4,train,0,Reach to Shelf,2404,2426,30.0,3946
955,15_2,dataset\raw\Videos_MERL_Shopping_Dataset\15_2_crop.mp4,train,0,Reach to Shelf,2544,2572,30.0,3946
956,15_2,dataset\raw\Videos_MERL_Shopping_Dataset\15_2_crop.mp4,train,0,Reach to Shelf,2677,2703,30.0,3946
957,15_2,dataset\raw\Videos_MERL_Shopping_Dataset\15_2_crop.mp4,train,0,Reach to Shelf,2782,2822,30.0,3946
958,15_2,dataset\raw\Videos_MERL_Shopping_Dataset\15_2_crop.mp4,train,0,Reach to Shelf,2901,2922,30.0,3946
959,15_2,dataset\raw\Videos_MERL_Shopping_Dataset\15_2_crop.mp4,train,0,Reach to Shelf,3043,3067,30.0,3946
960,15_2,dataset\raw\Videos_MERL_Shopping_Dataset\15_2_crop.mp4,train,0,Reach to Shelf,3104,3129,30.0,3946
961,15_2,dataset\raw\Videos_MERL_Shopping_Dataset\15_2_crop.mp4,train,0,Reach to Shelf,3397,3415,30.0,3946
962,15_2,dataset\raw\Videos_MERL_Shopping_Dataset\15_2_crop.mp4,train,0,Reach to Shelf,3522,3562,30.0,3946
963,15_2,dataset\raw\Videos_MERL_Shopping_Dataset\15_2_crop.mp4,train,0,Reach to Shelf,3790,3814,30.0,3946
964,15_2,dataset\raw\Videos_MERL_Shopping_Dataset\15_2_crop.mp4,train,1,Retract from Shelf,1852,1871,30.0,3946
965,15_2,dataset\raw\Videos_MERL_Shopping_Dataset\15_2_crop.mp4,train,1,Retract from Shelf,2171,2192,30.0,3946
966,15_2,dataset\raw\Videos_MERL_Shopping_Dataset\15_2_crop.mp4,train,1,Retract from Shelf,2573,2594,30.0,3946
967,15_2,dataset\raw\Videos_MERL_Shopping_Dataset\15_2_crop.mp4,train,1,Retract from Shelf,3131,3145,30.0,3946
968,15_2,dataset\raw\Videos_MERL_Shopping_Dataset\15_2_crop.mp4,train,1,Retract from Shelf,3178,3194,30.0,3946
969,15_2,dataset\raw\Videos_MERL_Shopping_Dataset\15_2_crop.mp4,train,1,Retract from Shelf,3816,3835,30.0,3946
970,15_2,dataset\raw\Videos_MERL_Shopping_Dataset\15_2_crop.mp4,train,1,Retract from Shelf,175,203,30.0,3946
971,15_2,dataset\raw\Videos_MERL_Shopping_Dataset\15_2_crop.mp4,train,1,Retract from Shelf,302,336,30.0,3946
972,15_2,dataset\raw\Videos_MERL_Shopping_Dataset\15_2_crop.mp4,train,1,Retract from Shelf,526,546,30.0,3946
973,15_2,dataset\raw\Videos_MERL_Shopping_Dataset\15_2_crop.mp4,train,1,Retract from Shelf,750,769,30.0,3946
974,15_2,dataset\raw\Videos_MERL_Shopping_Dataset\15_2_crop.mp4,train,1,Retract from Shelf,995,1022,30.0,3946
975,15_2,dataset\raw\Videos_MERL_Shopping_Dataset\15_2_crop.mp4,train,1,Retract from Shelf,1407,1428,30.0,3946
976,15_2,dataset\raw\Videos_MERL_Shopping_Dataset\15_2_crop.mp4,train,1,Retract from Shelf,2104,2132,30.0,3946
977,15_2,dataset\raw\Videos_MERL_Shopping_Dataset\15_2_crop.mp4,train,1,Retract from Shelf,2194,2212,30.0,3946
978,15_2,dataset\raw\Videos_MERL_Shopping_Dataset\15_2_crop.mp4,train,1,Retract from Shelf,2298,2321,30.0,3946
979,15_2,dataset\raw\Videos_MERL_Shopping_Dataset\15_2_crop.mp4,train,1,Retract from Shelf,2507,2531,30.0,3946
980,15_2,dataset\raw\Videos_MERL_Shopping_Dataset\15_2_crop.mp4,train,1,Retract from Shelf,2636,2663,30.0,3946
981,15_2,dataset\raw\Videos_MERL_Shopping_Dataset\15_2_crop.mp4,train,1,Retract from Shelf,2752,2779,30.0,3946
982,15_2,dataset\raw\Videos_MERL_Shopping_Dataset\15_2_crop.mp4,train,1,Retract from Shelf,2850,2878,30.0,3946
983,15_2,dataset\raw\Videos_MERL_Shopping_Dataset\15_2_crop.mp4,train,1,Retract from Shelf,2955,2975,30.0,3946
984,15_2,dataset\raw\Videos_MERL_Shopping_Dataset\15_2_crop.mp4,train,1,Retract from Shelf,3306,3336,30.0,3946
985,15_2,dataset\raw\Videos_MERL_Shopping_Dataset\15_2_crop.mp4,train,1,Retract from Shelf,3438,3460,30.0,3946
986,15_2,dataset\raw\Videos_MERL_Shopping_Dataset\15_2_crop.mp4,train,1,Retract from Shelf,3590,3620,30.0,3946
987,15_2,dataset\raw\Videos_MERL_Shopping_Dataset\15_2_crop.mp4,train,2,Hand in Shelf,260,298,30.0,3946
988,15_2,dataset\raw\Videos_MERL_Shopping_Dataset\15_2_crop.mp4,train,2,Hand in Shelf,727,748,30.0,3946
989,15_2,dataset\raw\Videos_MERL_Shopping_Dataset\15_2_crop.mp4,train,2,Hand in Shelf,1346,1405,30.0,3946
990,15_2,dataset\raw\Videos_MERL_Shopping_Dataset\15_2_crop.mp4,train,2,Hand in Shelf,1740,1829,30.0,3946
991,15_2,dataset\raw\Videos_MERL_Shopping_Dataset\15_2_crop.mp4,train,2,Hand in Shelf,1830,1851,30.0,3946
992,15_2,dataset\raw\Videos_MERL_Shopping_Dataset\15_2_crop.mp4,train,2,Hand in Shelf,2134,2170,30.0,3946
993,15_2,dataset\raw\Videos_MERL_Shopping_Dataset\15_2_crop.mp4,train,2,Hand in Shelf,2277,2298,30.0,3946
994,15_2,dataset\raw\Videos_MERL_Shopping_Dataset\15_2_crop.mp4,train,2,Hand in Shelf,2822,2849,30.0,3946
995,15_2,dataset\raw\Videos_MERL_Shopping_Dataset\15_2_crop.mp4,train,2,Hand in Shelf,3417,3438,30.0,3946
996,15_2,dataset\raw\Videos_MERL_Shopping_Dataset\15_2_crop.mp4,train,2,Hand in Shelf,3563,3590,30.0,3946
997,15_2,dataset\raw\Videos_MERL_Shopping_Dataset\15_2_crop.mp4,train,3,Inspect Product,203,227,30.0,3946
998,15_2,dataset\raw\Videos_MERL_Shopping_Dataset\15_2_crop.mp4,train,3,Inspect Product,337,415,30.0,3946
999,15_2,dataset\raw\Videos_MERL_Shopping_Dataset\15_2_crop.mp4,train,3,Inspect Product,547,636,30.0,3946
1000,15_2,dataset\raw\Videos_MERL_Shopping_Dataset\15_2_crop.mp4,train,3,Inspect Product,637,684,30.0,3946
1001,15_2,dataset\raw\Videos_MERL_Shopping_Dataset\15_2_crop.mp4,train,3,Inspect Product,771,860,30.0,3946
1002,15_2,dataset\raw\Videos_MERL_Shopping_Dataset\15_2_crop.mp4,train,3,Inspect Product,861,942,30.0,3946
1003,15_2,dataset\raw\Videos_MERL_Shopping_Dataset\15_2_crop.mp4,train,3,Inspect Product,1024,1113,30.0,3946
1004,15_2,dataset\raw\Videos_MERL_Shopping_Dataset\15_2_crop.mp4,train,3,Inspect Product,1114,1203,30.0,3946
1005,15_2,dataset\raw\Videos_MERL_Shopping_Dataset\15_2_crop.mp4,train,3,Inspect Product,1204,1250,30.0,3946
1006,15_2,dataset\raw\Videos_MERL_Shopping_Dataset\15_2_crop.mp4,train,3,Inspect Product,1430,1519,30.0,3946
1007,15_2,dataset\raw\Videos_MERL_Shopping_Dataset\15_2_crop.mp4,train,3,Inspect Product,1520,1609,30.0,3946
1008,15_2,dataset\raw\Videos_MERL_Shopping_Dataset\15_2_crop.mp4,train,3,Inspect Product,1610,1699,30.0,3946
1009,15_2,dataset\raw\Videos_MERL_Shopping_Dataset\15_2_crop.mp4,train,3,Inspect Product,2213,2258,30.0,3946
1010,15_2,dataset\raw\Videos_MERL_Shopping_Dataset\15_2_crop.mp4,train,3,Inspect Product,2322,2402,30.0,3946
1011,15_2,dataset\raw\Videos_MERL_Shopping_Dataset\15_2_crop.mp4,train,3,Inspect Product,2878,2899,30.0,3946
1012,15_2,dataset\raw\Videos_MERL_Shopping_Dataset\15_2_crop.mp4,train,3,Inspect Product,2975,3042,30.0,3946
1013,15_2,dataset\raw\Videos_MERL_Shopping_Dataset\15_2_crop.mp4,train,3,Inspect Product,3081,3103,30.0,3946
1014,15_2,dataset\raw\Videos_MERL_Shopping_Dataset\15_2_crop.mp4,train,3,Inspect Product,3338,3397,30.0,3946
1015,15_2,dataset\raw\Videos_MERL_Shopping_Dataset\15_2_crop.mp4,train,3,Inspect Product,3462,3522,30.0,3946
1016,15_2,dataset\raw\Videos_MERL_Shopping_Dataset\15_2_crop.mp4,train,3,Inspect Product,3621,3710,30.0,3946
1017,15_2,dataset\raw\Videos_MERL_Shopping_Dataset\15_2_crop.mp4,train,3,Inspect Product,3711,3787,30.0,3946
1018,15_2,dataset\raw\Videos_MERL_Shopping_Dataset\15_2_crop.mp4,train,4,Inspect Shelf,3195,3269,30.0,3946
1019,15_3,dataset\raw\Videos_MERL_Shopping_Dataset\15_3_crop.mp4,train,0,Reach to Shelf,138,174,30.0,3929
1020,15_3,dataset\raw\Videos_MERL_Shopping_Dataset\15_3_crop.mp4,train,0,Reach to Shelf,285,311,30.0,3929
1021,15_3,dataset\raw\Videos_MERL_Shopping_Dataset\15_3_crop.mp4,train,0,Reach to Shelf,420,454,30.0,3929
1022,15_3,dataset\raw\Videos_MERL_Shopping_Dataset\15_3_crop.mp4,train,0,Reach to Shelf,582,616,30.0,3929
1023,15_3,dataset\raw\Videos_MERL_Shopping_Dataset\15_3_crop.mp4,train,0,Reach to Shelf,835,871,30.0,3929
1024,15_3,dataset\raw\Videos_MERL_Shopping_Dataset\15_3_crop.mp4,train,0,Reach to Shelf,1033,1054,30.0,3929
1025,15_3,dataset\raw\Videos_MERL_Shopping_Dataset\15_3_crop.mp4,train,0,Reach to Shelf,1205,1241,30.0,3929
1026,15_3,dataset\raw\Videos_MERL_Shopping_Dataset\15_3_crop.mp4,train,0,Reach to Shelf,1368,1390,30.0,3929
1027,15_3,dataset\raw\Videos_MERL_Shopping_Dataset\15_3_crop.mp4,train,0,Reach to Shelf,1552,1580,30.0,3929
1028,15_3,dataset\raw\Videos_MERL_Shopping_Dataset\15_3_crop.mp4,train,0,Reach to Shelf,1674,1727,30.0,3929
1029,15_3,dataset\raw\Videos_MERL_Shopping_Dataset\15_3_crop.mp4,train,0,Reach to Shelf,2262,2292,30.0,3929
1030,15_3,dataset\raw\Videos_MERL_Shopping_Dataset\15_3_crop.mp4,train,0,Reach to Shelf,2556,2604,30.0,3929
1031,15_3,dataset\raw\Videos_MERL_Shopping_Dataset\15_3_crop.mp4,train,0,Reach to Shelf,2835,2865,30.0,3929
1032,15_3,dataset\raw\Videos_MERL_Shopping_Dataset\15_3_crop.mp4,train,0,Reach to Shelf,3010,3038,30.0,3929
1033,15_3,dataset\raw\Videos_MERL_Shopping_Dataset\15_3_crop.mp4,train,0,Reach to Shelf,3247,3303,30.0,3929
1034,15_3,dataset\raw\Videos_MERL_Shopping_Dataset\15_3_crop.mp4,train,0,Reach to Shelf,3357,3385,30.0,3929
1035,15_3,dataset\raw\Videos_MERL_Shopping_Dataset\15_3_crop.mp4,train,0,Reach to Shelf,3440,3467,30.0,3929
1036,15_3,dataset\raw\Videos_MERL_Shopping_Dataset\15_3_crop.mp4,train,0,Reach to Shelf,227,283,30.0,3929
1037,15_3,dataset\raw\Videos_MERL_Shopping_Dataset\15_3_crop.mp4,train,0,Reach to Shelf,987,1004,30.0,3929
1038,15_3,dataset\raw\Videos_MERL_Shopping_Dataset\15_3_crop.mp4,train,0,Reach to Shelf,2901,2931,30.0,3929
1039,15_3,dataset\raw\Videos_MERL_Shopping_Dataset\15_3_crop.mp4,train,0,Reach to Shelf,3741,3774,30.0,3929
1040,15_3,dataset\raw\Videos_MERL_Shopping_Dataset\15_3_crop.mp4,train,1,Retract from Shelf,1006,1031,30.0,3929
1041,15_3,dataset\raw\Videos_MERL_Shopping_Dataset\15_3_crop.mp4,train,1,Retract from Shelf,3307,3354,30.0,3929
1042,15_3,dataset\raw\Videos_MERL_Shopping_Dataset\15_3_crop.mp4,train,1,Retract from Shelf,3387,3419,30.0,3929
1043,15_3,dataset\raw\Videos_MERL_Shopping_Dataset\15_3_crop.mp4,train,1,Retract from Shelf,3775,3807,30.0,3929
1044,15_3,dataset\raw\Videos_MERL_Shopping_Dataset\15_3_crop.mp4,train,1,Retract from Shelf,174,225,30.0,3929
1045,15_3,dataset\raw\Videos_MERL_Shopping_Dataset\15_3_crop.mp4,train,1,Retract from Shelf,322,360,30.0,3929
1046,15_3,dataset\raw\Videos_MERL_Shopping_Dataset\15_3_crop.mp4,train,1,Retract from Shelf,455,527,30.0,3929
1047,15_3,dataset\raw\Videos_MERL_Shopping_Dataset\15_3_crop.mp4,train,1,Retract from Shelf,688,728,30.0,3929
1048,15_3,dataset\raw\Videos_MERL_Shopping_Dataset\15_3_crop.mp4,train,1,Retract from Shelf,873,919,30.0,3929
1049,15_3,dataset\raw\Videos_MERL_Shopping_Dataset\15_3_crop.mp4,train,1,Retract from Shelf,1055,1083,30.0,3929
1050,15_3,dataset\raw\Videos_MERL_Shopping_Dataset\15_3_crop.mp4,train,1,Retract from Shelf,1331,1367,30.0,3929
1051,15_3,dataset\raw\Videos_MERL_Shopping_Dataset\15_3_crop.mp4,train,1,Retract from Shelf,1391,1446,30.0,3929
1052,15_3,dataset\raw\Videos_MERL_Shopping_Dataset\15_3_crop.mp4,train,1,Retract from Shelf,1581,1628,30.0,3929
1053,15_3,dataset\raw\Videos_MERL_Shopping_Dataset\15_3_crop.mp4,train,1,Retract from Shelf,1729,1786,30.0,3929
1054,15_3,dataset\raw\Videos_MERL_Shopping_Dataset\15_3_crop.mp4,train,1,Retract from Shelf,2292,2340,30.0,3929
1055,15_3,dataset\raw\Videos_MERL_Shopping_Dataset\15_3_crop.mp4,train,1,Retract from Shelf,2674,2697,30.0,3929
1056,15_3,dataset\raw\Videos_MERL_Shopping_Dataset\15_3_crop.mp4,train,1,Retract from Shelf,2867,2900,30.0,3929
1057,15_3,dataset\raw\Videos_MERL_Shopping_Dataset\15_3_crop.mp4,train,1,Retract from Shelf,2958,3009,30.0,3929
1058,15_3,dataset\raw\Videos_MERL_Shopping_Dataset\15_3_crop.mp4,train,1,Retract from Shelf,3061,3104,30.0,3929
1059,15_3,dataset\raw\Videos_MERL_Shopping_Dataset\15_3_crop.mp4,train,1,Retract from Shelf,3470,3496,30.0,3929
1060,15_3,dataset\raw\Videos_MERL_Shopping_Dataset\15_3_crop.mp4,train,2,Hand in Shelf,616,688,30.0,3929
1061,15_3,dataset\raw\Videos_MERL_Shopping_Dataset\15_3_crop.mp4,train,2,Hand in Shelf,1248,1331,30.0,3929
1062,15_3,dataset\raw\Videos_MERL_Shopping_Dataset\15_3_crop.mp4,train,2,Hand in Shelf,2607,2674,30.0,3929
1063,15_3,dataset\raw\Videos_MERL_Shopping_Dataset\15_3_crop.mp4,train,2,Hand in Shelf,2932,2959,30.0,3929
1064,15_3,dataset\raw\Videos_MERL_Shopping_Dataset\15_3_crop.mp4,train,2,Hand in Shelf,3041,3061,30.0,3929
1065,15_3,dataset\raw\Videos_MERL_Shopping_Dataset\15_3_crop.mp4,train,3,Inspect Product,363,397,30.0,3929
1066,15_3,dataset\raw\Videos_MERL_Shopping_Dataset\15_3_crop.mp4,train,3,Inspect Product,529,548,30.0,3929
1067,15_3,dataset\raw\Videos_MERL_Shopping_Dataset\15_3_crop.mp4,train,3,Inspect Product,732,809,30.0,3929
1068,15_3,dataset\raw\Videos_MERL_Shopping_Dataset\15_3_crop.mp4,train,3,Inspect Product,925,987,30.0,3929
1069,15_3,dataset\raw\Videos_MERL_Shopping_Dataset\15_3_crop.mp4,train,3,Inspect Product,1084,1120,30.0,3929
1070,15_3,dataset\raw\Videos_MERL_Shopping_Dataset\15_3_crop.mp4,train,3,Inspect Product,1448,1503,30.0,3929
1071,15_3,dataset\raw\Videos_MERL_Shopping_Dataset\15_3_crop.mp4,train,3,Inspect Product,1628,1653,30.0,3929
1072,15_3,dataset\raw\Videos_MERL_Shopping_Dataset\15_3_crop.mp4,train,3,Inspect Product,1787,1876,30.0,3929
1073,15_3,dataset\raw\Videos_MERL_Shopping_Dataset\15_3_crop.mp4,train,3,Inspect Product,2342,2383,30.0,3929
1074,15_3,dataset\raw\Videos_MERL_Shopping_Dataset\15_3_crop.mp4,train,4,Inspect Shelf,1123,1200,30.0,3929
1075,15_3,dataset\raw\Videos_MERL_Shopping_Dataset\15_3_crop.mp4,train,4,Inspect Shelf,1532,1554,30.0,3929
1076,15_3,dataset\raw\Videos_MERL_Shopping_Dataset\15_3_crop.mp4,train,4,Inspect Shelf,2228,2263,30.0,3929
1077,15_3,dataset\raw\Videos_MERL_Shopping_Dataset\15_3_crop.mp4,train,4,Inspect Shelf,2431,2520,30.0,3929
1078,15_3,dataset\raw\Videos_MERL_Shopping_Dataset\15_3_crop.mp4,train,4,Inspect Shelf,2521,2555,30.0,3929
1079,15_3,dataset\raw\Videos_MERL_Shopping_Dataset\15_3_crop.mp4,train,4,Inspect Shelf,2698,2787,30.0,3929
1080,15_3,dataset\raw\Videos_MERL_Shopping_Dataset\15_3_crop.mp4,train,4,Inspect Shelf,2788,2833,30.0,3929
1081,15_3,dataset\raw\Videos_MERL_Shopping_Dataset\15_3_crop.mp4,train,4,Inspect Shelf,3174,3246,30.0,3929
1082,15_3,dataset\raw\Videos_MERL_Shopping_Dataset\15_3_crop.mp4,train,4,Inspect Shelf,3500,3589,30.0,3929
1083,15_3,dataset\raw\Videos_MERL_Shopping_Dataset\15_3_crop.mp4,train,4,Inspect Shelf,3590,3679,30.0,3929
1084,15_3,dataset\raw\Videos_MERL_Shopping_Dataset\15_3_crop.mp4,train,4,Inspect Shelf,3680,3743,30.0,3929
1085,16_1,dataset\raw\Videos_MERL_Shopping_Dataset\16_1_crop.mp4,train,0,Reach to Shelf,530,548,30.0,4276
1086,16_1,dataset\raw\Videos_MERL_Shopping_Dataset\16_1_crop.mp4,train,0,Reach to Shelf,1048,1075,30.0,4276
1087,16_1,dataset\raw\Videos_MERL_Shopping_Dataset\16_1_crop.mp4,train,0,Reach to Shelf,1499,1525,30.0,4276
1088,16_1,dataset\raw\Videos_MERL_Shopping_Dataset\16_1_crop.mp4,train,0,Reach to Shelf,1674,1698,30.0,4276
1089,16_1,dataset\raw\Videos_MERL_Shopping_Dataset\16_1_crop.mp4,train,0,Reach to Shelf,2083,2104,30.0,4276
1090,16_1,dataset\raw\Videos_MERL_Shopping_Dataset\16_1_crop.mp4,train,0,Reach to Shelf,2316,2334,30.0,4276
1091,16_1,dataset\raw\Videos_MERL_Shopping_Dataset\16_1_crop.mp4,train,0,Reach to Shelf,2478,2496,30.0,4276
1092,16_1,dataset\raw\Videos_MERL_Shopping_Dataset\16_1_crop.mp4,train,0,Reach to Shelf,3129,3172,30.0,4276
1093,16_1,dataset\raw\Videos_MERL_Shopping_Dataset\16_1_crop.mp4,train,0,Reach to Shelf,3864,3888,30.0,4276
1094,16_1,dataset\raw\Videos_MERL_Shopping_Dataset\16_1_crop.mp4,train,0,Reach to Shelf,396,432,30.0,4276
1095,16_1,dataset\raw\Videos_MERL_Shopping_Dataset\16_1_crop.mp4,train,0,Reach to Shelf,1249,1295,30.0,4276
1096,16_1,dataset\raw\Videos_MERL_Shopping_Dataset\16_1_crop.mp4,train,0,Reach to Shelf,1595,1629,30.0,4276
1097,16_1,dataset\raw\Videos_MERL_Shopping_Dataset\16_1_crop.mp4,train,0,Reach to Shelf,2406,2420,30.0,4276
1098,16_1,dataset\raw\Videos_MERL_Shopping_Dataset\16_1_crop.mp4,train,0,Reach to Shelf,2436,2461,30.0,4276
1099,16_1,dataset\raw\Videos_MERL_Shopping_Dataset\16_1_crop.mp4,train,0,Reach to Shelf,2764,2802,30.0,4276
1100,16_1,dataset\raw\Videos_MERL_Shopping_Dataset\16_1_crop.mp4,train,0,Reach to Shelf,2973,3015,30.0,4276
1101,16_1,dataset\raw\Videos_MERL_Shopping_Dataset\16_1_crop.mp4,train,0,Reach to Shelf,3347,3377,30.0,4276
1102,16_1,dataset\raw\Videos_MERL_Shopping_Dataset\16_1_crop.mp4,train,1,Retract from Shelf,490,524,30.0,4276
1103,16_1,dataset\raw\Videos_MERL_Shopping_Dataset\16_1_crop.mp4,train,1,Retract from Shelf,1415,1438,30.0,4276
1104,16_1,dataset\raw\Videos_MERL_Shopping_Dataset\16_1_crop.mp4,train,1,Retract from Shelf,1700,1729,30.0,4276
1105,16_1,dataset\raw\Videos_MERL_Shopping_Dataset\16_1_crop.mp4,train,1,Retract from Shelf,2461,2477,30.0,4276
1106,16_1,dataset\raw\Videos_MERL_Shopping_Dataset\16_1_crop.mp4,train,1,Retract from Shelf,2804,2821,30.0,4276
1107,16_1,dataset\raw\Videos_MERL_Shopping_Dataset\16_1_crop.mp4,train,1,Retract from Shelf,3032,3046,30.0,4276
1108,16_1,dataset\raw\Videos_MERL_Shopping_Dataset\16_1_crop.mp4,train,1,Retract from Shelf,3903,3922,30.0,4276
1109,16_1,dataset\raw\Videos_MERL_Shopping_Dataset\16_1_crop.mp4,train,1,Retract from Shelf,221,254,30.0,4276
1110,16_1,dataset\raw\Videos_MERL_Shopping_Dataset\16_1_crop.mp4,train,1,Retract from Shelf,575,605,30.0,4276
1111,16_1,dataset\raw\Videos_MERL_Shopping_Dataset\16_1_crop.mp4,train,1,Retract from Shelf,1080,1117,30.0,4276
1112,16_1,dataset\raw\Videos_MERL_Shopping_Dataset\16_1_crop.mp4,train,1,Retract from Shelf,1528,1557,30.0,4276
1113,16_1,dataset\raw\Videos_MERL_Shopping_Dataset\16_1_crop.mp4,train,1,Retract from Shelf,2108,2131,30.0,4276
1114,16_1,dataset\raw\Videos_MERL_Shopping_Dataset\16_1_crop.mp4,train,1,Retract from Shelf,2336,2361,30.0,4276
1115,16_1,dataset\raw\Videos_MERL_Shopping_Dataset\16_1_crop.mp4,train,1,Retract from Shelf,2497,2514,30.0,4276
1116,16_1,dataset\raw\Videos_MERL_Shopping_Dataset\16_1_crop.mp4,train,1,Retract from Shelf,3198,3224,30.0,4276
1117,16_1,dataset\raw\Videos_MERL_Shopping_Dataset\16_1_crop.mp4,train,1,Retract from Shelf,3410,3434,30.0,4276
1118,16_1,dataset\raw\Videos_MERL_Shopping_Dataset\16_1_crop.mp4,train,2,Hand in Shelf,191,217,30.0,4276
1119,16_1,dataset\raw\Videos_MERL_Shopping_Dataset\16_1_crop.mp4,train,2,Hand in Shelf,436,487,30.0,4276
1120,16_1,dataset\raw\Videos_MERL_Shopping_Dataset\16_1_crop.mp4,train,2,Hand in Shelf,551,572,30.0,4276
1121,16_1,dataset\raw\Videos_MERL_Shopping_Dataset\16_1_crop.mp4,train,2,Hand in Shelf,1299,1388,30.0,4276
1122,16_1,dataset\raw\Videos_MERL_Shopping_Dataset\16_1_crop.mp4,train,2,Hand in Shelf,1389,1411,30.0,4276
1123,16_1,dataset\raw\Videos_MERL_Shopping_Dataset\16_1_crop.mp4,train,2,Hand in Shelf,1630,1657,30.0,4276
1124,16_1,dataset\raw\Videos_MERL_Shopping_Dataset\16_1_crop.mp4,train,2,Hand in Shelf,3173,3198,30.0,4276
1125,16_1,dataset\raw\Videos_MERL_Shopping_Dataset\16_1_crop.mp4,train,2,Hand in Shelf,3379,3408,30.0,4276
1126,16_1,dataset\raw\Videos_MERL_Shopping_Dataset\16_1_crop.mp4,train,3,Inspect Product,258,347,30.0,4276
1127,16_1,dataset\raw\Videos_MERL_Shopping_Dataset\16_1_crop.mp4,train,3,Inspect Product,348,396,30.0,4276
1128,16_1,dataset\raw\Videos_MERL_Shopping_Dataset\16_1_crop.mp4,train,3,Inspect Product,612,674,30.0,4276
1129,16_1,dataset\raw\Videos_MERL_Shopping_Dataset\16_1_crop.mp4,train,3,Inspect Product,1123,1208,30.0,4276
1130,16_1,dataset\raw\Videos_MERL_Shopping_Dataset\16_1_crop.mp4,train,3,Inspect Product,1561,1591,30.0,4276
1131,16_1,dataset\raw\Videos_MERL_Shopping_Dataset\16_1_crop.mp4,train,3,Inspect Product,2138,2227,30.0,4276
1132,16_1,dataset\raw\Videos_MERL_Shopping_Dataset\16_1_crop.mp4,train,3,Inspect Product,2228,2309,30.0,4276
1133,16_1,dataset\raw\Videos_MERL_Shopping_Dataset\16_1_crop.mp4,train,3,Inspect Product,2364,2403,30.0,4276
1134,16_1,dataset\raw\Videos_MERL_Shopping_Dataset\16_1_crop.mp4,train,3,Inspect Product,2517,2606,30.0,4276
1135,16_1,dataset\raw\Videos_MERL_Shopping_Dataset\16_1_crop.mp4,train,3,Inspect Product,2607,2696,30.0,4276
1136,16_1,dataset\raw\Videos_MERL_Shopping_Dataset\16_1_crop.mp4,train,3,Inspect Product,2697,2762,30.0,4276
1137,16_1,dataset\raw\Videos_MERL_Shopping_Dataset\16_1_crop.mp4,train,3,Inspect Product,2823,2912,30.0,4276
1138,16_1,dataset\raw\Videos_MERL_Shopping_Dataset\16_1_crop.mp4,train,3,Inspect Product,2913,2971,30.0,4276
1139,16_1,dataset\raw\Videos_MERL_Shopping_Dataset\16_1_crop.mp4,train,3,Inspect Product,3226,3315,30.0,4276
1140,16_1,dataset\raw\Videos_MERL_Shopping_Dataset\16_1_crop.mp4,train,3,Inspect Product,3316,3345,30.0,4276
1141,16_1,dataset\raw\Videos_MERL_Shopping_Dataset\16_1_crop.mp4,train,3,Inspect Product,3436,3525,30.0,4276
1142,16_1,dataset\raw\Videos_MERL_Shopping_Dataset\16_1_crop.mp4,train,3,Inspect Product,3526,3547,30.0,4276
1143,16_1,dataset\raw\Videos_MERL_Shopping_Dataset\16_1_crop.mp4,train,4,Inspect Shelf,690,779,30.0,4276
1144,16_1,dataset\raw\Videos_MERL_Shopping_Dataset\16_1_crop.mp4,train,4,Inspect Shelf,780,869,30.0,4276
1145,16_1,dataset\raw\Videos_MERL_Shopping_Dataset\16_1_crop.mp4,train,4,Inspect Shelf,870,959,30.0,4276
1146,16_1,dataset\raw\Videos_MERL_Shopping_Dataset\16_1_crop.mp4,train,4,Inspect Shelf,960,1036,30.0,4276
1147,16_1,dataset\raw\Videos_MERL_Shopping_Dataset\16_1_crop.mp4,train,4,Inspect Shelf,1212,1246,30.0,4276
1148,16_1,dataset\raw\Videos_MERL_Shopping_Dataset\16_1_crop.mp4,train,4,Inspect Shelf,1442,1495,30.0,4276
1149,16_1,dataset\raw\Videos_MERL_Shopping_Dataset\16_1_crop.mp4,train,4,Inspect Shelf,3047,3126,30.0,4276
1150,16_1,dataset\raw\Videos_MERL_Shopping_Dataset\16_1_crop.mp4,train,4,Inspect Shelf,3549,3638,30.0,4276
1151,16_1,dataset\raw\Videos_MERL_Shopping_Dataset\16_1_crop.mp4,train,4,Inspect Shelf,3639,3728,30.0,4276
1152,16_1,dataset\raw\Videos_MERL_Shopping_Dataset\16_1_crop.mp4,train,4,Inspect Shelf,3729,3818,30.0,4276
1153,16_1,dataset\raw\Videos_MERL_Shopping_Dataset\16_1_crop.mp4,train,4,Inspect Shelf,3819,3864,30.0,4276
1154,16_2,dataset\raw\Videos_MERL_Shopping_Dataset\16_2_crop.mp4,train,0,Reach to Shelf,466,502,30.0,4310
1155,16_2,dataset\raw\Videos_MERL_Shopping_Dataset\16_2_crop.mp4,train,0,Reach to Shelf,835,862,30.0,4310
1156,16_2,dataset\raw\Videos_MERL_Shopping_Dataset\16_2_crop.mp4,train,0,Reach to Shelf,1139,1218,30.0,4310
1157,16_2,dataset\raw\Videos_MERL_Shopping_Dataset\16_2_crop.mp4,train,0,Reach to Shelf,1804,1840,30.0,4310
1158,16_2,dataset\raw\Videos_MERL_Shopping_Dataset\16_2_crop.mp4,train,0,Reach to Shelf,1931,1958,30.0,4310
1159,16_2,dataset\raw\Videos_MERL_Shopping_Dataset\16_2_crop.mp4,train,0,Reach to Shelf,2464,2489,30.0,4310
1160,16_2,dataset\raw\Videos_MERL_Shopping_Dataset\16_2_crop.mp4,train,0,Reach to Shelf,2604,2627,30.0,4310
1161,16_2,dataset\raw\Videos_MERL_Shopping_Dataset\16_2_crop.mp4,train,0,Reach to Shelf,2738,2767,30.0,4310
1162,16_2,dataset\raw\Videos_MERL_Shopping_Dataset\16_2_crop.mp4,train,0,Reach to Shelf,2946,2975,30.0,4310
1163,16_2,dataset\raw\Videos_MERL_Shopping_Dataset\16_2_crop.mp4,train,0,Reach to Shelf,3158,3192,30.0,4310
1164,16_2,dataset\raw\Videos_MERL_Shopping_Dataset\16_2_crop.mp4,train,0,Reach to Shelf,3426,3461,30.0,4310
1165,16_2,dataset\raw\Videos_MERL_Shopping_Dataset\16_2_crop.mp4,train,0,Reach to Shelf,3765,3797,30.0,4310
1166,16_2,dataset\raw\Videos_MERL_Shopping_Dataset\16_2_crop.mp4,train,0,Reach to Shelf,1028,1063,30.0,4310
1167,16_2,dataset\raw\Videos_MERL_Shopping_Dataset\16_2_crop.mp4,train,0,Reach to Shelf,1874,1906,30.0,4310
1168,16_2,dataset\raw\Videos_MERL_Shopping_Dataset\16_2_crop.mp4,train,0,Reach to Shelf,2541,2567,30.0,4310
1169,16_2,dataset\raw\Videos_MERL_Shopping_Dataset\16_2_crop.mp4,train,0,Reach to Shelf,2848,2873,30.0,4310
1170,16_2,dataset\raw\Videos_MERL_Shopping_Dataset\16_2_crop.mp4,train,0,Reach to Shelf,3262,3279,30.0,4310
1171,16_2,dataset\raw\Videos_MERL_Shopping_Dataset\16_2_crop.mp4,train,0,Reach to Shelf,3681,3730,30.0,4310
1172,16_2,dataset\raw\Videos_MERL_Shopping_Dataset\16_2_crop.mp4,train,1,Retract from Shelf,1907,1930,30.0,4310
1173,16_2,dataset\raw\Videos_MERL_Shopping_Dataset\16_2_crop.mp4,train,1,Retract from Shelf,2659,2688,30.0,4310
1174,16_2,dataset\raw\Videos_MERL_Shopping_Dataset\16_2_crop.mp4,train,1,Retract from Shelf,2873,2898,30.0,4310
1175,16_2,dataset\raw\Videos_MERL_Shopping_Dataset\16_2_crop.mp4,train,1,Retract from Shelf,3025,3045,30.0,4310
1176,16_2,dataset\raw\Videos_MERL_Shopping_Dataset\16_2_crop.mp4,train,1,Retract from Shelf,3733,3762,30.0,4310
1177,16_2,dataset\raw\Videos_MERL_Shopping_Dataset\16_2_crop.mp4,train,1,Retract from Shelf,503,534,30.0,4310
1178,16_2,dataset\raw\Videos_MERL_Shopping_Dataset\16_2_crop.mp4,train,1,Retract from Shelf,862,894,30.0,4310
1179,16_2,dataset\raw\Videos_MERL_Shopping_Dataset\16_2_crop.mp4,train,1,Retract from Shelf,1220,1248,30.0,4310
1180,16_2,dataset\raw\Videos_MERL_Shopping_Dataset\16_2_crop.mp4,train,1,Retract from Shelf,1843,1873,30.0,4310
1181,16_2,dataset\raw\Videos_MERL_Shopping_Dataset\16_2_crop.mp4,train,1,Retract from Shelf,2490,2523,30.0,4310
1182,16_2,dataset\raw\Videos_MERL_Shopping_Dataset\16_2_crop.mp4,train,1,Retract from Shelf,2805,2827,30.0,4310
1183,16_2,dataset\raw\Videos_MERL_Shopping_Dataset\16_2_crop.mp4,train,1,Retract from Shelf,3228,3261,30.0,4310
1184,16_2,dataset\raw\Videos_MERL_Shopping_Dataset\16_2_crop.mp4,train,1,Retract from Shelf,3464,3499,30.0,4310
1185,16_2,dataset\raw\Videos_MERL_Shopping_Dataset\16_2_crop.mp4,train,1,Retract from Shelf,3801,3851,30.0,4310
1186,16_2,dataset\raw\Videos_MERL_Shopping_Dataset\16_2_crop.mp4,train,2,Hand in Shelf,1064,1137,30.0,4310
1187,16_2,dataset\raw\Videos_MERL_Shopping_Dataset\16_2_crop.mp4,train,2,Hand in Shelf,1960,2002,30.0,4310
1188,16_2,dataset\raw\Videos_MERL_Shopping_Dataset\16_2_crop.mp4,train,2,Hand in Shelf,2568,2604,30.0,4310
1189,16_2,dataset\raw\Videos_MERL_Shopping_Dataset\16_2_crop.mp4,train,2,Hand in Shelf,2628,2658,30.0,4310
1190,16_2,dataset\raw\Videos_MERL_Shopping_Dataset\16_2_crop.mp4,train,2,Hand in Shelf,2688,2737,30.0,4310
1191,16_2,dataset\raw\Videos_MERL_Shopping_Dataset\16_2_crop.mp4,train,2,Hand in Shelf,2767,2804,30.0,4310
1192,16_2,dataset\raw\Videos_MERL_Shopping_Dataset\16_2_crop.mp4,train,2,Hand in Shelf,2975,3023,30.0,4310
1193,16_2,dataset\raw\Videos_MERL_Shopping_Dataset\16_2_crop.mp4,train,2,Hand in Shelf,3192,3228,30.0,4310
1194,16_2,dataset\raw\Videos_MERL_Shopping_Dataset\16_2_crop.mp4,train,3,Inspect Product,538,627,30.0,4310
1195,16_2,dataset\raw\Videos_MERL_Shopping_Dataset\16_2_crop.mp4,train,3,Inspect Product,628,717,30.0,4310
1196,16_2,dataset\raw\Videos_MERL_Shopping_Dataset\16_2_crop.mp4,train,3,Inspect Product,903,992,30.0,4310
1197,16_2,dataset\raw\Videos_MERL_Shopping_Dataset\16_2_crop.mp4,train,3,Inspect Product,993,1027,30.0,4310
1198,16_2,dataset\raw\Videos_MERL_Shopping_Dataset\16_2_crop.mp4,train,3,Inspect Product,1248,1335,30.0,4310
1199,16_2,dataset\raw\Videos_MERL_Shopping_Dataset\16_2_crop.mp4,train,3,Inspect Product,2524,2540,30.0,4310
1200,16_2,dataset\raw\Videos_MERL_Shopping_Dataset\16_2_crop.mp4,train,3,Inspect Product,2828,2847,30.0,4310
1201,16_2,dataset\raw\Videos_MERL_Shopping_Dataset\16_2_crop.mp4,train,3,Inspect Product,3500,3589,30.0,4310
1202,16_2,dataset\raw\Videos_MERL_Shopping_Dataset\16_2_crop.mp4,train,3,Inspect Product,3590,3679,30.0,4310
1203,16_2,dataset\raw\Videos_MERL_Shopping_Dataset\16_2_crop.mp4,train,3,Inspect Product,3854,3943,30.0,4310
1204,16_2,dataset\raw\Videos_MERL_Shopping_Dataset\16_2_crop.mp4,train,3,Inspect Product,3944,4030,30.0,4310
1205,16_2,dataset\raw\Videos_MERL_Shopping_Dataset\16_2_crop.mp4,train,4,Inspect Shelf,187,276,30.0,4310
1206,16_2,dataset\raw\Videos_MERL_Shopping_Dataset\16_2_crop.mp4,train,4,Inspect Shelf,277,366,30.0,4310
1207,16_2,dataset\raw\Videos_MERL_Shopping_Dataset\16_2_crop.mp4,train,4,Inspect Shelf,367,456,30.0,4310
1208,16_2,dataset\raw\Videos_MERL_Shopping_Dataset\16_2_crop.mp4,train,4,Inspect Shelf,720,809,30.0,4310
1209,16_2,dataset\raw\Videos_MERL_Shopping_Dataset\16_2_crop.mp4,train,4,Inspect Shelf,810,831,30.0,4310
1210,16_2,dataset\raw\Videos_MERL_Shopping_Dataset\16_2_crop.mp4,train,4,Inspect Shelf,1340,1429,30.0,4310
1211,16_2,dataset\raw\Videos_MERL_Shopping_Dataset\16_2_crop.mp4,train,4,Inspect Shelf,1430,1519,30.0,4310
1212,16_2,dataset\raw\Videos_MERL_Shopping_Dataset\16_2_crop.mp4,train,4,Inspect Shelf,1520,1609,30.0,4310
1213,16_2,dataset\raw\Videos_MERL_Shopping_Dataset\16_2_crop.mp4,train,4,Inspect Shelf,1610,1699,30.0,4310
1214,16_2,dataset\raw\Videos_MERL_Shopping_Dataset\16_2_crop.mp4,train,4,Inspect Shelf,1700,1789,30.0,4310
1215,16_2,dataset\raw\Videos_MERL_Shopping_Dataset\16_2_crop.mp4,train,4,Inspect Shelf,2436,2463,30.0,4310
1216,16_2,dataset\raw\Videos_MERL_Shopping_Dataset\16_2_crop.mp4,train,4,Inspect Shelf,2900,2945,30.0,4310
1217,16_2,dataset\raw\Videos_MERL_Shopping_Dataset\16_2_crop.mp4,train,4,Inspect Shelf,3047,3136,30.0,4310
1218,16_2,dataset\raw\Videos_MERL_Shopping_Dataset\16_2_crop.mp4,train,4,Inspect Shelf,3137,3157,30.0,4310
1219,16_2,dataset\raw\Videos_MERL_Shopping_Dataset\16_2_crop.mp4,train,4,Inspect Shelf,3279,3368,30.0,4310
1220,16_2,dataset\raw\Videos_MERL_Shopping_Dataset\16_2_crop.mp4,train,4,Inspect Shelf,3369,3425,30.0,4310
1359,17_2,dataset\raw\Videos_MERL_Shopping_Dataset\17_2_crop.mp4,train,0,Reach to Shelf,168,187,30.0,4163
1360,17_2,dataset\raw\Videos_MERL_Shopping_Dataset\17_2_crop.mp4,train,0,Reach to Shelf,695,769,30.0,4163
1361,17_2,dataset\raw\Videos_MERL_Shopping_Dataset\17_2_crop.mp4,train,0,Reach to Shelf,1144,1172,30.0,4163
1362,17_2,dataset\raw\Videos_MERL_Shopping_Dataset\17_2_crop.mp4,train,0,Reach to Shelf,1334,1364,30.0,4163
1363,17_2,dataset\raw\Videos_MERL_Shopping_Dataset\17_2_crop.mp4,train,0,Reach to Shelf,1424,1452,30.0,4163
1364,17_2,dataset\raw\Videos_MERL_Shopping_Dataset\17_2_crop.mp4,train,0,Reach to Shelf,1576,1604,30.0,4163
1365,17_2,dataset\raw\Videos_MERL_Shopping_Dataset\17_2_crop.mp4,train,0,Reach to Shelf,2214,2247,30.0,4163
1366,17_2,dataset\raw\Videos_MERL_Shopping_Dataset\17_2_crop.mp4,train,0,Reach to Shelf,2438,2454,30.0,4163
1367,17_2,dataset\raw\Videos_MERL_Shopping_Dataset\17_2_crop.mp4,train,0,Reach to Shelf,2588,2610,30.0,4163
1368,17_2,dataset\raw\Videos_MERL_Shopping_Dataset\17_2_crop.mp4,train,0,Reach to Shelf,2839,2866,30.0,4163
1369,17_2,dataset\raw\Videos_MERL_Shopping_Dataset\17_2_crop.mp4,train,0,Reach to Shelf,2892,2912,30.0,4163
1370,17_2,dataset\raw\Videos_MERL_Shopping_Dataset\17_2_crop.mp4,train,0,Reach to Shelf,3136,3153,30.0,4163
1371,17_2,dataset\raw\Videos_MERL_Shopping_Dataset\17_2_crop.mp4,train,0,Reach to Shelf,3170,3198,30.0,4163
1372,17_2,dataset\raw\Videos_MERL_Shopping_Dataset\17_2_crop.mp4,train,0,Reach to Shelf,3484,3504,30.0,4163
1373,17_2,dataset\raw\Videos_MERL_Shopping_Dataset\17_2_crop.mp4,train,0,Reach to Shelf,3723,3763,30.0,4163
1374,17_2,dataset\raw\Videos_MERL_Shopping_Dataset\17_2_crop.mp4,train,0,Reach to Shelf,649,691,30.0,4163
1375,17_2,dataset\raw\Videos_MERL_Shopping_Dataset\17_2_crop.mp4,train,0,Reach to Shelf,999,1036,30.0,4163
1376,17_2,dataset\raw\Videos_MERL_Shopping_Dataset\17_2_crop.mp4,train,0,Reach to Shelf,1291,1320,30.0,4163
1377,17_2,dataset\raw\Videos_MERL_Shopping_Dataset\17_2_crop.mp4,train,0,Reach to Shelf,1855,1901,30.0,4163
1378,17_2,dataset\raw\Videos_MERL_Shopping_Dataset\17_2_crop.mp4,train,0,Reach to Shelf,2506,2527,30.0,4163
1379,17_2,dataset\raw\Videos_MERL_Shopping_Dataset\17_2_crop.mp4,train,0,Reach to Shelf,2646,2668,30.0,4163
1380,17_2,dataset\raw\Videos_MERL_Shopping_Dataset\17_2_crop.mp4,train,0,Reach to Shelf,3075,3114,30.0,4163
1381,17_2,dataset\raw\Videos_MERL_Shopping_Dataset\17_2_crop.mp4,train,0,Reach to Shelf,3380,3417,30.0,4163
1382,17_2,dataset\raw\Videos_MERL_Shopping_Dataset\17_2_crop.mp4,train,0,Reach to Shelf,3604,3638,30.0,4163
1383,17_2,dataset\raw\Videos_MERL_Shopping_Dataset\17_2_crop.mp4,train,0,Reach to Shelf,3954,4003,30.0,4163
1384,17_2,dataset\raw\Videos_MERL_Shopping_Dataset\17_2_crop.mp4,train,1,Retract from Shelf,1076,1107,30.0,4163
1385,17_2,dataset\raw\Videos_MERL_Shopping_Dataset\17_2_crop.mp4,train,1,Retract from Shelf,1481,1498,30.0,4163
1386,17_2,dataset\raw\Videos_MERL_Shopping_Dataset\17_2_crop.mp4,train,1,Retract from Shelf,3121,3135,30.0,4163
1387,17_2,dataset\raw\Videos_MERL_Shopping_Dataset\17_2_crop.mp4,train,1,Retract from Shelf,3468,3484,30.0,4163
1388,17_2,dataset\raw\Videos_MERL_Shopping_Dataset\17_2_crop.mp4,train,1,Retract from Shelf,3639,3665,30.0,4163
1389,17_2,dataset\raw\Videos_MERL_Shopping_Dataset\17_2_crop.mp4,train,1,Retract from Shelf,4010,4053,30.0,4163
1390,17_2,dataset\raw\Videos_MERL_Shopping_Dataset\17_2_crop.mp4,train,1,Retract from Shelf,190,223,30.0,4163
1391,17_2,dataset\raw\Videos_MERL_Shopping_Dataset\17_2_crop.mp4,train,1,Retract from Shelf,870,895,30.0,4163
1392,17_2,dataset\raw\Videos_MERL_Shopping_Dataset\17_2_crop.mp4,train,1,Retract from Shelf,1174,1205,30.0,4163
1393,17_2,dataset\raw\Videos_MERL_Shopping_Dataset\17_2_crop.mp4,train,1,Retract from Shelf,1604,1636,30.0,4163
1394,17_2,dataset\raw\Videos_MERL_Shopping_Dataset\17_2_crop.mp4,train,1,Retract from Shelf,2456,2486,30.0,4163
1395,17_2,dataset\raw\Videos_MERL_Shopping_Dataset\17_2_crop.mp4,train,1,Retract from Shelf,2540,2561,30.0,4163
1396,17_2,dataset\raw\Videos_MERL_Shopping_Dataset\17_2_crop.mp4,train,1,Retract from Shelf,2611,2642,30.0,4163
1397,17_2,dataset\raw\Videos_MERL_Shopping_Dataset\17_2_crop.mp4,train,1,Retract from Shelf,2732,2751,30.0,4163
1398,17_2,dataset\raw\Videos_MERL_Shopping_Dataset\17_2_crop.mp4,train,1,Retract from Shelf,2935,2984,30.0,4163
1399,17_2,dataset\raw\Videos_MERL_Shopping_Dataset\17_2_crop.mp4,train,1,Retract from Shelf,3252,3312,30.0,4163
1400,17_2,dataset\raw\Videos_MERL_Shopping_Dataset\17_2_crop.mp4,train,1,Retract from Shelf,3518,3544,30.0,4163
1401,17_2,dataset\raw\Videos_MERL_Shopping_Dataset\17_2_crop.mp4,train,1,Retract from Shelf,3784,3830,30.0,4163
1402,17_2,dataset\raw\Videos_MERL_Shopping_Dataset\17_2_crop.mp4,train,2,Hand in Shelf,772,861,30.0,4163
1403,17_2,dataset\raw\Videos_MERL_Shopping_Dataset\17_2_crop.mp4,train,2,Hand in Shelf,1038,1074,30.0,4163
1404,17_2,dataset\raw\Videos_MERL_Shopping_Dataset\17_2_crop.mp4,train,2,Hand in Shelf,1454,1477,30.0,4163
1405,17_2,dataset\raw\Videos_MERL_Shopping_Dataset\17_2_crop.mp4,train,2,Hand in Shelf,2250,2339,30.0,4163
1406,17_2,dataset\raw\Videos_MERL_Shopping_Dataset\17_2_crop.mp4,train,2,Hand in Shelf,2340,2429,30.0,4163
1407,17_2,dataset\raw\Videos_MERL_Shopping_Dataset\17_2_crop.mp4,train,2,Hand in Shelf,2430,2519,30.0,4163
1408,17_2,dataset\raw\Videos_MERL_Shopping_Dataset\17_2_crop.mp4,train,2,Hand in Shelf,2520,2609,30.0,4163
1409,17_2,dataset\raw\Videos_MERL_Shopping_Dataset\17_2_crop.mp4,train,2,Hand in Shelf,2610,2699,30.0,4163
1410,17_2,dataset\raw\Videos_MERL_Shopping_Dataset\17_2_crop.mp4,train,2,Hand in Shelf,2700,2732,30.0,4163
1411,17_2,dataset\raw\Videos_MERL_Shopping_Dataset\17_2_crop.mp4,train,2,Hand in Shelf,2913,2934,30.0,4163
1412,17_2,dataset\raw\Videos_MERL_Shopping_Dataset\17_2_crop.mp4,train,2,Hand in Shelf,3155,3169,30.0,4163
1413,17_2,dataset\raw\Videos_MERL_Shopping_Dataset\17_2_crop.mp4,train,2,Hand in Shelf,3199,3251,30.0,4163
1414,17_2,dataset\raw\Videos_MERL_Shopping_Dataset\17_2_crop.mp4,train,2,Hand in Shelf,3419,3467,30.0,4163
1415,17_2,dataset\raw\Videos_MERL_Shopping_Dataset\17_2_crop.mp4,train,2,Hand in Shelf,3764,3782,30.0,4163
1416,17_2,dataset\raw\Videos_MERL_Shopping_Dataset\17_2_crop.mp4,train,3,Inspect Product,226,315,30.0,4163
1417,17_2,dataset\raw\Videos_MERL_Shopping_Dataset\17_2_crop.mp4,train,3,Inspect Product,316,405,30.0,4163
1418,17_2,dataset\raw\Videos_MERL_Shopping_Dataset\17_2_crop.mp4,train,3,Inspect Product,406,495,30.0,4163
1419,17_2,dataset\raw\Videos_MERL_Shopping_Dataset\17_2_crop.mp4,train,3,Inspect Product,496,585,30.0,4163
1420,17_2,dataset\raw\Videos_MERL_Shopping_Dataset\17_2_crop.mp4,train,3,Inspect Product,586,650,30.0,4163
1421,17_2,dataset\raw\Videos_MERL_Shopping_Dataset\17_2_crop.mp4,train,3,Inspect Product,898,987,30.0,4163
1422,17_2,dataset\raw\Videos_MERL_Shopping_Dataset\17_2_crop.mp4,train,3,Inspect Product,1209,1289,30.0,4163
1423,17_2,dataset\raw\Videos_MERL_Shopping_Dataset\17_2_crop.mp4,train,3,Inspect Product,1638,1727,30.0,4163
1424,17_2,dataset\raw\Videos_MERL_Shopping_Dataset\17_2_crop.mp4,train,3,Inspect Product,1728,1817,30.0,4163
1425,17_2,dataset\raw\Videos_MERL_Shopping_Dataset\17_2_crop.mp4,train,3,Inspect Product,1818,1852,30.0,4163
1426,17_2,dataset\raw\Videos_MERL_Shopping_Dataset\17_2_crop.mp4,train,3,Inspect Product,2487,2505,30.0,4163
1427,17_2,dataset\raw\Videos_MERL_Shopping_Dataset\17_2_crop.mp4,train,3,Inspect Product,2986,3073,30.0,4163
1428,17_2,dataset\raw\Videos_MERL_Shopping_Dataset\17_2_crop.mp4,train,3,Inspect Product,3314,3378,30.0,4163
1429,17_2,dataset\raw\Videos_MERL_Shopping_Dataset\17_2_crop.mp4,train,3,Inspect Product,3545,3602,30.0,4163
1430,17_2,dataset\raw\Videos_MERL_Shopping_Dataset\17_2_crop.mp4,train,3,Inspect Product,3832,3921,30.0,4163
1431,17_2,dataset\raw\Videos_MERL_Shopping_Dataset\17_2_crop.mp4,train,3,Inspect Product,3922,3953,30.0,4163
1432,17_2,dataset\raw\Videos_MERL_Shopping_Dataset\17_2_crop.mp4,train,4,Inspect Shelf,1110,1144,30.0,4163
1433,17_2,dataset\raw\Videos_MERL_Shopping_Dataset\17_2_crop.mp4,train,4,Inspect Shelf,1370,1416,30.0,4163
1434,17_2,dataset\raw\Videos_MERL_Shopping_Dataset\17_2_crop.mp4,train,4,Inspect Shelf,1500,1572,30.0,4163
1435,17_2,dataset\raw\Videos_MERL_Shopping_Dataset\17_2_crop.mp4,train,4,Inspect Shelf,2673,2713,30.0,4163
1436,17_2,dataset\raw\Videos_MERL_Shopping_Dataset\17_2_crop.mp4,train,4,Inspect Shelf,2757,2836,30.0,4163
1437,17_2,dataset\raw\Videos_MERL_Shopping_Dataset\17_2_crop.mp4,train,4,Inspect Shelf,3667,3721,30.0,4163
1519,18_1,dataset\raw\Videos_MERL_Shopping_Dataset\18_1_crop.mp4,train,0,Reach to Shelf,165,192,30.0,3895
1520,18_1,dataset\raw\Videos_MERL_Shopping_Dataset\18_1_crop.mp4,train,0,Reach to Shelf,328,344,30.0,3895
1521,18_1,dataset\raw\Videos_MERL_Shopping_Dataset\18_1_crop.mp4,train,0,Reach to Shelf,425,455,30.0,3895
1522,18_1,dataset\raw\Videos_MERL_Shopping_Dataset\18_1_crop.mp4,train,0,Reach to Shelf,769,803,30.0,3895
1523,18_1,dataset\raw\Videos_MERL_Shopping_Dataset\18_1_crop.mp4,train,0,Reach to Shelf,1096,1133,30.0,3895
1524,18_1,dataset\raw\Videos_MERL_Shopping_Dataset\18_1_crop.mp4,train,0,Reach to Shelf,1429,1464,30.0,3895
1525,18_1,dataset\raw\Videos_MERL_Shopping_Dataset\18_1_crop.mp4,train,0,Reach to Shelf,1608,1650,30.0,3895
1526,18_1,dataset\raw\Videos_MERL_Shopping_Dataset\18_1_crop.mp4,train,0,Reach to Shelf,2157,2193,30.0,3895
1527,18_1,dataset\raw\Videos_MERL_Shopping_Dataset\18_1_crop.mp4,train,0,Reach to Shelf,2576,2598,30.0,3895
1528,18_1,dataset\raw\Videos_MERL_Shopping_Dataset\18_1_crop.mp4,train,0,Reach to Shelf,2913,2961,30.0,3895
1529,18_1,dataset\raw\Videos_MERL_Shopping_Dataset\18_1_crop.mp4,train,0,Reach to Shelf,3375,3406,30.0,3895
1530,18_1,dataset\raw\Videos_MERL_Shopping_Dataset\18_1_crop.mp4,train,0,Reach to Shelf,3674,3701,30.0,3895
1531,18_1,dataset\raw\Videos_MERL_Shopping_Dataset\18_1_crop.mp4,train,0,Reach to Shelf,274,324,30.0,3895
1532,18_1,dataset\raw\Videos_MERL_Shopping_Dataset\18_1_crop.mp4,train,0,Reach to Shelf,581,617,30.0,3895
1533,18_1,dataset\raw\Videos_MERL_Shopping_Dataset\18_1_crop.mp4,train,0,Reach to Shelf,636,665,30.0,3895
1534,18_1,dataset\raw\Videos_MERL_Shopping_Dataset\18_1_crop.mp4,train,0,Reach to Shelf,982,1035,30.0,3895
1535,18_1,dataset\raw\Videos_MERL_Shopping_Dataset\18_1_crop.mp4,train,0,Reach to Shelf,1318,1382,30.0,3895
1536,18_1,dataset\raw\Videos_MERL_Shopping_Dataset\18_1_crop.mp4,train,0,Reach to Shelf,1774,1824,30.0,3895
1537,18_1,dataset\raw\Videos_MERL_Shopping_Dataset\18_1_crop.mp4,train,0,Reach to Shelf,2456,2492,30.0,3895
1538,18_1,dataset\raw\Videos_MERL_Shopping_Dataset\18_1_crop.mp4,train,0,Reach to Shelf,2741,2781,30.0,3895
1539,18_1,dataset\raw\Videos_MERL_Shopping_Dataset\18_1_crop.mp4,train,0,Reach to Shelf,2820,2848,30.0,3895
1540,18_1,dataset\raw\Videos_MERL_Shopping_Dataset\18_1_crop.mp4,train,0,Reach to Shelf,3169,3218,30.0,3895
1541,18_1,dataset\raw\Videos_MERL_Shopping_Dataset\18_1_crop.mp4,train,1,Retract from Shelf,407,424,30.0,3895
1542,18_1,dataset\raw\Videos_MERL_Shopping_Dataset\18_1_crop.mp4,train,1,Retract from Shelf,716,747,30.0,3895
1543,18_1,dataset\raw\Videos_MERL_Shopping_Dataset\18_1_crop.mp4,train,1,Retract from Shelf,1038,1063,30.0,3895
1544,18_1,dataset\raw\Videos_MERL_Shopping_Dataset\18_1_crop.mp4,train,1,Retract from Shelf,1387,1423,30.0,3895
1545,18_1,dataset\raw\Videos_MERL_Shopping_Dataset\18_1_crop.mp4,train,1,Retract from Shelf,1471,1509,30.0,3895
1546,18_1,dataset\raw\Videos_MERL_Shopping_Dataset\18_1_crop.mp4,train,1,Retract from Shelf,1827,1844,30.0,3895
1547,18_1,dataset\raw\Videos_MERL_Shopping_Dataset\18_1_crop.mp4,train,1,Retract from Shelf,2493,2530,30.0,3895
1548,18_1,dataset\raw\Videos_MERL_Shopping_Dataset\18_1_crop.mp4,train,1,Retract from Shelf,2876,2910,30.0,3895
1549,18_1,dataset\raw\Videos_MERL_Shopping_Dataset\18_1_crop.mp4,train,1,Retract from Shelf,3247,3262,30.0,3895
1550,18_1,dataset\raw\Videos_MERL_Shopping_Dataset\18_1_crop.mp4,train,1,Retract from Shelf,3557,3579,30.0,3895
1551,18_1,dataset\raw\Videos_MERL_Shopping_Dataset\18_1_crop.mp4,train,1,Retract from Shelf,3702,3734,30.0,3895
1552,18_1,dataset\raw\Videos_MERL_Shopping_Dataset\18_1_crop.mp4,train,1,Retract from Shelf,194,241,30.0,3895
1553,18_1,dataset\raw\Videos_MERL_Shopping_Dataset\18_1_crop.mp4,train,1,Retract from Shelf,456,498,30.0,3895
1554,18_1,dataset\raw\Videos_MERL_Shopping_Dataset\18_1_crop.mp4,train,1,Retract from Shelf,804,848,30.0,3895
1555,18_1,dataset\raw\Videos_MERL_Shopping_Dataset\18_1_crop.mp4,train,1,Retract from Shelf,1134,1167,30.0,3895
1556,18_1,dataset\raw\Videos_MERL_Shopping_Dataset\18_1_crop.mp4,train,1,Retract from Shelf,1651,1689,30.0,3895
1557,18_1,dataset\raw\Videos_MERL_Shopping_Dataset\18_1_crop.mp4,train,1,Retract from Shelf,2193,2235,30.0,3895
1558,18_1,dataset\raw\Videos_MERL_Shopping_Dataset\18_1_crop.mp4,train,1,Retract from Shelf,2599,2660,30.0,3895
1559,18_1,dataset\raw\Videos_MERL_Shopping_Dataset\18_1_crop.mp4,train,1,Retract from Shelf,2963,3011,30.0,3895
1560,18_1,dataset\raw\Videos_MERL_Shopping_Dataset\18_1_crop.mp4,train,2,Hand in Shelf,344,407,30.0,3895
1561,18_1,dataset\raw\Videos_MERL_Shopping_Dataset\18_1_crop.mp4,train,2,Hand in Shelf,669,714,30.0,3895
1562,18_1,dataset\raw\Videos_MERL_Shopping_Dataset\18_1_crop.mp4,train,2,Hand in Shelf,2848,2874,30.0,3895
1563,18_1,dataset\raw\Videos_MERL_Shopping_Dataset\18_1_crop.mp4,train,2,Hand in Shelf,3220,3245,30.0,3895
1564,18_1,dataset\raw\Videos_MERL_Shopping_Dataset\18_1_crop.mp4,train,2,Hand in Shelf,3408,3497,30.0,3895
1565,18_1,dataset\raw\Videos_MERL_Shopping_Dataset\18_1_crop.mp4,train,2,Hand in Shelf,3498,3555,30.0,3895
1566,18_1,dataset\raw\Videos_MERL_Shopping_Dataset\18_1_crop.mp4,train,3,Inspect Product,243,270,30.0,3895
1567,18_1,dataset\raw\Videos_MERL_Shopping_Dataset\18_1_crop.mp4,train,3,Inspect Product,500,580,30.0,3895
1568,18_1,dataset\raw\Videos_MERL_Shopping_Dataset\18_1_crop.mp4,train,3,Inspect Product,850,939,30.0,3895
1569,18_1,dataset\raw\Videos_MERL_Shopping_Dataset\18_1_crop.mp4,train,3,Inspect Product,940,980,30.0,3895
1570,18_1,dataset\raw\Videos_MERL_Shopping_Dataset\18_1_crop.mp4,train,3,Inspect Product,1169,1258,30.0,3895
1571,18_1,dataset\raw\Videos_MERL_Shopping_Dataset\18_1_crop.mp4,train,3,Inspect Product,1259,1315,30.0,3895
1572,18_1,dataset\raw\Videos_MERL_Shopping_Dataset\18_1_crop.mp4,train,3,Inspect Product,1689,1772,30.0,3895
1573,18_1,dataset\raw\Videos_MERL_Shopping_Dataset\18_1_crop.mp4,train,3,Inspect Product,2238,2327,30.0,3895
1574,18_1,dataset\raw\Videos_MERL_Shopping_Dataset\18_1_crop.mp4,train,3,Inspect Product,2328,2417,30.0,3895
1575,18_1,dataset\raw\Videos_MERL_Shopping_Dataset\18_1_crop.mp4,train,3,Inspect Product,2418,2453,30.0,3895
1576,18_1,dataset\raw\Videos_MERL_Shopping_Dataset\18_1_crop.mp4,train,3,Inspect Product,2661,2739,30.0,3895
1577,18_1,dataset\raw\Videos_MERL_Shopping_Dataset\18_1_crop.mp4,train,3,Inspect Product,3013,3102,30.0,3895
1578,18_1,dataset\raw\Videos_MERL_Shopping_Dataset\18_1_crop.mp4,train,3,Inspect Product,3103,3167,30.0,3895
1579,18_1,dataset\raw\Videos_MERL_Shopping_Dataset\18_1_crop.mp4,train,4,Inspect Shelf,748,769,30.0,3895
1580,18_1,dataset\raw\Videos_MERL_Shopping_Dataset\18_1_crop.mp4,train,4,Inspect Shelf,1063,1095,30.0,3895
1581,18_1,dataset\raw\Videos_MERL_Shopping_Dataset\18_1_crop.mp4,train,4,Inspect Shelf,1510,1599,30.0,3895
1582,18_1,dataset\raw\Videos_MERL_Shopping_Dataset\18_1_crop.mp4,train,4,Inspect Shelf,2531,2574,30.0,3895
1583,18_1,dataset\raw\Videos_MERL_Shopping_Dataset\18_1_crop.mp4,train,4,Inspect Shelf,3263,3352,30.0,3895
1584,18_1,dataset\raw\Videos_MERL_Shopping_Dataset\18_1_crop.mp4,train,4,Inspect Shelf,3353,3373,30.0,3895
1585,18_2,dataset\raw\Videos_MERL_Shopping_Dataset\18_2_crop.mp4,train,0,Reach to Shelf,140,172,30.0,3796
1586,18_2,dataset\raw\Videos_MERL_Shopping_Dataset\18_2_crop.mp4,train,0,Reach to Shelf,367,412,30.0,3796
1587,18_2,dataset\raw\Videos_MERL_Shopping_Dataset\18_2_crop.mp4,train,0,Reach to Shelf,614,657,30.0,3796
1588,18_2,dataset\raw\Videos_MERL_Shopping_Dataset\18_2_crop.mp4,train,0,Reach to Shelf,840,861,30.0,3796
1589,18_2,dataset\raw\Videos_MERL_Shopping_Dataset\18_2_crop.mp4,train,0,Reach to Shelf,1058,1091,30.0,3796
1590,18_2,dataset\raw\Videos_MERL_Shopping_Dataset\18_2_crop.mp4,train,0,Reach to Shelf,1418,1450,30.0,3796
1591,18_2,dataset\raw\Videos_MERL_Shopping_Dataset\18_2_crop.mp4,train,0,Reach to Shelf,2202,2223,30.0,3796
1592,18_2,dataset\raw\Videos_MERL_Shopping_Dataset\18_2_crop.mp4,train,0,Reach to Shelf,2472,2498,30.0,3796
1593,18_2,dataset\raw\Videos_MERL_Shopping_Dataset\18_2_crop.mp4,train,0,Reach to Shelf,2727,2763,30.0,3796
1594,18_2,dataset\raw\Videos_MERL_Shopping_Dataset\18_2_crop.mp4,train,0,Reach to Shelf,3133,3176,30.0,3796
1595,18_2,dataset\raw\Videos_MERL_Shopping_Dataset\18_2_crop.mp4,train,0,Reach to Shelf,3367,3405,30.0,3796
1596,18_2,dataset\raw\Videos_MERL_Shopping_Dataset\18_2_crop.mp4,train,0,Reach to Shelf,465,500,30.0,3796
1597,18_2,dataset\raw\Videos_MERL_Shopping_Dataset\18_2_crop.mp4,train,0,Reach to Shelf,523,544,30.0,3796
1598,18_2,dataset\raw\Videos_MERL_Shopping_Dataset\18_2_crop.mp4,train,0,Reach to Shelf,783,814,30.0,3796
1599,18_2,dataset\raw\Videos_MERL_Shopping_Dataset\18_2_crop.mp4,train,0,Reach to Shelf,999,1030,30.0,3796
1600,18_2,dataset\raw\Videos_MERL_Shopping_Dataset\18_2_crop.mp4,train,0,Reach to Shelf,1156,1191,30.0,3796
1601,18_2,dataset\raw\Videos_MERL_Shopping_Dataset\18_2_crop.mp4,train,0,Reach to Shelf,3037,3062,30.0,3796
1602,18_2,dataset\raw\Videos_MERL_Shopping_Dataset\18_2_crop.mp4,train,1,Retract from Shelf,413,438,30.0,3796
1603,18_2,dataset\raw\Videos_MERL_Shopping_Dataset\18_2_crop.mp4,train,1,Retract from Shelf,501,522,30.0,3796
1604,18_2,dataset\raw\Videos_MERL_Shopping_Dataset\18_2_crop.mp4,train,1,Retract from Shelf,544,572,30.0,3796
1605,18_2,dataset\raw\Videos_MERL_Shopping_Dataset\18_2_crop.mp4,train,1,Retract from Shelf,1032,1055,30.0,3796
1606,18_2,dataset\raw\Videos_MERL_Shopping_Dataset\18_2_crop.mp4,train,1,Retract from Shelf,1221,1239,30.0,3796
1607,18_2,dataset\raw\Videos_MERL_Shopping_Dataset\18_2_crop.mp4,train,1,Retract from Shelf,1387,1413,30.0,3796
1608,18_2,dataset\raw\Videos_MERL_Shopping_Dataset\18_2_crop.mp4,train,1,Retract from Shelf,2503,2522,30.0,3796
1609,18_2,dataset\raw\Videos_MERL_Shopping_Dataset\18_2_crop.mp4,train,1,Retract from Shelf,3062,3090,30.0,3796
1610,18_2,dataset\raw\Videos_MERL_Shopping_Dataset\18_2_crop.mp4,train,1,Retract from Shelf,194,214,30.0,3796
1611,18_2,dataset\raw\Videos_MERL_Shopping_Dataset\18_2_crop.mp4,train,1,Retract from Shelf,690,712,30.0,3796
1612,18_2,dataset\raw\Videos_MERL_Shopping_Dataset\18_2_crop.mp4,train,1,Retract from Shelf,861,899,30.0,3796
1613,18_2,dataset\raw\Videos_MERL_Shopping_Dataset\18_2_crop.mp4,train,1,Retract from Shelf,1093,1152,30.0,3796
1614,18_2,dataset\raw\Videos_MERL_Shopping_Dataset\18_2_crop.mp4,train,1,Retract from Shelf,1488,1522,30.0,3796
1615,18_2,dataset\raw\Videos_MERL_Shopping_Dataset\18_2_crop.mp4,train,1,Retract from Shelf,2224,2245,30.0,3796
1616,18_2,dataset\raw\Videos_MERL_Shopping_Dataset\18_2_crop.mp4,train,1,Retract from Shelf,2765,2797,30.0,3796
1617,18_2,dataset\raw\Videos_MERL_Shopping_Dataset\18_2_crop.mp4,train,1,Retract from Shelf,3405,3437,30.0,3796
1618,18_2,dataset\raw\Videos_MERL_Shopping_Dataset\18_2_crop.mp4,train,2,Hand in Shelf,172,193,30.0,3796
1619,18_2,dataset\raw\Videos_MERL_Shopping_Dataset\18_2_crop.mp4,train,2,Hand in Shelf,657,688,30.0,3796
1620,18_2,dataset\raw\Videos_MERL_Shopping_Dataset\18_2_crop.mp4,train,2,Hand in Shelf,815,840,30.0,3796
1621,18_2,dataset\raw\Videos_MERL_Shopping_Dataset\18_2_crop.mp4,train,2,Hand in Shelf,1193,1220,30.0,3796
1622,18_2,dataset\raw\Videos_MERL_Shopping_Dataset\18_2_crop.mp4,train,2,Hand in Shelf,1358,1386,30.0,3796
1623,18_2,dataset\raw\Videos_MERL_Shopping_Dataset\18_2_crop.mp4,train,2,Hand in Shelf,1450,1484,30.0,3796
1624,18_2,dataset\raw\Videos_MERL_Shopping_Dataset\18_2_crop.mp4,train,3,Inspect Product,215,304,30.0,3796
1625,18_2,dataset\raw\Videos_MERL_Shopping_Dataset\18_2_crop.mp4,train,3,Inspect Product,305,367,30.0,3796
1626,18_2,dataset\raw\Videos_MERL_Shopping_Dataset\18_2_crop.mp4,train,3,Inspect Product,439,465,30.0,3796
1627,18_2,dataset\raw\Videos_MERL_Shopping_Dataset\18_2_crop.mp4,train,3,Inspect Product,714,781,30.0,3796
1628,18_2,dataset\raw\Videos_MERL_Shopping_Dataset\18_2_crop.mp4,train,3,Inspect Product,900,989,30.0,3796
1629,18_2,dataset\raw\Videos_MERL_Shopping_Dataset\18_2_crop.mp4,train,3,Inspect Product,2245,2334,30.0,3796
1630,18_2,dataset\raw\Videos_MERL_Shopping_Dataset\18_2_crop.mp4,train,3,Inspect Product,2335,2424,30.0,3796
1631,18_2,dataset\raw\Videos_MERL_Shopping_Dataset\18_2_crop.mp4,train,3,Inspect Product,2425,2470,30.0,3796
1632,18_2,dataset\raw\Videos_MERL_Shopping_Dataset\18_2_crop.mp4,train,3,Inspect Product,2797,2886,30.0,3796
1633,18_2,dataset\raw\Videos_MERL_Shopping_Dataset\18_2_crop.mp4,train,3,Inspect Product,2887,2976,30.0,3796
1634,18_2,dataset\raw\Videos_MERL_Shopping_Dataset\18_2_crop.mp4,train,3,Inspect Product,2977,3034,30.0,3796
1635,18_2,dataset\raw\Videos_MERL_Shopping_Dataset\18_2_crop.mp4,train,3,Inspect Product,3438,3462,30.0,3796
1636,18_2,dataset\raw\Videos_MERL_Shopping_Dataset\18_2_crop.mp4,train,4,Inspect Shelf,575,613,30.0,3796
1637,18_2,dataset\raw\Videos_MERL_Shopping_Dataset\18_2_crop.mp4,train,4,Inspect Shelf,1240,1329,30.0,3796
1638,18_2,dataset\raw\Videos_MERL_Shopping_Dataset\18_2_crop.mp4,train,4,Inspect Shelf,1330,1358,30.0,3796
1639,18_2,dataset\raw\Videos_MERL_Shopping_Dataset\18_2_crop.mp4,train,4,Inspect Shelf,1523,1612,30.0,3796
1640,18_2,dataset\raw\Videos_MERL_Shopping_Dataset\18_2_crop.mp4,train,4,Inspect Shelf,1613,1702,30.0,3796
1641,18_2,dataset\raw\Videos_MERL_Shopping_Dataset\18_2_crop.mp4,train,4,Inspect Shelf,1703,1792,30.0,3796
1642,18_2,dataset\raw\Videos_MERL_Shopping_Dataset\18_2_crop.mp4,train,4,Inspect Shelf,1793,1827,30.0,3796
1643,18_2,dataset\raw\Videos_MERL_Shopping_Dataset\18_2_crop.mp4,train,4,Inspect Shelf,2527,2616,30.0,3796
1644,18_2,dataset\raw\Videos_MERL_Shopping_Dataset\18_2_crop.mp4,train,4,Inspect Shelf,2617,2706,30.0,3796
1645,18_2,dataset\raw\Videos_MERL_Shopping_Dataset\18_2_crop.mp4,train,4,Inspect Shelf,2707,2722,30.0,3796
1646,18_2,dataset\raw\Videos_MERL_Shopping_Dataset\18_2_crop.mp4,train,4,Inspect Shelf,3092,3131,30.0,3796
1647,18_2,dataset\raw\Videos_MERL_Shopping_Dataset\18_2_crop.mp4,train,4,Inspect Shelf,3177,3266,30.0,3796
1648,18_2,dataset\raw\Videos_MERL_Shopping_Dataset\18_2_crop.mp4,train,4,Inspect Shelf,3267,3356,30.0,3796
1649,18_3,dataset\raw\Videos_MERL_Shopping_Dataset\18_3_crop.mp4,train,0,Reach to Shelf,184,218,30.0,4049
1650,18_3,dataset\raw\Videos_MERL_Shopping_Dataset\18_3_crop.mp4,train,0,Reach to Shelf,646,673,30.0,4049
1651,18_3,dataset\raw\Videos_MERL_Shopping_Dataset\18_3_crop.mp4,train,0,Reach to Shelf,936,967,30.0,4049
1652,18_3,dataset\raw\Videos_MERL_Shopping_Dataset\18_3_crop.mp4,train,0,Reach to Shelf,1151,1176,30.0,4049
1653,18_3,dataset\raw\Videos_MERL_Shopping_Dataset\18_3_crop.mp4,train,0,Reach to Shelf,1446,1483,30.0,4049
1654,18_3,dataset\raw\Videos_MERL_Shopping_Dataset\18_3_crop.mp4,train,0,Reach to Shelf,2261,2298,30.0,4049
1655,18_3,dataset\raw\Videos_MERL_Shopping_Dataset\18_3_crop.mp4,train,0,Reach to Shelf,2362,2395,30.0,4049
1656,18_3,dataset\raw\Videos_MERL_Shopping_Dataset\18_3_crop.mp4,train,0,Reach to Shelf,2767,2811,30.0,4049
1657,18_3,dataset\raw\Videos_MERL_Shopping_Dataset\18_3_crop.mp4,train,0,Reach to Shelf,2857,2879,30.0,4049
1658,18_3,dataset\raw\Videos_MERL_Shopping_Dataset\18_3_crop.mp4,train,0,Reach to Shelf,3223,3263,30.0,4049
1659,18_3,dataset\raw\Videos_MERL_Shopping_Dataset\18_3_crop.mp4,train,0,Reach to Shelf,3577,3599,30.0,4049
1660,18_3,dataset\raw\Videos_MERL_Shopping_Dataset\18_3_crop.mp4,train,0,Reach to Shelf,3653,3720,30.0,4049
1661,18_3,dataset\raw\Videos_MERL_Shopping_Dataset\18_3_crop.mp4,train,1,Retract from Shelf,1081,1118,30.0,4049
1662,18_3,dataset\raw\Videos_MERL_Shopping_Dataset\18_3_crop.mp4,train,1,Retract from Shelf,3720,3751,30.0,4049
1663,18_3,dataset\raw\Videos_MERL_Shopping_Dataset\18_3_crop.mp4,train,1,Retract from Shelf,489,556,30.0,4049
1664,18_3,dataset\raw\Videos_MERL_Shopping_Dataset\18_3_crop.mp4,train,1,Retract from Shelf,707,742,30.0,4049
1665,18_3,dataset\raw\Videos_MERL_Shopping_Dataset\18_3_crop.mp4,train,1,Retract from Shelf,1194,1220,30.0,4049
1666,18_3,dataset\raw\Videos_MERL_Shopping_Dataset\18_3_crop.mp4,train,1,Retract from Shelf,1517,1585,30.0,4049
1667,18_3,dataset\raw\Videos_MERL_Shopping_Dataset\18_3_crop.mp4,train,1,Retract from Shelf,2301,2357,30.0,4049
1668,18_3,dataset\raw\Videos_MERL_Shopping_Dataset\18_3_crop.mp4,train,1,Retract from Shelf,2395,2430,30.0,4049
1669,18_3,dataset\raw\Videos_MERL_Shopping_Dataset\18_3_crop.mp4,train,1,Retract from Shelf,2812,2856,30.0,4049
1670,18_3,dataset\raw\Videos_MERL_Shopping_Dataset\18_3_crop.mp4,train,1,Retract from Shelf,2884,2973,30.0,4049
1671,18_3,dataset\raw\Videos_MERL_Shopping_Dataset\18_3_crop.mp4,train,1,Retract from Shelf,3264,3289,30.0,4049
1672,18_3,dataset\raw\Videos_MERL_Shopping_Dataset\18_3_crop.mp4,train,1,Retract from Shelf,3600,3634,30.0,4049
1673,18_3,dataset\raw\Videos_MERL_Shopping_Dataset\18_3_crop.mp4,train,2,Hand in Shelf,218,307,30.0,4049
1674,18_3,dataset\raw\Videos_MERL_Shopping_Dataset\18_3_crop.mp4,train,2,Hand in Shelf,308,397,30.0,4049
1675,18_3,dataset\raw\Videos_MERL_Shopping_Dataset\18_3_crop.mp4,train,2,Hand in Shelf,398,487,30.0,4049
1676,18_3,dataset\raw\Videos_MERL_Shopping_Dataset\18_3_crop.mp4,train,2,Hand in Shelf,672,707,30.0,4049
1677,18_3,dataset\raw\Videos_MERL_Shopping_Dataset\18_3_crop.mp4,train,2,Hand in Shelf,970,1059,30.0,4049
1678,18_3,dataset\raw\Videos_MERL_Shopping_Dataset\18_3_crop.mp4,train,2,Hand in Shelf,1060,1080,30.0,4049
1679,18_3,dataset\raw\Videos_MERL_Shopping_Dataset\18_3_crop.mp4,train,2,Hand in Shelf,1483,1515,30.0,4049
1680,18_3,dataset\raw\Videos_MERL_Shopping_Dataset\18_3_crop.mp4,train,3,Inspect Product,1585,1674,30.0,4049
1681,18_3,dataset\raw\Videos_MERL_Shopping_Dataset\18_3_crop.mp4,train,3,Inspect Product,1675,1764,30.0,4049
1682,18_3,dataset\raw\Videos_MERL_Shopping_Dataset\18_3_crop.mp4,train,3,Inspect Product,1765,1812,30.0,4049
1683,18_3,dataset\raw\Videos_MERL_Shopping_Dataset\18_3_crop.mp4,train,3,Inspect Product,3634,3652,30.0,4049
1684,18_3,dataset\raw\Videos_MERL_Shopping_Dataset\18_3_crop.mp4,train,4,Inspect Shelf,559,642,30.0,4049
1685,18_3,dataset\raw\Videos_MERL_Shopping_Dataset\18_3_crop.mp4,train,4,Inspect Shelf,772,861,30.0,4049
1686,18_3,dataset\raw\Videos_MERL_Shopping_Dataset\18_3_crop.mp4,train,4,Inspect Shelf,862,933,30.0,4049
1687,18_3,dataset\raw\Videos_MERL_Shopping_Dataset\18_3_crop.mp4,train,4,Inspect Shelf,1119,1149,30.0,4049
1688,18_3,dataset\raw\Videos_MERL_Shopping_Dataset\18_3_crop.mp4,train,4,Inspect Shelf,1220,1309,30.0,4049
1689,18_3,dataset\raw\Videos_MERL_Shopping_Dataset\18_3_crop.mp4,train,4,Inspect Shelf,1310,1399,30.0,4049
1690,18_3,dataset\raw\Videos_MERL_Shopping_Dataset\18_3_crop.mp4,train,4,Inspect Shelf,1400,1445,30.0,4049
1691,18_3,dataset\raw\Videos_MERL_Shopping_Dataset\18_3_crop.mp4,train,4,Inspect Shelf,2506,2595,30.0,4049
1692,18_3,dataset\raw\Videos_MERL_Shopping_Dataset\18_3_crop.mp4,train,4,Inspect Shelf,2596,2685,30.0,4049
1693,18_3,dataset\raw\Videos_MERL_Shopping_Dataset\18_3_crop.mp4,train,4,Inspect Shelf,2686,2770,30.0,4049
1694,18_3,dataset\raw\Videos_MERL_Shopping_Dataset\18_3_crop.mp4,train,4,Inspect Shelf,3058,3147,30.0,4049
1695,18_3,dataset\raw\Videos_MERL_Shopping_Dataset\18_3_crop.mp4,train,4,Inspect Shelf,3148,3222,30.0,4049
1696,18_3,dataset\raw\Videos_MERL_Shopping_Dataset\18_3_crop.mp4,train,4,Inspect Shelf,3345,3434,30.0,4049
1697,18_3,dataset\raw\Videos_MERL_Shopping_Dataset\18_3_crop.mp4,train,4,Inspect Shelf,3435,3524,30.0,4049
1698,18_3,dataset\raw\Videos_MERL_Shopping_Dataset\18_3_crop.mp4,train,4,Inspect Shelf,3525,3583,30.0,4049
1699,18_3,dataset\raw\Videos_MERL_Shopping_Dataset\18_3_crop.mp4,train,4,Inspect Shelf,3755,3844,30.0,4049
1700,18_3,dataset\raw\Videos_MERL_Shopping_Dataset\18_3_crop.mp4,train,4,Inspect Shelf,3845,3895,30.0,4049
1701,19_1,dataset\raw\Videos_MERL_Shopping_Dataset\19_1_crop.mp4,train,0,Reach to Shelf,179,237,30.0,3912
1702,19_1,dataset\raw\Videos_MERL_Shopping_Dataset\19_1_crop.mp4,train,0,Reach to Shelf,570,593,30.0,3912
1703,19_1,dataset\raw\Videos_MERL_Shopping_Dataset\19_1_crop.mp4,train,0,Reach to Shelf,800,824,30.0,3912
1704,19_1,dataset\raw\Videos_MERL_Shopping_Dataset\19_1_crop.mp4,train,0,Reach to Shelf,933,980,30.0,3912
1705,19_1,dataset\raw\Videos_MERL_Shopping_Dataset\19_1_crop.mp4,train,0,Reach to Shelf,1228,1269,30.0,3912
1706,19_1,dataset\raw\Videos_MERL_Shopping_Dataset\19_1_crop.mp4,train,0,Reach to Shelf,1430,1452,30.0,3912
1707,19_1,dataset\raw\Videos_MERL_Shopping_Dataset\19_1_crop.mp4,train,0,Reach to Shelf,1629,1655,30.0,3912
1708,19_1,dataset\raw\Videos_MERL_Shopping_Dataset\19_1_crop.mp4,train,0,Reach to Shelf,2409,2429,30.0,3912
1709,19_1,dataset\raw\Videos_MERL_Shopping_Dataset\19_1_crop.mp4,train,0,Reach to Shelf,2563,2588,30.0,3912
1710,19_1,dataset\raw\Videos_MERL_Shopping_Dataset\19_1_crop.mp4,train,0,Reach to Shelf,2752,2783,30.0,3912
1711,19_1,dataset\raw\Videos_MERL_Shopping_Dataset\19_1_crop.mp4,train,0,Reach to Shelf,2919,2945,30.0,3912
1712,19_1,dataset\raw\Videos_MERL_Shopping_Dataset\19_1_crop.mp4,train,0,Reach to Shelf,3157,3199,30.0,3912
1713,19_1,dataset\raw\Videos_MERL_Shopping_Dataset\19_1_crop.mp4,train,1,Retract from Shelf,694,716,30.0,3912
1714,19_1,dataset\raw\Videos_MERL_Shopping_Dataset\19_1_crop.mp4,train,1,Retract from Shelf,237,266,30.0,3912
1715,19_1,dataset\raw\Videos_MERL_Shopping_Dataset\19_1_crop.mp4,train,1,Retract from Shelf,843,897,30.0,3912
1716,19_1,dataset\raw\Videos_MERL_Shopping_Dataset\19_1_crop.mp4,train,1,Retract from Shelf,1064,1106,30.0,3912
1717,19_1,dataset\raw\Videos_MERL_Shopping_Dataset\19_1_crop.mp4,train,1,Retract from Shelf,1270,1291,30.0,3912
1718,19_1,dataset\raw\Videos_MERL_Shopping_Dataset\19_1_crop.mp4,train,1,Retract from Shelf,1485,1525,30.0,3912
1719,19_1,dataset\raw\Videos_MERL_Shopping_Dataset\19_1_crop.mp4,train,1,Retract from Shelf,1657,1696,30.0,3912
1720,19_1,dataset\raw\Videos_MERL_Shopping_Dataset\19_1_crop.mp4,train,1,Retract from Shelf,2464,2491,30.0,3912
1721,19_1,dataset\raw\Videos_MERL_Shopping_Dataset\19_1_crop.mp4,train,1,Retract from Shelf,2611,2641,30.0,3912
1722,19_1,dataset\raw\Videos_MERL_Shopping_Dataset\19_1_crop.mp4,train,1,Retract from Shelf,2867,2895,30.0,3912
1723,19_1,dataset\raw\Videos_MERL_Shopping_Dataset\19_1_crop.mp4,train,1,Retract from Shelf,2971,3006,30.0,3912
1724,19_1,dataset\raw\Videos_MERL_Shopping_Dataset\19_1_crop.mp4,train,1,Retract from Shelf,3328,3381,30.0,3912
1725,19_1,dataset\raw\Videos_MERL_Shopping_Dataset\19_1_crop.mp4,train,2,Hand in Shelf,597,686,30.0,3912
1726,19_1,dataset\raw\Videos_MERL_Shopping_Dataset\19_1_crop.mp4,train,2,Hand in Shelf,825,843,30.0,3912
1727,19_1,dataset\raw\Videos_MERL_Shopping_Dataset\19_1_crop.mp4,train,2,Hand in Shelf,981,1064,30.0,3912
1728,19_1,dataset\raw\Videos_MERL_Shopping_Dataset\19_1_crop.mp4,train,2,Hand in Shelf,1453,1484,30.0,3912
1729,19_1,dataset\raw\Videos_MERL_Shopping_Dataset\19_1_crop.mp4,train,2,Hand in Shelf,2431,2463,30.0,3912
1730,19_1,dataset\raw\Videos_MERL_Shopping_Dataset\19_1_crop.mp4,train,2,Hand in Shelf,2590,2610,30.0,3912
1731,19_1,dataset\raw\Videos_MERL_Shopping_Dataset\19_1_crop.mp4,train,2,Hand in Shelf,2786,2865,30.0,3912
1732,19_1,dataset\raw\Videos_MERL_Shopping_Dataset\19_1_crop.mp4,train,2,Hand in Shelf,2947,2969,30.0,3912
1733,19_1,dataset\raw\Videos_MERL_Shopping_Dataset\19_1_crop.mp4,train,2,Hand in Shelf,3200,3289,30.0,3912
1734,19_1,dataset\raw\Videos_MERL_Shopping_Dataset\19_1_crop.mp4,train,2,Hand in Shelf,3290,3326,30.0,3912
1735,19_1,dataset\raw\Videos_MERL_Shopping_Dataset\19_1_crop.mp4,train,3,Inspect Product,3006,3057,30.0,3912
1736,19_1,dataset\raw\Videos_MERL_Shopping_Dataset\19_1_crop.mp4,train,4,Inspect Shelf,268,357,30.0,3912
1737,19_1,dataset\raw\Videos_MERL_Shopping_Dataset\19_1_crop.mp4,train,4,Inspect Shelf,358,447,30.0,3912
1738,19_1,dataset\raw\Videos_MERL_Shopping_Dataset\19_1_crop.mp4,train,4,Inspect Shelf,448,537,30.0,3912
1739,19_1,dataset\raw\Videos_MERL_Shopping_Dataset\19_1_crop.mp4,train,4,Inspect Shelf,538,567,30.0,3912
1740,19_1,dataset\raw\Videos_MERL_Shopping_Dataset\19_1_crop.mp4,train,4,Inspect Shelf,719,796,30.0,3912
1741,19_1,dataset\raw\Videos_MERL_Shopping_Dataset\19_1_crop.mp4,train,4,Inspect Shelf,899,931,30.0,3912
1742,19_1,dataset\raw\Videos_MERL_Shopping_Dataset\19_1_crop.mp4,train,4,Inspect Shelf,1107,1196,30.0,3912
1743,19_1,dataset\raw\Videos_MERL_Shopping_Dataset\19_1_crop.mp4,train,4,Inspect Shelf,1197,1227,30.0,3912
1744,19_1,dataset\raw\Videos_MERL_Shopping_Dataset\19_1_crop.mp4,train,4,Inspect Shelf,1292,1381,30.0,3912
1745,19_1,dataset\raw\Videos_MERL_Shopping_Dataset\19_1_crop.mp4,train,4,Inspect Shelf,1382,1429,30.0,3912
1746,19_1,dataset\raw\Videos_MERL_Shopping_Dataset\19_1_crop.mp4,train,4,Inspect Shelf,1526,1615,30.0,3912
1747,19_1,dataset\raw\Videos_MERL_Shopping_Dataset\19_1_crop.mp4,train,4,Inspect Shelf,1698,1766,30.0,3912
1748,19_1,dataset\raw\Videos_MERL_Shopping_Dataset\19_1_crop.mp4,train,4,Inspect Shelf,2495,2560,30.0,3912
1749,19_1,dataset\raw\Videos_MERL_Shopping_Dataset\19_1_crop.mp4,train,4,Inspect Shelf,2644,2733,30.0,3912
1750,19_1,dataset\raw\Videos_MERL_Shopping_Dataset\19_1_crop.mp4,train,4,Inspect Shelf,3060,3149,30.0,3912
1751,19_1,dataset\raw\Videos_MERL_Shopping_Dataset\19_1_crop.mp4,train,4,Inspect Shelf,3386,3475,30.0,3912
1752,19_1,dataset\raw\Videos_MERL_Shopping_Dataset\19_1_crop.mp4,train,4,Inspect Shelf,3476,3565,30.0,3912
1753,19_1,dataset\raw\Videos_MERL_Shopping_Dataset\19_1_crop.mp4,train,4,Inspect Shelf,3566,3655,30.0,3912
1754,19_1,dataset\raw\Videos_MERL_Shopping_Dataset\19_1_crop.mp4,train,4,Inspect Shelf,3656,3745,30.0,3912
1755,19_2,dataset\raw\Videos_MERL_Shopping_Dataset\19_2_crop.mp4,train,0,Reach to Shelf,211,241,30.0,3995
1756,19_2,dataset\raw\Videos_MERL_Shopping_Dataset\19_2_crop.mp4,train,0,Reach to Shelf,736,768,30.0,3995
1757,19_2,dataset\raw\Videos_MERL_Shopping_Dataset\19_2_crop.mp4,train,0,Reach to Shelf,907,933,30.0,3995
1758,19_2,dataset\raw\Videos_MERL_Shopping_Dataset\19_2_crop.mp4,train,0,Reach to Shelf,1163,1186,30.0,3995
1759,19_2,dataset\raw\Videos_MERL_Shopping_Dataset\19_2_crop.mp4,train,0,Reach to Shelf,1251,1290,30.0,3995
1760,19_2,dataset\raw\Videos_MERL_Shopping_Dataset\19_2_crop.mp4,train,0,Reach to Shelf,1327,1379,30.0,3995
1761,19_2,dataset\raw\Videos_MERL_Shopping_Dataset\19_2_crop.mp4,train,0,Reach to Shelf,1571,1614,30.0,3995
1762,19_2,dataset\raw\Videos_MERL_Shopping_Dataset\19_2_crop.mp4,train,0,Reach to Shelf,2326,2366,30.0,3995
1763,19_2,dataset\raw\Videos_MERL_Shopping_Dataset\19_2_crop.mp4,train,0,Reach to Shelf,2507,2543,30.0,3995
1764,19_2,dataset\raw\Videos_MERL_Shopping_Dataset\19_2_crop.mp4,train,0,Reach to Shelf,2681,2709,30.0,3995
1765,19_2,dataset\raw\Videos_MERL_Shopping_Dataset\19_2_crop.mp4,train,0,Reach to Shelf,2903,2939,30.0,3995
1766,19_2,dataset\raw\Videos_MERL_Shopping_Dataset\19_2_crop.mp4,train,0,Reach to Shelf,3075,3133,30.0,3995
1767,19_2,dataset\raw\Videos_MERL_Shopping_Dataset\19_2_crop.mp4,train,0,Reach to Shelf,3219,3233,30.0,3995
1768,19_2,dataset\raw\Videos_MERL_Shopping_Dataset\19_2_crop.mp4,train,0,Reach to Shelf,3292,3333,30.0,3995
1769,19_2,dataset\raw\Videos_MERL_Shopping_Dataset\19_2_crop.mp4,train,0,Reach to Shelf,3548,3602,30.0,3995
1770,19_2,dataset\raw\Videos_MERL_Shopping_Dataset\19_2_crop.mp4,train,0,Reach to Shelf,339,394,30.0,3995
1771,19_2,dataset\raw\Videos_MERL_Shopping_Dataset\19_2_crop.mp4,train,0,Reach to Shelf,1736,1779,30.0,3995
1772,19_2,dataset\raw\Videos_MERL_Shopping_Dataset\19_2_crop.mp4,train,0,Reach to Shelf,2453,2505,30.0,3995
1773,19_2,dataset\raw\Videos_MERL_Shopping_Dataset\19_2_crop.mp4,train,1,Retract from Shelf,400,445,30.0,3995
1774,19_2,dataset\raw\Videos_MERL_Shopping_Dataset\19_2_crop.mp4,train,1,Retract from Shelf,888,905,30.0,3995
1775,19_2,dataset\raw\Videos_MERL_Shopping_Dataset\19_2_crop.mp4,train,1,Retract from Shelf,2797,2821,30.0,3995
1776,19_2,dataset\raw\Videos_MERL_Shopping_Dataset\19_2_crop.mp4,train,1,Retract from Shelf,3039,3072,30.0,3995
1777,19_2,dataset\raw\Videos_MERL_Shopping_Dataset\19_2_crop.mp4,train,1,Retract from Shelf,3234,3259,30.0,3995
1778,19_2,dataset\raw\Videos_MERL_Shopping_Dataset\19_2_crop.mp4,train,1,Retract from Shelf,250,305,30.0,3995
1779,19_2,dataset\raw\Videos_MERL_Shopping_Dataset\19_2_crop.mp4,train,1,Retract from Shelf,935,963,30.0,3995
1780,19_2,dataset\raw\Videos_MERL_Shopping_Dataset\19_2_crop.mp4,train,1,Retract from Shelf,1199,1229,30.0,3995
1781,19_2,dataset\raw\Videos_MERL_Shopping_Dataset\19_2_crop.mp4,train,1,Retract from Shelf,1380,1427,30.0,3995
1782,19_2,dataset\raw\Videos_MERL_Shopping_Dataset\19_2_crop.mp4,train,1,Retract from Shelf,1676,1730,30.0,3995
1783,19_2,dataset\raw\Videos_MERL_Shopping_Dataset\19_2_crop.mp4,train,1,Retract from Shelf,1806,1849,30.0,3995
1784,19_2,dataset\raw\Videos_MERL_Shopping_Dataset\19_2_crop.mp4,train,1,Retract from Shelf,2374,2398,30.0,3995
1785,19_2,dataset\raw\Videos_MERL_Shopping_Dataset\19_2_crop.mp4,train,1,Retract from Shelf,2507,2537,30.0,3995
1786,19_2,dataset\raw\Videos_MERL_Shopping_Dataset\19_2_crop.mp4,train,1,Retract from Shelf,2548,2582,30.0,3995
1787,19_2,dataset\raw\Videos_MERL_Shopping_Dataset\19_2_crop.mp4,train,1,Retract from Shelf,3137,3181,30.0,3995
1788,19_2,dataset\raw\Videos_MERL_Shopping_Dataset\19_2_crop.mp4,train,1,Retract from Shelf,3343,3367,30.0,3995
1789,19_2,dataset\raw\Videos_MERL_Shopping_Dataset\19_2_crop.mp4,train,1,Retract from Shelf,3741,3788,30.0,3995
1790,19_2,dataset\raw\Videos_MERL_Shopping_Dataset\19_2_crop.mp4,train,2,Hand in Shelf,770,859,30.0,3995
1791,19_2,dataset\raw\Videos_MERL_Shopping_Dataset\19_2_crop.mp4,train,2,Hand in Shelf,860,888,30.0,3995
1792,19_2,dataset\raw\Videos_MERL_Shopping_Dataset\19_2_crop.mp4,train,2,Hand in Shelf,1291,1327,30.0,3995
1793,19_2,dataset\raw\Videos_MERL_Shopping_Dataset\19_2_crop.mp4,train,2,Hand in Shelf,1623,1674,30.0,3995
1794,19_2,dataset\raw\Videos_MERL_Shopping_Dataset\19_2_crop.mp4,train,2,Hand in Shelf,1782,1804,30.0,3995
1795,19_2,dataset\raw\Videos_MERL_Shopping_Dataset\19_2_crop.mp4,train,2,Hand in Shelf,2710,2796,30.0,3995
1796,19_2,dataset\raw\Videos_MERL_Shopping_Dataset\19_2_crop.mp4,train,2,Hand in Shelf,2942,3031,30.0,3995
1797,19_2,dataset\raw\Videos_MERL_Shopping_Dataset\19_2_crop.mp4,train,2,Hand in Shelf,3603,3692,30.0,3995
1798,19_2,dataset\raw\Videos_MERL_Shopping_Dataset\19_2_crop.mp4,train,2,Hand in Shelf,3693,3740,30.0,3995
1799,19_2,dataset\raw\Videos_MERL_Shopping_Dataset\19_2_crop.mp4,train,3,Inspect Product,308,337,30.0,3995
1800,19_2,dataset\raw\Videos_MERL_Shopping_Dataset\19_2_crop.mp4,train,3,Inspect Product,1855,1881,30.0,3995
1801,19_2,dataset\raw\Videos_MERL_Shopping_Dataset\19_2_crop.mp4,train,3,Inspect Product,2401,2451,30.0,3995
1802,19_2,dataset\raw\Videos_MERL_Shopping_Dataset\19_2_crop.mp4,train,3,Inspect Product,2583,2618,30.0,3995
1803,19_2,dataset\raw\Videos_MERL_Shopping_Dataset\19_2_crop.mp4,train,4,Inspect Shelf,446,535,30.0,3995
1804,19_2,dataset\raw\Videos_MERL_Shopping_Dataset\19_2_crop.mp4,train,4,Inspect Shelf,536,625,30.0,3995
1805,19_2,dataset\raw\Videos_MERL_Shopping_Dataset\19_2_crop.mp4,train,4,Inspect Shelf,626,715,30.0,3995
1806,19_2,dataset\raw\Videos_MERL_Shopping_Dataset\19_2_crop.mp4,train,4,Inspect Shelf,716,734,30.0,3995
1807,19_2,dataset\raw\Videos_MERL_Shopping_Dataset\19_2_crop.mp4,train,4,Inspect Shelf,966,1055,30.0,3995
1808,19_2,dataset\raw\Videos_MERL_Shopping_Dataset\19_2_crop.mp4,train,4,Inspect Shelf,1056,1145,30.0,3995
1809,19_2,dataset\raw\Videos_MERL_Shopping_Dataset\19_2_crop.mp4,train,4,Inspect Shelf,1429,1518,30.0,3995
1810,19_2,dataset\raw\Videos_MERL_Shopping_Dataset\19_2_crop.mp4,train,4,Inspect Shelf,1519,1569,30.0,3995
1811,19_2,dataset\raw\Videos_MERL_Shopping_Dataset\19_2_crop.mp4,train,4,Inspect Shelf,2244,2322,30.0,3995
1812,19_2,dataset\raw\Videos_MERL_Shopping_Dataset\19_2_crop.mp4,train,4,Inspect Shelf,2621,2680,30.0,3995
1813,19_2,dataset\raw\Videos_MERL_Shopping_Dataset\19_2_crop.mp4,train,4,Inspect Shelf,2822,2899,30.0,3995
1814,19_2,dataset\raw\Videos_MERL_Shopping_Dataset\19_2_crop.mp4,train,4,Inspect Shelf,3184,3216,30.0,3995
1815,19_2,dataset\raw\Videos_MERL_Shopping_Dataset\19_2_crop.mp4,train,4,Inspect Shelf,3262,3290,30.0,3995
1816,19_2,dataset\raw\Videos_MERL_Shopping_Dataset\19_2_crop.mp4,train,4,Inspect Shelf,3372,3461,30.0,3995
1817,19_2,dataset\raw\Videos_MERL_Shopping_Dataset\19_2_crop.mp4,train,4,Inspect Shelf,3462,3546,30.0,3995
1884,1_1,dataset\raw\Videos_MERL_Shopping_Dataset\1_1_crop.mp4,train,0,Reach to Shelf,155,182,30.0,3920
1885,1_1,dataset\raw\Videos_MERL_Shopping_Dataset\1_1_crop.mp4,train,0,Reach to Shelf,433,458,30.0,3920
1886,1_1,dataset\raw\Videos_MERL_Shopping_Dataset\1_1_crop.mp4,train,0,Reach to Shelf,913,938,30.0,3920
1887,1_1,dataset\raw\Videos_MERL_Shopping_Dataset\1_1_crop.mp4,train,0,Reach to Shelf,1026,1066,30.0,3920
1888,1_1,dataset\raw\Videos_MERL_Shopping_Dataset\1_1_crop.mp4,train,0,Reach to Shelf,1523,1559,30.0,3920
1889,1_1,dataset\raw\Videos_MERL_Shopping_Dataset\1_1_crop.mp4,train,0,Reach to Shelf,1967,2003,30.0,3920
1890,1_1,dataset\raw\Videos_MERL_Shopping_Dataset\1_1_crop.mp4,train,0,Reach to Shelf,2309,2333,30.0,3920
1891,1_1,dataset\raw\Videos_MERL_Shopping_Dataset\1_1_crop.mp4,train,0,Reach to Shelf,2566,2581,30.0,3920
1892,1_1,dataset\raw\Videos_MERL_Shopping_Dataset\1_1_crop.mp4,train,0,Reach to Shelf,2911,2932,30.0,3920
1893,1_1,dataset\raw\Videos_MERL_Shopping_Dataset\1_1_crop.mp4,train,0,Reach to Shelf,3262,3284,30.0,3920
1894,1_1,dataset\raw\Videos_MERL_Shopping_Dataset\1_1_crop.mp4,train,0,Reach to Shelf,3582,3604,30.0,3920
1895,1_1,dataset\raw\Videos_MERL_Shopping_Dataset\1_1_crop.mp4,train,0,Reach to Shelf,375,405,30.0,3920
1896,1_1,dataset\raw\Videos_MERL_Shopping_Dataset\1_1_crop.mp4,train,0,Reach to Shelf,685,713,30.0,3920
1897,1_1,dataset\raw\Videos_MERL_Shopping_Dataset\1_1_crop.mp4,train,0,Reach to Shelf,1151,1199,30.0,3920
1898,1_1,dataset\raw\Videos_MERL_Shopping_Dataset\1_1_crop.mp4,train,0,Reach to Shelf,2171,2203,30.0,3920
1899,1_1,dataset\raw\Videos_MERL_Shopping_Dataset\1_1_crop.mp4,train,0,Reach to Shelf,2245,2268,30.0,3920
1900,1_1,dataset\raw\Videos_MERL_Shopping_Dataset\1_1_crop.mp4,train,0,Reach to Shelf,2404,2434,30.0,3920
1901,1_1,dataset\raw\Videos_MERL_Shopping_Dataset\1_1_crop.mp4,train,0,Reach to Shelf,2749,2776,30.0,3920
1902,1_1,dataset\raw\Videos_MERL_Shopping_Dataset\1_1_crop.mp4,train,0,Reach to Shelf,2844,2870,30.0,3920
1903,1_1,dataset\raw\Videos_MERL_Shopping_Dataset\1_1_crop.mp4,train,0,Reach to Shelf,2980,3007,30.0,3920
1904,1_1,dataset\raw\Videos_MERL_Shopping_Dataset\1_1_crop.mp4,train,0,Reach to Shelf,3376,3413,30.0,3920
1905,1_1,dataset\raw\Videos_MERL_Shopping_Dataset\1_1_crop.mp4,train,1,Retract from Shelf,417,432,30.0,3920
1906,1_1,dataset\raw\Videos_MERL_Shopping_Dataset\1_1_crop.mp4,train,1,Retract from Shelf,738,763,30.0,3920
1907,1_1,dataset\raw\Videos_MERL_Shopping_Dataset\1_1_crop.mp4,train,1,Retract from Shelf,1246,1288,30.0,3920
1908,1_1,dataset\raw\Videos_MERL_Shopping_Dataset\1_1_crop.mp4,train,1,Retract from Shelf,2272,2299,30.0,3920
1909,1_1,dataset\raw\Videos_MERL_Shopping_Dataset\1_1_crop.mp4,train,1,Retract from Shelf,2439,2457,30.0,3920
1910,1_1,dataset\raw\Videos_MERL_Shopping_Dataset\1_1_crop.mp4,train,1,Retract from Shelf,2781,2797,30.0,3920
1911,1_1,dataset\raw\Videos_MERL_Shopping_Dataset\1_1_crop.mp4,train,1,Retract from Shelf,2875,2889,30.0,3920
1912,1_1,dataset\raw\Videos_MERL_Shopping_Dataset\1_1_crop.mp4,train,1,Retract from Shelf,3013,3029,30.0,3920
1913,1_1,dataset\raw\Videos_MERL_Shopping_Dataset\1_1_crop.mp4,train,1,Retract from Shelf,3424,3444,30.0,3920
1914,1_1,dataset\raw\Videos_MERL_Shopping_Dataset\1_1_crop.mp4,train,1,Retract from Shelf,183,210,30.0,3920
1915,1_1,dataset\raw\Videos_MERL_Shopping_Dataset\1_1_crop.mp4,train,1,Retract from Shelf,526,560,30.0,3920
1916,1_1,dataset\raw\Videos_MERL_Shopping_Dataset\1_1_crop.mp4,train,1,Retract from Shelf,940,978,30.0,3920
1917,1_1,dataset\raw\Videos_MERL_Shopping_Dataset\1_1_crop.mp4,train,1,Retract from Shelf,1068,1103,30.0,3920
1918,1_1,dataset\raw\Videos_MERL_Shopping_Dataset\1_1_crop.mp4,train,1,Retract from Shelf,1564,1597,30.0,3920
1919,1_1,dataset\raw\Videos_MERL_Shopping_Dataset\1_1_crop.mp4,train,1,Retract from Shelf,2028,2053,30.0,3920
1920,1_1,dataset\raw\Videos_MERL_Shopping_Dataset\1_1_crop.mp4,train,1,Retract from Shelf,2339,2373,30.0,3920
1921,1_1,dataset\raw\Videos_MERL_Shopping_Dataset\1_1_crop.mp4,train,1,Retract from Shelf,2585,2602,30.0,3920
1922,1_1,dataset\raw\Videos_MERL_Shopping_Dataset\1_1_crop.mp4,train,1,Retract from Shelf,2644,2671,30.0,3920
1923,1_1,dataset\raw\Videos_MERL_Shopping_Dataset\1_1_crop.mp4,train,1,Retract from Shelf,2935,2956,30.0,3920
1924,1_1,dataset\raw\Videos_MERL_Shopping_Dataset\1_1_crop.mp4,train,1,Retract from Shelf,3288,3316,30.0,3920
1925,1_1,dataset\raw\Videos_MERL_Shopping_Dataset\1_1_crop.mp4,train,1,Retract from Shelf,3607,3630,30.0,3920
1926,1_1,dataset\raw\Videos_MERL_Shopping_Dataset\1_1_crop.mp4,train,2,Hand in Shelf,1200,1245,30.0,3920
1927,1_1,dataset\raw\Videos_MERL_Shopping_Dataset\1_1_crop.mp4,train,2,Hand in Shelf,1321,1410,30.0,3920
1928,1_1,dataset\raw\Videos_MERL_Shopping_Dataset\1_1_crop.mp4,train,2,Hand in Shelf,1411,1455,30.0,3920
1929,1_1,dataset\raw\Videos_MERL_Shopping_Dataset\1_1_crop.mp4,train,3,Inspect Product,216,305,30.0,3920
1930,1_1,dataset\raw\Videos_MERL_Shopping_Dataset\1_1_crop.mp4,train,3,Inspect Product,306,370,30.0,3920
1931,1_1,dataset\raw\Videos_MERL_Shopping_Dataset\1_1_crop.mp4,train,3,Inspect Product,565,654,30.0,3920
1932,1_1,dataset\raw\Videos_MERL_Shopping_Dataset\1_1_crop.mp4,train,3,Inspect Product,655,685,30.0,3920
1933,1_1,dataset\raw\Videos_MERL_Shopping_Dataset\1_1_crop.mp4,train,3,Inspect Product,1069,1146,30.0,3920
1934,1_1,dataset\raw\Videos_MERL_Shopping_Dataset\1_1_crop.mp4,train,3,Inspect Product,1600,1661,30.0,3920
1935,1_1,dataset\raw\Videos_MERL_Shopping_Dataset\1_1_crop.mp4,train,3,Inspect Product,2004,2027,30.0,3920
1936,1_1,dataset\raw\Videos_MERL_Shopping_Dataset\1_1_crop.mp4,train,3,Inspect Product,2053,2142,30.0,3920
1937,1_1,dataset\raw\Videos_MERL_Shopping_Dataset\1_1_crop.mp4,train,3,Inspect Product,2143,2168,30.0,3920
1938,1_1,dataset\raw\Videos_MERL_Shopping_Dataset\1_1_crop.mp4,train,3,Inspect Product,2374,2402,30.0,3920
1939,1_1,dataset\raw\Videos_MERL_Shopping_Dataset\1_1_crop.mp4,train,3,Inspect Product,2605,2626,30.0,3920
1940,1_1,dataset\raw\Videos_MERL_Shopping_Dataset\1_1_crop.mp4,train,3,Inspect Product,2643,2732,30.0,3920
1941,1_1,dataset\raw\Videos_MERL_Shopping_Dataset\1_1_crop.mp4,train,3,Inspect Product,2960,2975,30.0,3920
1942,1_1,dataset\raw\Videos_MERL_Shopping_Dataset\1_1_crop.mp4,train,3,Inspect Product,3317,3369,30.0,3920
1943,1_1,dataset\raw\Videos_MERL_Shopping_Dataset\1_1_crop.mp4,train,3,Inspect Product,3632,3707,30.0,3920
1944,1_1,dataset\raw\Videos_MERL_Shopping_Dataset\1_1_crop.mp4,train,4,Inspect Shelf,783,872,30.0,3920
1945,1_1,dataset\raw\Videos_MERL_Shopping_Dataset\1_1_crop.mp4,train,4,Inspect Shelf,873,893,30.0,3920
1946,1_1,dataset\raw\Videos_MERL_Shopping_Dataset\1_1_crop.mp4,train,4,Inspect Shelf,1469,1510,30.0,3920
1947,1_1,dataset\raw\Videos_MERL_Shopping_Dataset\1_1_crop.mp4,train,4,Inspect Shelf,1922,1962,30.0,3920
1948,1_1,dataset\raw\Videos_MERL_Shopping_Dataset\1_1_crop.mp4,train,4,Inspect Shelf,2467,2556,30.0,3920
1949,1_1,dataset\raw\Videos_MERL_Shopping_Dataset\1_1_crop.mp4,train,4,Inspect Shelf,3045,3134,30.0,3920
1950,1_1,dataset\raw\Videos_MERL_Shopping_Dataset\1_1_crop.mp4,train,4,Inspect Shelf,3135,3224,30.0,3920
1951,1_1,dataset\raw\Videos_MERL_Shopping_Dataset\1_1_crop.mp4,train,4,Inspect Shelf,3225,3254,30.0,3920
1952,1_1,dataset\raw\Videos_MERL_Shopping_Dataset\1_1_crop.mp4,train,4,Inspect Shelf,3457,3546,30.0,3920
1953,1_1,dataset\raw\Videos_MERL_Shopping_Dataset\1_1_crop.mp4,train,4,Inspect Shelf,3547,3574,30.0,3920
1954,1_2,dataset\raw\Videos_MERL_Shopping_Dataset\1_2_crop.mp4,train,0,Reach to Shelf,239,269,30.0,3872
1955,1_2,dataset\raw\Videos_MERL_Shopping_Dataset\1_2_crop.mp4,train,0,Reach to Shelf,472,501,30.0,3872
1956,1_2,dataset\raw\Videos_MERL_Shopping_Dataset\1_2_crop.mp4,train,0,Reach to Shelf,1158,1183,30.0,3872
1957,1_2,dataset\raw\Videos_MERL_Shopping_Dataset\1_2_crop.mp4,train,0,Reach to Shelf,1384,1413,30.0,3872
1958,1_2,dataset\raw\Videos_MERL_Shopping_Dataset\1_2_crop.mp4,train,0,Reach to Shelf,2097,2118,30.0,3872
1959,1_2,dataset\raw\Videos_MERL_Shopping_Dataset\1_2_crop.mp4,train,0,Reach to Shelf,2140,2165,30.0,3872
1960,1_2,dataset\raw\Videos_MERL_Shopping_Dataset\1_2_crop.mp4,train,0,Reach to Shelf,2458,2481,30.0,3872
1961,1_2,dataset\raw\Videos_MERL_Shopping_Dataset\1_2_crop.mp4,train,0,Reach to Shelf,2842,2856,30.0,3872
1962,1_2,dataset\raw\Videos_MERL_Shopping_Dataset\1_2_crop.mp4,train,0,Reach to Shelf,3164,3184,30.0,3872
1963,1_2,dataset\raw\Videos_MERL_Shopping_Dataset\1_2_crop.mp4,train,0,Reach to Shelf,3378,3404,30.0,3872
1964,1_2,dataset\raw\Videos_MERL_Shopping_Dataset\1_2_crop.mp4,train,0,Reach to Shelf,410,441,30.0,3872
1965,1_2,dataset\raw\Videos_MERL_Shopping_Dataset\1_2_crop.mp4,train,0,Reach to Shelf,893,948,30.0,3872
1966,1_2,dataset\raw\Videos_MERL_Shopping_Dataset\1_2_crop.mp4,train,0,Reach to Shelf,1013,1062,30.0,3872
1967,1_2,dataset\raw\Videos_MERL_Shopping_Dataset\1_2_crop.mp4,train,0,Reach to Shelf,1881,1906,30.0,3872
1968,1_2,dataset\raw\Videos_MERL_Shopping_Dataset\1_2_crop.mp4,train,0,Reach to Shelf,2311,2348,30.0,3872
1969,1_2,dataset\raw\Videos_MERL_Shopping_Dataset\1_2_crop.mp4,train,0,Reach to Shelf,2621,2658,30.0,3872
1970,1_2,dataset\raw\Videos_MERL_Shopping_Dataset\1_2_crop.mp4,train,0,Reach to Shelf,2994,3038,30.0,3872
1971,1_2,dataset\raw\Videos_MERL_Shopping_Dataset\1_2_crop.mp4,train,0,Reach to Shelf,3315,3359,30.0,3872
1972,1_2,dataset\raw\Videos_MERL_Shopping_Dataset\1_2_crop.mp4,train,0,Reach to Shelf,3456,3503,30.0,3872
1973,1_2,dataset\raw\Videos_MERL_Shopping_Dataset\1_2_crop.mp4,train,1,Retract from Shelf,443,470,30.0,3872
1974,1_2,dataset\raw\Videos_MERL_Shopping_Dataset\1_2_crop.mp4,train,1,Retract from Shelf,1063,1103,30.0,3872
1975,1_2,dataset\raw\Videos_MERL_Shopping_Dataset\1_2_crop.mp4,train,1,Retract from Shelf,1254,1283,30.0,3872
1976,1_2,dataset\raw\Videos_MERL_Shopping_Dataset\1_2_crop.mp4,train,1,Retract from Shelf,1908,1922,30.0,3872
1977,1_2,dataset\raw\Videos_MERL_Shopping_Dataset\1_2_crop.mp4,train,1,Retract from Shelf,2246,2263,30.0,3872
1978,1_2,dataset\raw\Videos_MERL_Shopping_Dataset\1_2_crop.mp4,train,1,Retract from Shelf,2375,2402,30.0,3872
1979,1_2,dataset\raw\Videos_MERL_Shopping_Dataset\1_2_crop.mp4,train,1,Retract from Shelf,2659,2683,30.0,3872
1980,1_2,dataset\raw\Videos_MERL_Shopping_Dataset\1_2_crop.mp4,train,1,Retract from Shelf,3041,3068,30.0,3872
1981,1_2,dataset\raw\Videos_MERL_Shopping_Dataset\1_2_crop.mp4,train,1,Retract from Shelf,3360,3376,30.0,3872
1982,1_2,dataset\raw\Videos_MERL_Shopping_Dataset\1_2_crop.mp4,train,1,Retract from Shelf,3503,3519,30.0,3872
1983,1_2,dataset\raw\Videos_MERL_Shopping_Dataset\1_2_crop.mp4,train,1,Retract from Shelf,270,298,30.0,3872
1984,1_2,dataset\raw\Videos_MERL_Shopping_Dataset\1_2_crop.mp4,train,1,Retract from Shelf,722,755,30.0,3872
1985,1_2,dataset\raw\Videos_MERL_Shopping_Dataset\1_2_crop.mp4,train,1,Retract from Shelf,956,992,30.0,3872
1986,1_2,dataset\raw\Videos_MERL_Shopping_Dataset\1_2_crop.mp4,train,1,Retract from Shelf,1445,1480,30.0,3872
1987,1_2,dataset\raw\Videos_MERL_Shopping_Dataset\1_2_crop.mp4,train,1,Retract from Shelf,2120,2139,30.0,3872
1988,1_2,dataset\raw\Videos_MERL_Shopping_Dataset\1_2_crop.mp4,train,1,Retract from Shelf,2482,2515,30.0,3872
1989,1_2,dataset\raw\Videos_MERL_Shopping_Dataset\1_2_crop.mp4,train,1,Retract from Shelf,2858,2881,30.0,3872
1990,1_2,dataset\raw\Videos_MERL_Shopping_Dataset\1_2_crop.mp4,train,1,Retract from Shelf,3185,3212,30.0,3872
1991,1_2,dataset\raw\Videos_MERL_Shopping_Dataset\1_2_crop.mp4,train,1,Retract from Shelf,3405,3437,30.0,3872
1992,1_2,dataset\raw\Videos_MERL_Shopping_Dataset\1_2_crop.mp4,train,2,Hand in Shelf,503,592,30.0,3872
1993,1_2,dataset\raw\Videos_MERL_Shopping_Dataset\1_2_crop.mp4,train,2,Hand in Shelf,593,682,30.0,3872
1994,1_2,dataset\raw\Videos_MERL_Shopping_Dataset\1_2_crop.mp4,train,2,Hand in Shelf,683,721,30.0,3872
1995,1_2,dataset\raw\Videos_MERL_Shopping_Dataset\1_2_crop.mp4,train,2,Hand in Shelf,1186,1252,30.0,3872
1996,1_2,dataset\raw\Videos_MERL_Shopping_Dataset\1_2_crop.mp4,train,2,Hand in Shelf,1413,1442,30.0,3872
1997,1_2,dataset\raw\Videos_MERL_Shopping_Dataset\1_2_crop.mp4,train,2,Hand in Shelf,2167,2245,30.0,3872
1998,1_2,dataset\raw\Videos_MERL_Shopping_Dataset\1_2_crop.mp4,train,2,Hand in Shelf,2351,2373,30.0,3872
1999,1_2,dataset\raw\Videos_MERL_Shopping_Dataset\1_2_crop.mp4,train,3,Inspect Product,306,395,30.0,3872
2000,1_2,dataset\raw\Videos_MERL_Shopping_Dataset\1_2_crop.mp4,train,3,Inspect Product,761,850,30.0,3872
2001,1_2,dataset\raw\Videos_MERL_Shopping_Dataset\1_2_crop.mp4,train,3,Inspect Product,851,887,30.0,3872
2002,1_2,dataset\raw\Videos_MERL_Shopping_Dataset\1_2_crop.mp4,train,3,Inspect Product,992,1011,30.0,3872
2003,1_2,dataset\raw\Videos_MERL_Shopping_Dataset\1_2_crop.mp4,train,3,Inspect Product,1483,1572,30.0,3872
2004,1_2,dataset\raw\Videos_MERL_Shopping_Dataset\1_2_crop.mp4,train,3,Inspect Product,1573,1662,30.0,3872
2005,1_2,dataset\raw\Videos_MERL_Shopping_Dataset\1_2_crop.mp4,train,3,Inspect Product,1663,1752,30.0,3872
2006,1_2,dataset\raw\Videos_MERL_Shopping_Dataset\1_2_crop.mp4,train,3,Inspect Product,1753,1842,30.0,3872
2007,1_2,dataset\raw\Videos_MERL_Shopping_Dataset\1_2_crop.mp4,train,3,Inspect Product,1843,1877,30.0,3872
2008,1_2,dataset\raw\Videos_MERL_Shopping_Dataset\1_2_crop.mp4,train,3,Inspect Product,2167,2244,30.0,3872
2009,1_2,dataset\raw\Videos_MERL_Shopping_Dataset\1_2_crop.mp4,train,3,Inspect Product,2264,2309,30.0,3872
2010,1_2,dataset\raw\Videos_MERL_Shopping_Dataset\1_2_crop.mp4,train,3,Inspect Product,2518,2607,30.0,3872
2011,1_2,dataset\raw\Videos_MERL_Shopping_Dataset\1_2_crop.mp4,train,3,Inspect Product,2882,2971,30.0,3872
2012,1_2,dataset\raw\Videos_MERL_Shopping_Dataset\1_2_crop.mp4,train,3,Inspect Product,2972,2992,30.0,3872
2013,1_2,dataset\raw\Videos_MERL_Shopping_Dataset\1_2_crop.mp4,train,3,Inspect Product,3214,3303,30.0,3872
2014,1_2,dataset\raw\Videos_MERL_Shopping_Dataset\1_2_crop.mp4,train,3,Inspect Product,3439,3455,30.0,3872
2015,1_2,dataset\raw\Videos_MERL_Shopping_Dataset\1_2_crop.mp4,train,4,Inspect Shelf,200,237,30.0,3872
2016,1_2,dataset\raw\Videos_MERL_Shopping_Dataset\1_2_crop.mp4,train,4,Inspect Shelf,1106,1156,30.0,3872
2017,1_2,dataset\raw\Videos_MERL_Shopping_Dataset\1_2_crop.mp4,train,4,Inspect Shelf,1285,1374,30.0,3872
2018,1_2,dataset\raw\Videos_MERL_Shopping_Dataset\1_2_crop.mp4,train,4,Inspect Shelf,2405,2455,30.0,3872
2019,1_2,dataset\raw\Videos_MERL_Shopping_Dataset\1_2_crop.mp4,train,4,Inspect Shelf,2684,2773,30.0,3872
2020,1_2,dataset\raw\Videos_MERL_Shopping_Dataset\1_2_crop.mp4,train,4,Inspect Shelf,2774,2840,30.0,3872
2021,1_2,dataset\raw\Videos_MERL_Shopping_Dataset\1_2_crop.mp4,train,4,Inspect Shelf,3070,3159,30.0,3872
2022,1_2,dataset\raw\Videos_MERL_Shopping_Dataset\1_2_crop.mp4,train,4,Inspect Shelf,3521,3610,30.0,3872
2023,1_2,dataset\raw\Videos_MERL_Shopping_Dataset\1_2_crop.mp4,train,4,Inspect Shelf,3611,3665,30.0,3872
2111,20_1,dataset\raw\Videos_MERL_Shopping_Dataset\20_1_crop.mp4,train,0,Reach to Shelf,258,295,30.0,4121
2112,20_1,dataset\raw\Videos_MERL_Shopping_Dataset\20_1_crop.mp4,train,0,Reach to Shelf,791,814,30.0,4121
2113,20_1,dataset\raw\Videos_MERL_Shopping_Dataset\20_1_crop.mp4,train,0,Reach to Shelf,922,940,30.0,4121
2114,20_1,dataset\raw\Videos_MERL_Shopping_Dataset\20_1_crop.mp4,train,0,Reach to Shelf,2306,2330,30.0,4121
2115,20_1,dataset\raw\Videos_MERL_Shopping_Dataset\20_1_crop.mp4,train,0,Reach to Shelf,2711,2738,30.0,4121
2116,20_1,dataset\raw\Videos_MERL_Shopping_Dataset\20_1_crop.mp4,train,0,Reach to Shelf,3050,3080,30.0,4121
2117,20_1,dataset\raw\Videos_MERL_Shopping_Dataset\20_1_crop.mp4,train,0,Reach to Shelf,3170,3184,30.0,4121
2118,20_1,dataset\raw\Videos_MERL_Shopping_Dataset\20_1_crop.mp4,train,0,Reach to Shelf,3343,3370,30.0,4121
2119,20_1,dataset\raw\Videos_MERL_Shopping_Dataset\20_1_crop.mp4,train,0,Reach to Shelf,3697,3728,30.0,4121
2120,20_1,dataset\raw\Videos_MERL_Shopping_Dataset\20_1_crop.mp4,train,0,Reach to Shelf,367,416,30.0,4121
2121,20_1,dataset\raw\Videos_MERL_Shopping_Dataset\20_1_crop.mp4,train,0,Reach to Shelf,557,579,30.0,4121
2122,20_1,dataset\raw\Videos_MERL_Shopping_Dataset\20_1_crop.mp4,train,0,Reach to Shelf,1280,1313,30.0,4121
2123,20_1,dataset\raw\Videos_MERL_Shopping_Dataset\20_1_crop.mp4,train,0,Reach to Shelf,1348,1379,30.0,4121
2124,20_1,dataset\raw\Videos_MERL_Shopping_Dataset\20_1_crop.mp4,train,0,Reach to Shelf,1686,1730,30.0,4121
2125,20_1,dataset\raw\Videos_MERL_Shopping_Dataset\20_1_crop.mp4,train,0,Reach to Shelf,2577,2617,30.0,4121
2126,20_1,dataset\raw\Videos_MERL_Shopping_Dataset\20_1_crop.mp4,train,0,Reach to Shelf,2796,2838,30.0,4121
2127,20_1,dataset\raw\Videos_MERL_Shopping_Dataset\20_1_crop.mp4,train,0,Reach to Shelf,3642,3670,30.0,4121
2128,20_1,dataset\raw\Videos_MERL_Shopping_Dataset\20_1_crop.mp4,train,1,Retract from Shelf,1382,1402,30.0,4121
2129,20_1,dataset\raw\Videos_MERL_Shopping_Dataset\20_1_crop.mp4,train,1,Retract from Shelf,2618,2649,30.0,4121
2130,20_1,dataset\raw\Videos_MERL_Shopping_Dataset\20_1_crop.mp4,train,1,Retract from Shelf,3184,3198,30.0,4121
2131,20_1,dataset\raw\Videos_MERL_Shopping_Dataset\20_1_crop.mp4,train,1,Retract from Shelf,301,323,30.0,4121
2132,20_1,dataset\raw\Videos_MERL_Shopping_Dataset\20_1_crop.mp4,train,1,Retract from Shelf,507,550,30.0,4121
2133,20_1,dataset\raw\Videos_MERL_Shopping_Dataset\20_1_crop.mp4,train,1,Retract from Shelf,609,638,30.0,4121
2134,20_1,dataset\raw\Videos_MERL_Shopping_Dataset\20_1_crop.mp4,train,1,Retract from Shelf,821,860,30.0,4121
2135,20_1,dataset\raw\Videos_MERL_Shopping_Dataset\20_1_crop.mp4,train,1,Retract from Shelf,944,981,30.0,4121
2136,20_1,dataset\raw\Videos_MERL_Shopping_Dataset\20_1_crop.mp4,train,1,Retract from Shelf,1314,1346,30.0,4121
2137,20_1,dataset\raw\Videos_MERL_Shopping_Dataset\20_1_crop.mp4,train,1,Retract from Shelf,1732,1765,30.0,4121
2138,20_1,dataset\raw\Videos_MERL_Shopping_Dataset\20_1_crop.mp4,train,1,Retract from Shelf,2333,2366,30.0,4121
2139,20_1,dataset\raw\Videos_MERL_Shopping_Dataset\20_1_crop.mp4,train,1,Retract from Shelf,2740,2768,30.0,4121
2140,20_1,dataset\raw\Videos_MERL_Shopping_Dataset\20_1_crop.mp4,train,1,Retract from Shelf,2872,2913,30.0,4121
2141,20_1,dataset\raw\Videos_MERL_Shopping_Dataset\20_1_crop.mp4,train,1,Retract from Shelf,3141,3167,30.0,4121
2142,20_1,dataset\raw\Videos_MERL_Shopping_Dataset\20_1_crop.mp4,train,1,Retract from Shelf,3373,3403,30.0,4121
2143,20_1,dataset\raw\Videos_MERL_Shopping_Dataset\20_1_crop.mp4,train,1,Retract from Shelf,3781,3827,30.0,4121
2144,20_1,dataset\raw\Videos_MERL_Shopping_Dataset\20_1_crop.mp4,train,2,Hand in Shelf,422,504,30.0,4121
2145,20_1,dataset\raw\Videos_MERL_Shopping_Dataset\20_1_crop.mp4,train,2,Hand in Shelf,580,607,30.0,4121
2146,20_1,dataset\raw\Videos_MERL_Shopping_Dataset\20_1_crop.mp4,train,2,Hand in Shelf,2840,2871,30.0,4121
2147,20_1,dataset\raw\Videos_MERL_Shopping_Dataset\20_1_crop.mp4,train,2,Hand in Shelf,3082,3137,30.0,4121
2148,20_1,dataset\raw\Videos_MERL_Shopping_Dataset\20_1_crop.mp4,train,2,Hand in Shelf,3728,3779,30.0,4121
2149,20_1,dataset\raw\Videos_MERL_Shopping_Dataset\20_1_crop.mp4,train,3,Inspect Product,324,365,30.0,4121
2150,20_1,dataset\raw\Videos_MERL_Shopping_Dataset\20_1_crop.mp4,train,3,Inspect Product,2367,2456,30.0,4121
2151,20_1,dataset\raw\Videos_MERL_Shopping_Dataset\20_1_crop.mp4,train,3,Inspect Product,2457,2530,30.0,4121
2152,20_1,dataset\raw\Videos_MERL_Shopping_Dataset\20_1_crop.mp4,train,3,Inspect Product,2769,2796,30.0,4121
2153,20_1,dataset\raw\Videos_MERL_Shopping_Dataset\20_1_crop.mp4,train,3,Inspect Product,3200,3232,30.0,4121
2154,20_1,dataset\raw\Videos_MERL_Shopping_Dataset\20_1_crop.mp4,train,3,Inspect Product,3404,3436,30.0,4121
2155,20_1,dataset\raw\Videos_MERL_Shopping_Dataset\20_1_crop.mp4,train,4,Inspect Shelf,642,731,30.0,4121
2156,20_1,dataset\raw\Videos_MERL_Shopping_Dataset\20_1_crop.mp4,train,4,Inspect Shelf,732,788,30.0,4121
2157,20_1,dataset\raw\Videos_MERL_Shopping_Dataset\20_1_crop.mp4,train,4,Inspect Shelf,862,920,30.0,4121
2158,20_1,dataset\raw\Videos_MERL_Shopping_Dataset\20_1_crop.mp4,train,4,Inspect Shelf,984,1073,30.0,4121
2159,20_1,dataset\raw\Videos_MERL_Shopping_Dataset\20_1_crop.mp4,train,4,Inspect Shelf,1074,1163,30.0,4121
2160,20_1,dataset\raw\Videos_MERL_Shopping_Dataset\20_1_crop.mp4,train,4,Inspect Shelf,1164,1253,30.0,4121
2161,20_1,dataset\raw\Videos_MERL_Shopping_Dataset\20_1_crop.mp4,train,4,Inspect Shelf,1254,1280,30.0,4121
2162,20_1,dataset\raw\Videos_MERL_Shopping_Dataset\20_1_crop.mp4,train,4,Inspect Shelf,1404,1493,30.0,4121
2163,20_1,dataset\raw\Videos_MERL_Shopping_Dataset\20_1_crop.mp4,train,4,Inspect Shelf,1494,1583,30.0,4121
2164,20_1,dataset\raw\Videos_MERL_Shopping_Dataset\20_1_crop.mp4,train,4,Inspect Shelf,1584,1673,30.0,4121
2165,20_1,dataset\raw\Videos_MERL_Shopping_Dataset\20_1_crop.mp4,train,4,Inspect Shelf,1768,1857,30.0,4121
2166,20_1,dataset\raw\Videos_MERL_Shopping_Dataset\20_1_crop.mp4,train,4,Inspect Shelf,2532,2576,30.0,4121
2167,20_1,dataset\raw\Videos_MERL_Shopping_Dataset\20_1_crop.mp4,train,4,Inspect Shelf,2653,2708,30.0,4121
2168,20_1,dataset\raw\Videos_MERL_Shopping_Dataset\20_1_crop.mp4,train,4,Inspect Shelf,2915,3004,30.0,4121
2169,20_1,dataset\raw\Videos_MERL_Shopping_Dataset\20_1_crop.mp4,train,4,Inspect Shelf,3005,3047,30.0,4121
2170,20_1,dataset\raw\Videos_MERL_Shopping_Dataset\20_1_crop.mp4,train,4,Inspect Shelf,3235,3324,30.0,4121
2171,20_1,dataset\raw\Videos_MERL_Shopping_Dataset\20_1_crop.mp4,train,4,Inspect Shelf,3325,3341,30.0,4121
2172,20_1,dataset\raw\Videos_MERL_Shopping_Dataset\20_1_crop.mp4,train,4,Inspect Shelf,3439,3528,30.0,4121
2173,20_1,dataset\raw\Videos_MERL_Shopping_Dataset\20_1_crop.mp4,train,4,Inspect Shelf,3529,3618,30.0,4121
2174,20_1,dataset\raw\Videos_MERL_Shopping_Dataset\20_1_crop.mp4,train,4,Inspect Shelf,3619,3640,30.0,4121
2175,20_2,dataset\raw\Videos_MERL_Shopping_Dataset\20_2_crop.mp4,train,0,Reach to Shelf,210,235,30.0,5137
2176,20_2,dataset\raw\Videos_MERL_Shopping_Dataset\20_2_crop.mp4,train,0,Reach to Shelf,308,334,30.0,5137
2177,20_2,dataset\raw\Videos_MERL_Shopping_Dataset\20_2_crop.mp4,train,0,Reach to Shelf,578,597,30.0,5137
2178,20_2,dataset\raw\Videos_MERL_Shopping_Dataset\20_2_crop.mp4,train,0,Reach to Shelf,1039,1082,30.0,5137
2179,20_2,dataset\raw\Videos_MERL_Shopping_Dataset\20_2_crop.mp4,train,0,Reach to Shelf,2263,2297,30.0,5137
2180,20_2,dataset\raw\Videos_MERL_Shopping_Dataset\20_2_crop.mp4,train,0,Reach to Shelf,3592,3625,30.0,5137
2181,20_2,dataset\raw\Videos_MERL_Shopping_Dataset\20_2_crop.mp4,train,0,Reach to Shelf,3883,3913,30.0,5137
2182,20_2,dataset\raw\Videos_MERL_Shopping_Dataset\20_2_crop.mp4,train,0,Reach to Shelf,4820,4879,30.0,5137
2183,20_2,dataset\raw\Videos_MERL_Shopping_Dataset\20_2_crop.mp4,train,0,Reach to Shelf,534,577,30.0,5137
2184,20_2,dataset\raw\Videos_MERL_Shopping_Dataset\20_2_crop.mp4,train,0,Reach to Shelf,931,969,30.0,5137
2185,20_2,dataset\raw\Videos_MERL_Shopping_Dataset\20_2_crop.mp4,train,0,Reach to Shelf,4225,4246,30.0,5137
2186,20_2,dataset\raw\Videos_MERL_Shopping_Dataset\20_2_crop.mp4,train,0,Reach to Shelf,4910,4941,30.0,5137
2187,20_2,dataset\raw\Videos_MERL_Shopping_Dataset\20_2_crop.mp4,train,1,Retract from Shelf,972,993,30.0,5137
2188,20_2,dataset\raw\Videos_MERL_Shopping_Dataset\20_2_crop.mp4,train,1,Retract from Shelf,2932,2972,30.0,5137
2189,20_2,dataset\raw\Videos_MERL_Shopping_Dataset\20_2_crop.mp4,train,1,Retract from Shelf,4250,4278,30.0,5137
2190,20_2,dataset\raw\Videos_MERL_Shopping_Dataset\20_2_crop.mp4,train,1,Retract from Shelf,4944,4969,30.0,5137
2191,20_2,dataset\raw\Videos_MERL_Shopping_Dataset\20_2_crop.mp4,train,1,Retract from Shelf,251,279,30.0,5137
2192,20_2,dataset\raw\Videos_MERL_Shopping_Dataset\20_2_crop.mp4,train,1,Retract from Shelf,335,363,30.0,5137
2193,20_2,dataset\raw\Videos_MERL_Shopping_Dataset\20_2_crop.mp4,train,1,Retract from Shelf,679,728,30.0,5137
2194,20_2,dataset\raw\Videos_MERL_Shopping_Dataset\20_2_crop.mp4,train,1,Retract from Shelf,1088,1152,30.0,5137
2195,20_2,dataset\raw\Videos_MERL_Shopping_Dataset\20_2_crop.mp4,train,1,Retract from Shelf,3673,3701,30.0,5137
2196,20_2,dataset\raw\Videos_MERL_Shopping_Dataset\20_2_crop.mp4,train,1,Retract from Shelf,3920,3947,30.0,5137
2197,20_2,dataset\raw\Videos_MERL_Shopping_Dataset\20_2_crop.mp4,train,1,Retract from Shelf,4880,4906,30.0,5137
2198,20_2,dataset\raw\Videos_MERL_Shopping_Dataset\20_2_crop.mp4,train,2,Hand in Shelf,598,678,30.0,5137
2199,20_2,dataset\raw\Videos_MERL_Shopping_Dataset\20_2_crop.mp4,train,2,Hand in Shelf,2303,2392,30.0,5137
2200,20_2,dataset\raw\Videos_MERL_Shopping_Dataset\20_2_crop.mp4,train,2,Hand in Shelf,2393,2482,30.0,5137
2201,20_2,dataset\raw\Videos_MERL_Shopping_Dataset\20_2_crop.mp4,train,2,Hand in Shelf,2483,2572,30.0,5137
2202,20_2,dataset\raw\Videos_MERL_Shopping_Dataset\20_2_crop.mp4,train,2,Hand in Shelf,2573,2662,30.0,5137
2203,20_2,dataset\raw\Videos_MERL_Shopping_Dataset\20_2_crop.mp4,train,2,Hand in Shelf,2663,2752,30.0,5137
2204,20_2,dataset\raw\Videos_MERL_Shopping_Dataset\20_2_crop.mp4,train,2,Hand in Shelf,2753,2842,30.0,5137
2205,20_2,dataset\raw\Videos_MERL_Shopping_Dataset\20_2_crop.mp4,train,2,Hand in Shelf,2843,2929,30.0,5137
2206,20_2,dataset\raw\Videos_MERL_Shopping_Dataset\20_2_crop.mp4,train,2,Hand in Shelf,3630,3670,30.0,5137
2207,20_2,dataset\raw\Videos_MERL_Shopping_Dataset\20_2_crop.mp4,train,3,Inspect Product,280,306,30.0,5137
2208,20_2,dataset\raw\Videos_MERL_Shopping_Dataset\20_2_crop.mp4,train,3,Inspect Product,366,455,30.0,5137
2209,20_2,dataset\raw\Videos_MERL_Shopping_Dataset\20_2_crop.mp4,train,3,Inspect Product,456,532,30.0,5137
2210,20_2,dataset\raw\Videos_MERL_Shopping_Dataset\20_2_crop.mp4,train,3,Inspect Product,730,819,30.0,5137
2211,20_2,dataset\raw\Videos_MERL_Shopping_Dataset\20_2_crop.mp4,train,3,Inspect Product,820,909,30.0,5137
2212,20_2,dataset\raw\Videos_MERL_Shopping_Dataset\20_2_crop.mp4,train,3,Inspect Product,910,930,30.0,5137
2213,20_2,dataset\raw\Videos_MERL_Shopping_Dataset\20_2_crop.mp4,train,3,Inspect Product,995,1038,30.0,5137
2214,20_2,dataset\raw\Videos_MERL_Shopping_Dataset\20_2_crop.mp4,train,3,Inspect Product,1154,1243,30.0,5137
2215,20_2,dataset\raw\Videos_MERL_Shopping_Dataset\20_2_crop.mp4,train,3,Inspect Product,1244,1333,30.0,5137
2216,20_2,dataset\raw\Videos_MERL_Shopping_Dataset\20_2_crop.mp4,train,3,Inspect Product,1334,1348,30.0,5137
2217,20_2,dataset\raw\Videos_MERL_Shopping_Dataset\20_2_crop.mp4,train,3,Inspect Product,3708,3797,30.0,5137
2218,20_2,dataset\raw\Videos_MERL_Shopping_Dataset\20_2_crop.mp4,train,3,Inspect Product,3798,3819,30.0,5137
2219,20_2,dataset\raw\Videos_MERL_Shopping_Dataset\20_2_crop.mp4,train,3,Inspect Product,3955,4044,30.0,5137
2220,20_2,dataset\raw\Videos_MERL_Shopping_Dataset\20_2_crop.mp4,train,3,Inspect Product,4045,4134,30.0,5137
2221,20_2,dataset\raw\Videos_MERL_Shopping_Dataset\20_2_crop.mp4,train,3,Inspect Product,4135,4224,30.0,5137
2222,20_2,dataset\raw\Videos_MERL_Shopping_Dataset\20_2_crop.mp4,train,4,Inspect Shelf,1358,1447,30.0,5137
2223,20_2,dataset\raw\Videos_MERL_Shopping_Dataset\20_2_crop.mp4,train,4,Inspect Shelf,1448,1537,30.0,5137
2224,20_2,dataset\raw\Videos_MERL_Shopping_Dataset\20_2_crop.mp4,train,4,Inspect Shelf,1538,1627,30.0,5137
2225,20_2,dataset\raw\Videos_MERL_Shopping_Dataset\20_2_crop.mp4,train,4,Inspect Shelf,1628,1717,30.0,5137
2226,20_2,dataset\raw\Videos_MERL_Shopping_Dataset\20_2_crop.mp4,train,4,Inspect Shelf,1718,1807,30.0,5137
2227,20_2,dataset\raw\Videos_MERL_Shopping_Dataset\20_2_crop.mp4,train,4,Inspect Shelf,1808,1897,30.0,5137
2228,20_2,dataset\raw\Videos_MERL_Shopping_Dataset\20_2_crop.mp4,train,4,Inspect Shelf,1898,1968,30.0,5137
2229,20_2,dataset\raw\Videos_MERL_Shopping_Dataset\20_2_crop.mp4,train,4,Inspect Shelf,2980,3069,30.0,5137
2230,20_2,dataset\raw\Videos_MERL_Shopping_Dataset\20_2_crop.mp4,train,4,Inspect Shelf,3070,3159,30.0,5137
2231,20_2,dataset\raw\Videos_MERL_Shopping_Dataset\20_2_crop.mp4,train,4,Inspect Shelf,3160,3249,30.0,5137
2232,20_2,dataset\raw\Videos_MERL_Shopping_Dataset\20_2_crop.mp4,train,4,Inspect Shelf,3250,3339,30.0,5137
2233,20_2,dataset\raw\Videos_MERL_Shopping_Dataset\20_2_crop.mp4,train,4,Inspect Shelf,3340,3429,30.0,5137
2234,20_2,dataset\raw\Videos_MERL_Shopping_Dataset\20_2_crop.mp4,train,4,Inspect Shelf,3430,3519,30.0,5137
2235,20_2,dataset\raw\Videos_MERL_Shopping_Dataset\20_2_crop.mp4,train,4,Inspect Shelf,3520,3586,30.0,5137
2236,20_2,dataset\raw\Videos_MERL_Shopping_Dataset\20_2_crop.mp4,train,4,Inspect Shelf,3821,3882,30.0,5137
2237,20_2,dataset\raw\Videos_MERL_Shopping_Dataset\20_2_crop.mp4,train,4,Inspect Shelf,4280,4369,30.0,5137
2238,20_2,dataset\raw\Videos_MERL_Shopping_Dataset\20_2_crop.mp4,train,4,Inspect Shelf,4370,4459,30.0,5137
2239,20_2,dataset\raw\Videos_MERL_Shopping_Dataset\20_2_crop.mp4,train,4,Inspect Shelf,4460,4549,30.0,5137
2240,20_2,dataset\raw\Videos_MERL_Shopping_Dataset\20_2_crop.mp4,train,4,Inspect Shelf,4550,4639,30.0,5137
2241,20_2,dataset\raw\Videos_MERL_Shopping_Dataset\20_2_crop.mp4,train,4,Inspect Shelf,4640,4729,30.0,5137
2242,20_2,dataset\raw\Videos_MERL_Shopping_Dataset\20_2_crop.mp4,train,4,Inspect Shelf,4730,4818,30.0,5137
2243,20_3,dataset\raw\Videos_MERL_Shopping_Dataset\20_3_crop.mp4,train,0,Reach to Shelf,348,386,30.0,4860
2244,20_3,dataset\raw\Videos_MERL_Shopping_Dataset\20_3_crop.mp4,train,0,Reach to Shelf,646,670,30.0,4860
2245,20_3,dataset\raw\Videos_MERL_Shopping_Dataset\20_3_crop.mp4,train,0,Reach to Shelf,1175,1206,30.0,4860
2246,20_3,dataset\raw\Videos_MERL_Shopping_Dataset\20_3_crop.mp4,train,0,Reach to Shelf,1656,1684,30.0,4860
2247,20_3,dataset\raw\Videos_MERL_Shopping_Dataset\20_3_crop.mp4,train,0,Reach to Shelf,1841,1868,30.0,4860
2248,20_3,dataset\raw\Videos_MERL_Shopping_Dataset\20_3_crop.mp4,train,0,Reach to Shelf,2055,2076,30.0,4860
2249,20_3,dataset\raw\Videos_MERL_Shopping_Dataset\20_3_crop.mp4,train,0,Reach to Shelf,2079,2112,30.0,4860
2250,20_3,dataset\raw\Videos_MERL_Shopping_Dataset\20_3_crop.mp4,train,0,Reach to Shelf,2699,2732,30.0,4860
2251,20_3,dataset\raw\Videos_MERL_Shopping_Dataset\20_3_crop.mp4,train,0,Reach to Shelf,3577,3609,30.0,4860
2252,20_3,dataset\raw\Videos_MERL_Shopping_Dataset\20_3_crop.mp4,train,0,Reach to Shelf,3823,3859,30.0,4860
2253,20_3,dataset\raw\Videos_MERL_Shopping_Dataset\20_3_crop.mp4,train,0,Reach to Shelf,4118,4151,30.0,4860
2254,20_3,dataset\raw\Videos_MERL_Shopping_Dataset\20_3_crop.mp4,train,0,Reach to Shelf,4246,4293,30.0,4860
2255,20_3,dataset\raw\Videos_MERL_Shopping_Dataset\20_3_crop.mp4,train,0,Reach to Shelf,4502,4553,30.0,4860
2256,20_3,dataset\raw\Videos_MERL_Shopping_Dataset\20_3_crop.mp4,train,0,Reach to Shelf,551,608,30.0,4860
2257,20_3,dataset\raw\Videos_MERL_Shopping_Dataset\20_3_crop.mp4,train,0,Reach to Shelf,975,993,30.0,4860
2258,20_3,dataset\raw\Videos_MERL_Shopping_Dataset\20_3_crop.mp4,train,0,Reach to Shelf,1379,1407,30.0,4860
2259,20_3,dataset\raw\Videos_MERL_Shopping_Dataset\20_3_crop.mp4,train,0,Reach to Shelf,1512,1556,30.0,4860
2260,20_3,dataset\raw\Videos_MERL_Shopping_Dataset\20_3_crop.mp4,train,0,Reach to Shelf,1732,1752,30.0,4860
2261,20_3,dataset\raw\Videos_MERL_Shopping_Dataset\20_3_crop.mp4,train,0,Reach to Shelf,2759,2789,30.0,4860
2262,20_3,dataset\raw\Videos_MERL_Shopping_Dataset\20_3_crop.mp4,train,0,Reach to Shelf,3250,3302,30.0,4860
2263,20_3,dataset\raw\Videos_MERL_Shopping_Dataset\20_3_crop.mp4,train,0,Reach to Shelf,4398,4426,30.0,4860
2264,20_3,dataset\raw\Videos_MERL_Shopping_Dataset\20_3_crop.mp4,train,1,Retract from Shelf,610,646,30.0,4860
2265,20_3,dataset\raw\Videos_MERL_Shopping_Dataset\20_3_crop.mp4,train,1,Retract from Shelf,1556,1580,30.0,4860
2266,20_3,dataset\raw\Videos_MERL_Shopping_Dataset\20_3_crop.mp4,train,1,Retract from Shelf,1753,1784,30.0,4860
2267,20_3,dataset\raw\Videos_MERL_Shopping_Dataset\20_3_crop.mp4,train,1,Retract from Shelf,3303,3320,30.0,4860
2268,20_3,dataset\raw\Videos_MERL_Shopping_Dataset\20_3_crop.mp4,train,1,Retract from Shelf,3862,3885,30.0,4860
2269,20_3,dataset\raw\Videos_MERL_Shopping_Dataset\20_3_crop.mp4,train,1,Retract from Shelf,4426,4461,30.0,4860
2270,20_3,dataset\raw\Videos_MERL_Shopping_Dataset\20_3_crop.mp4,train,1,Retract from Shelf,388,424,30.0,4860
2271,20_3,dataset\raw\Videos_MERL_Shopping_Dataset\20_3_crop.mp4,train,1,Retract from Shelf,672,698,30.0,4860
2272,20_3,dataset\raw\Videos_MERL_Shopping_Dataset\20_3_crop.mp4,train,1,Retract from Shelf,1014,1046,30.0,4860
2273,20_3,dataset\raw\Videos_MERL_Shopping_Dataset\20_3_crop.mp4,train,1,Retract from Shelf,1208,1238,30.0,4860
2274,20_3,dataset\raw\Videos_MERL_Shopping_Dataset\20_3_crop.mp4,train,1,Retract from Shelf,1446,1476,30.0,4860
2275,20_3,dataset\raw\Videos_MERL_Shopping_Dataset\20_3_crop.mp4,train,1,Retract from Shelf,1685,1728,30.0,4860
2276,20_3,dataset\raw\Videos_MERL_Shopping_Dataset\20_3_crop.mp4,train,1,Retract from Shelf,1870,1915,30.0,4860
2277,20_3,dataset\raw\Videos_MERL_Shopping_Dataset\20_3_crop.mp4,train,1,Retract from Shelf,2114,2150,30.0,4860
2278,20_3,dataset\raw\Videos_MERL_Shopping_Dataset\20_3_crop.mp4,train,1,Retract from Shelf,2734,2759,30.0,4860
2279,20_3,dataset\raw\Videos_MERL_Shopping_Dataset\20_3_crop.mp4,train,1,Retract from Shelf,2874,2897,30.0,4860
2280,20_3,dataset\raw\Videos_MERL_Shopping_Dataset\20_3_crop.mp4,train,1,Retract from Shelf,3764,3798,30.0,4860
2281,20_3,dataset\raw\Videos_MERL_Shopping_Dataset\20_3_crop.mp4,train,1,Retract from Shelf,4152,4191,30.0,4860
2282,20_3,dataset\raw\Videos_MERL_Shopping_Dataset\20_3_crop.mp4,train,1,Retract from Shelf,4329,4354,30.0,4860
2283,20_3,dataset\raw\Videos_MERL_Shopping_Dataset\20_3_crop.mp4,train,1,Retract from Shelf,4625,4666,30.0,4860
2284,20_3,dataset\raw\Videos_MERL_Shopping_Dataset\20_3_crop.mp4,train,2,Hand in Shelf,995,1011,30.0,4860
2285,20_3,dataset\raw\Videos_MERL_Shopping_Dataset\20_3_crop.mp4,train,2,Hand in Shelf,1408,1444,30.0,4860
2286,20_3,dataset\raw\Videos_MERL_Shopping_Dataset\20_3_crop.mp4,train,2,Hand in Shelf,2796,2870,30.0,4860
2287,20_3,dataset\raw\Videos_MERL_Shopping_Dataset\20_3_crop.mp4,train,2,Hand in Shelf,3613,3702,30.0,4860
2288,20_3,dataset\raw\Videos_MERL_Shopping_Dataset\20_3_crop.mp4,train,2,Hand in Shelf,3703,3764,30.0,4860
2289,20_3,dataset\raw\Videos_MERL_Shopping_Dataset\20_3_crop.mp4,train,2,Hand in Shelf,4293,4330,30.0,4860
2290,20_3,dataset\raw\Videos_MERL_Shopping_Dataset\20_3_crop.mp4,train,2,Hand in Shelf,4556,4624,30.0,4860
2291,20_3,dataset\raw\Videos_MERL_Shopping_Dataset\20_3_crop.mp4,train,3,Inspect Product,428,517,30.0,4860
2292,20_3,dataset\raw\Videos_MERL_Shopping_Dataset\20_3_crop.mp4,train,3,Inspect Product,518,550,30.0,4860
2293,20_3,dataset\raw\Videos_MERL_Shopping_Dataset\20_3_crop.mp4,train,3,Inspect Product,698,787,30.0,4860
2294,20_3,dataset\raw\Videos_MERL_Shopping_Dataset\20_3_crop.mp4,train,3,Inspect Product,788,877,30.0,4860
2295,20_3,dataset\raw\Videos_MERL_Shopping_Dataset\20_3_crop.mp4,train,3,Inspect Product,878,921,30.0,4860
2296,20_3,dataset\raw\Videos_MERL_Shopping_Dataset\20_3_crop.mp4,train,3,Inspect Product,1048,1093,30.0,4860
2297,20_3,dataset\raw\Videos_MERL_Shopping_Dataset\20_3_crop.mp4,train,3,Inspect Product,1239,1328,30.0,4860
2298,20_3,dataset\raw\Videos_MERL_Shopping_Dataset\20_3_crop.mp4,train,3,Inspect Product,1329,1379,30.0,4860
2299,20_3,dataset\raw\Videos_MERL_Shopping_Dataset\20_3_crop.mp4,train,3,Inspect Product,1480,1512,30.0,4860
2300,20_3,dataset\raw\Videos_MERL_Shopping_Dataset\20_3_crop.mp4,train,3,Inspect Product,2898,2987,30.0,4860
2301,20_3,dataset\raw\Videos_MERL_Shopping_Dataset\20_3_crop.mp4,train,3,Inspect Product,2988,3077,30.0,4860
2302,20_3,dataset\raw\Videos_MERL_Shopping_Dataset\20_3_crop.mp4,train,3,Inspect Product,3078,3167,30.0,4860
2303,20_3,dataset\raw\Videos_MERL_Shopping_Dataset\20_3_crop.mp4,train,3,Inspect Product,3168,3249,30.0,4860
2304,20_3,dataset\raw\Videos_MERL_Shopping_Dataset\20_3_crop.mp4,train,3,Inspect Product,4195,4247,30.0,4860
2305,20_3,dataset\raw\Videos_MERL_Shopping_Dataset\20_3_crop.mp4,train,3,Inspect Product,4355,4398,30.0,4860
2306,20_3,dataset\raw\Videos_MERL_Shopping_Dataset\20_3_crop.mp4,train,4,Inspect Shelf,247,336,30.0,4860
2307,20_3,dataset\raw\Videos_MERL_Shopping_Dataset\20_3_crop.mp4,train,4,Inspect Shelf,922,962,30.0,4860
2308,20_3,dataset\raw\Videos_MERL_Shopping_Dataset\20_3_crop.mp4,train,4,Inspect Shelf,1136,1176,30.0,4860
2309,20_3,dataset\raw\Videos_MERL_Shopping_Dataset\20_3_crop.mp4,train,4,Inspect Shelf,1582,1656,30.0,4860
2310,20_3,dataset\raw\Videos_MERL_Shopping_Dataset\20_3_crop.mp4,train,4,Inspect Shelf,1785,1844,30.0,4860
2311,20_3,dataset\raw\Videos_MERL_Shopping_Dataset\20_3_crop.mp4,train,4,Inspect Shelf,1918,2007,30.0,4860
2312,20_3,dataset\raw\Videos_MERL_Shopping_Dataset\20_3_crop.mp4,train,4,Inspect Shelf,2008,2056,30.0,4860
2313,20_3,dataset\raw\Videos_MERL_Shopping_Dataset\20_3_crop.mp4,train,4,Inspect Shelf,2154,2243,30.0,4860
2314,20_3,dataset\raw\Videos_MERL_Shopping_Dataset\20_3_crop.mp4,train,4,Inspect Shelf,3321,3410,30.0,4860
2315,20_3,dataset\raw\Videos_MERL_Shopping_Dataset\20_3_crop.mp4,train,4,Inspect Shelf,3411,3500,30.0,4860
2316,20_3,dataset\raw\Videos_MERL_Shopping_Dataset\20_3_crop.mp4,train,4,Inspect Shelf,3501,3575,30.0,4860
2317,20_3,dataset\raw\Videos_MERL_Shopping_Dataset\20_3_crop.mp4,train,4,Inspect Shelf,3802,3824,30.0,4860
2318,20_3,dataset\raw\Videos_MERL_Shopping_Dataset\20_3_crop.mp4,train,4,Inspect Shelf,3887,3976,30.0,4860
2319,20_3,dataset\raw\Videos_MERL_Shopping_Dataset\20_3_crop.mp4,train,4,Inspect Shelf,3977,4066,30.0,4860
2320,20_3,dataset\raw\Videos_MERL_Shopping_Dataset\20_3_crop.mp4,train,4,Inspect Shelf,4067,4124,30.0,4860
2321,20_3,dataset\raw\Videos_MERL_Shopping_Dataset\20_3_crop.mp4,train,4,Inspect Shelf,4463,4500,30.0,4860
2322,21_1,dataset\raw\Videos_MERL_Shopping_Dataset\21_1_crop.mp4,train,0,Reach to Shelf,436,458,30.0,4196
2323,21_1,dataset\raw\Videos_MERL_Shopping_Dataset\21_1_crop.mp4,train,0,Reach to Shelf,587,604,30.0,4196
2324,21_1,dataset\raw\Videos_MERL_Shopping_Dataset\21_1_crop.mp4,train,0,Reach to Shelf,666,690,30.0,4196
2325,21_1,dataset\raw\Videos_MERL_Shopping_Dataset\21_1_crop.mp4,train,0,Reach to Shelf,922,939,30.0,4196
2326,21_1,dataset\raw\Videos_MERL_Shopping_Dataset\21_1_crop.mp4,train,0,Reach to Shelf,996,1020,30.0,4196
2327,21_1,dataset\raw\Videos_MERL_Shopping_Dataset\21_1_crop.mp4,train,0,Reach to Shelf,1682,1699,30.0,4196
2328,21_1,dataset\raw\Videos_MERL_Shopping_Dataset\21_1_crop.mp4,train,0,Reach to Shelf,2352,2372,30.0,4196
2329,21_1,dataset\raw\Videos_MERL_Shopping_Dataset\21_1_crop.mp4,train,0,Reach to Shelf,2659,2677,30.0,4196
2330,21_1,dataset\raw\Videos_MERL_Shopping_Dataset\21_1_crop.mp4,train,0,Reach to Shelf,3078,3100,30.0,4196
2331,21_1,dataset\raw\Videos_MERL_Shopping_Dataset\21_1_crop.mp4,train,0,Reach to Shelf,3515,3544,30.0,4196
2332,21_1,dataset\raw\Videos_MERL_Shopping_Dataset\21_1_crop.mp4,train,0,Reach to Shelf,3852,3875,30.0,4196
2333,21_1,dataset\raw\Videos_MERL_Shopping_Dataset\21_1_crop.mp4,train,0,Reach to Shelf,515,547,30.0,4196
2334,21_1,dataset\raw\Videos_MERL_Shopping_Dataset\21_1_crop.mp4,train,0,Reach to Shelf,884,917,30.0,4196
2335,21_1,dataset\raw\Videos_MERL_Shopping_Dataset\21_1_crop.mp4,train,0,Reach to Shelf,3701,3717,30.0,4196
2336,21_1,dataset\raw\Videos_MERL_Shopping_Dataset\21_1_crop.mp4,train,0,Reach to Shelf,3943,3975,30.0,4196
2337,21_1,dataset\raw\Videos_MERL_Shopping_Dataset\21_1_crop.mp4,train,1,Retract from Shelf,550,580,30.0,4196
2338,21_1,dataset\raw\Videos_MERL_Shopping_Dataset\21_1_crop.mp4,train,1,Retract from Shelf,3975,3991,30.0,4196
2339,21_1,dataset\raw\Videos_MERL_Shopping_Dataset\21_1_crop.mp4,train,1,Retract from Shelf,459,494,30.0,4196
2340,21_1,dataset\raw\Videos_MERL_Shopping_Dataset\21_1_crop.mp4,train,1,Retract from Shelf,605,666,30.0,4196
2341,21_1,dataset\raw\Videos_MERL_Shopping_Dataset\21_1_crop.mp4,train,1,Retract from Shelf,690,725,30.0,4196
2342,21_1,dataset\raw\Videos_MERL_Shopping_Dataset\21_1_crop.mp4,train,1,Retract from Shelf,940,972,30.0,4196
2343,21_1,dataset\raw\Videos_MERL_Shopping_Dataset\21_1_crop.mp4,train,1,Retract from Shelf,1020,1051,30.0,4196
2344,21_1,dataset\raw\Videos_MERL_Shopping_Dataset\21_1_crop.mp4,train,1,Retract from Shelf,1700,1746,30.0,4196
2345,21_1,dataset\raw\Videos_MERL_Shopping_Dataset\21_1_crop.mp4,train,1,Retract from Shelf,2372,2391,30.0,4196
2346,21_1,dataset\raw\Videos_MERL_Shopping_Dataset\21_1_crop.mp4,train,1,Retract from Shelf,2829,2851,30.0,4196
2347,21_1,dataset\raw\Videos_MERL_Shopping_Dataset\21_1_crop.mp4,train,1,Retract from Shelf,3147,3174,30.0,4196
2348,21_1,dataset\raw\Videos_MERL_Shopping_Dataset\21_1_crop.mp4,train,1,Retract from Shelf,3546,3584,30.0,4196
2349,21_1,dataset\raw\Videos_MERL_Shopping_Dataset\21_1_crop.mp4,train,1,Retract from Shelf,3769,3783,30.0,4196
2350,21_1,dataset\raw\Videos_MERL_Shopping_Dataset\21_1_crop.mp4,train,1,Retract from Shelf,3876,3907,30.0,4196
2351,21_1,dataset\raw\Videos_MERL_Shopping_Dataset\21_1_crop.mp4,train,2,Hand in Shelf,2679,2768,30.0,4196
2352,21_1,dataset\raw\Videos_MERL_Shopping_Dataset\21_1_crop.mp4,train,2,Hand in Shelf,2769,2828,30.0,4196
2353,21_1,dataset\raw\Videos_MERL_Shopping_Dataset\21_1_crop.mp4,train,2,Hand in Shelf,3100,3145,30.0,4196
2354,21_1,dataset\raw\Videos_MERL_Shopping_Dataset\21_1_crop.mp4,train,2,Hand in Shelf,3717,3768,30.0,4196
2355,21_1,dataset\raw\Videos_MERL_Shopping_Dataset\21_1_crop.mp4,train,3,Inspect Product,495,513,30.0,4196
2356,21_1,dataset\raw\Videos_MERL_Shopping_Dataset\21_1_crop.mp4,train,3,Inspect Product,724,801,30.0,4196
2357,21_1,dataset\raw\Videos_MERL_Shopping_Dataset\21_1_crop.mp4,train,3,Inspect Product,1081,1170,30.0,4196
2358,21_1,dataset\raw\Videos_MERL_Shopping_Dataset\21_1_crop.mp4,train,3,Inspect Product,1171,1260,30.0,4196
2359,21_1,dataset\raw\Videos_MERL_Shopping_Dataset\21_1_crop.mp4,train,3,Inspect Product,1261,1309,30.0,4196
2360,21_1,dataset\raw\Videos_MERL_Shopping_Dataset\21_1_crop.mp4,train,3,Inspect Product,1758,1827,30.0,4196
2361,21_1,dataset\raw\Videos_MERL_Shopping_Dataset\21_1_crop.mp4,train,3,Inspect Product,2396,2485,30.0,4196
2362,21_1,dataset\raw\Videos_MERL_Shopping_Dataset\21_1_crop.mp4,train,3,Inspect Product,2486,2550,30.0,4196
2363,21_1,dataset\raw\Videos_MERL_Shopping_Dataset\21_1_crop.mp4,train,3,Inspect Product,2853,2918,30.0,4196
2364,21_1,dataset\raw\Videos_MERL_Shopping_Dataset\21_1_crop.mp4,train,3,Inspect Product,3175,3215,30.0,4196
2365,21_1,dataset\raw\Videos_MERL_Shopping_Dataset\21_1_crop.mp4,train,3,Inspect Product,3590,3679,30.0,4196
2366,21_1,dataset\raw\Videos_MERL_Shopping_Dataset\21_1_crop.mp4,train,3,Inspect Product,3680,3701,30.0,4196
2367,21_1,dataset\raw\Videos_MERL_Shopping_Dataset\21_1_crop.mp4,train,3,Inspect Product,3785,3830,30.0,4196
2368,21_1,dataset\raw\Videos_MERL_Shopping_Dataset\21_1_crop.mp4,train,3,Inspect Product,3909,3943,30.0,4196
2369,21_1,dataset\raw\Videos_MERL_Shopping_Dataset\21_1_crop.mp4,train,4,Inspect Shelf,804,874,30.0,4196
2370,21_1,dataset\raw\Videos_MERL_Shopping_Dataset\21_1_crop.mp4,train,4,Inspect Shelf,1321,1410,30.0,4196
2371,21_1,dataset\raw\Videos_MERL_Shopping_Dataset\21_1_crop.mp4,train,4,Inspect Shelf,1411,1500,30.0,4196
2372,21_1,dataset\raw\Videos_MERL_Shopping_Dataset\21_1_crop.mp4,train,4,Inspect Shelf,1501,1590,30.0,4196
2373,21_1,dataset\raw\Videos_MERL_Shopping_Dataset\21_1_crop.mp4,train,4,Inspect Shelf,1591,1675,30.0,4196
2374,21_1,dataset\raw\Videos_MERL_Shopping_Dataset\21_1_crop.mp4,train,4,Inspect Shelf,2555,2644,30.0,4196
2375,21_1,dataset\raw\Videos_MERL_Shopping_Dataset\21_1_crop.mp4,train,4,Inspect Shelf,2926,3015,30.0,4196
2376,21_1,dataset\raw\Videos_MERL_Shopping_Dataset\21_1_crop.mp4,train,4,Inspect Shelf,3016,3077,30.0,4196
2377,21_1,dataset\raw\Videos_MERL_Shopping_Dataset\21_1_crop.mp4,train,4,Inspect Shelf,3226,3315,30.0,4196
2378,21_1,dataset\raw\Videos_MERL_Shopping_Dataset\21_1_crop.mp4,train,4,Inspect Shelf,3316,3405,30.0,4196
2379,21_1,dataset\raw\Videos_MERL_Shopping_Dataset\21_1_crop.mp4,train,4,Inspect Shelf,3406,3495,30.0,4196
2380,21_1,dataset\raw\Videos_MERL_Shopping_Dataset\21_1_crop.mp4,train,4,Inspect Shelf,3496,3514,30.0,4196
2381,21_1,dataset\raw\Videos_MERL_Shopping_Dataset\21_1_crop.mp4,train,4,Inspect Shelf,3832,3850,30.0,4196
2448,21_3,dataset\raw\Videos_MERL_Shopping_Dataset\21_3_crop.mp4,train,0,Reach to Shelf,247,268,30.0,4348
2449,21_3,dataset\raw\Videos_MERL_Shopping_Dataset\21_3_crop.mp4,train,0,Reach to Shelf,678,703,30.0,4348
2450,21_3,dataset\raw\Videos_MERL_Shopping_Dataset\21_3_crop.mp4,train,0,Reach to Shelf,1023,1043,30.0,4348
2451,21_3,dataset\raw\Videos_MERL_Shopping_Dataset\21_3_crop.mp4,train,0,Reach to Shelf,1495,1518,30.0,4348
2452,21_3,dataset\raw\Videos_MERL_Shopping_Dataset\21_3_crop.mp4,train,0,Reach to Shelf,1861,1886,30.0,4348
2453,21_3,dataset\raw\Videos_MERL_Shopping_Dataset\21_3_crop.mp4,train,0,Reach to Shelf,2550,2582,30.0,4348
2454,21_3,dataset\raw\Videos_MERL_Shopping_Dataset\21_3_crop.mp4,train,0,Reach to Shelf,3610,3650,30.0,4348
2455,21_3,dataset\raw\Videos_MERL_Shopping_Dataset\21_3_crop.mp4,train,0,Reach to Shelf,3705,3732,30.0,4348
2456,21_3,dataset\raw\Videos_MERL_Shopping_Dataset\21_3_crop.mp4,train,0,Reach to Shelf,415,448,30.0,4348
2457,21_3,dataset\raw\Videos_MERL_Shopping_Dataset\21_3_crop.mp4,train,0,Reach to Shelf,557,583,30.0,4348
2458,21_3,dataset\raw\Videos_MERL_Shopping_Dataset\21_3_crop.mp4,train,0,Reach to Shelf,1282,1310,30.0,4348
2459,21_3,dataset\raw\Videos_MERL_Shopping_Dataset\21_3_crop.mp4,train,0,Reach to Shelf,2955,2990,30.0,4348
2460,21_3,dataset\raw\Videos_MERL_Shopping_Dataset\21_3_crop.mp4,train,1,Retract from Shelf,451,469,30.0,4348
2461,21_3,dataset\raw\Videos_MERL_Shopping_Dataset\21_3_crop.mp4,train,1,Retract from Shelf,585,600,30.0,4348
2462,21_3,dataset\raw\Videos_MERL_Shopping_Dataset\21_3_crop.mp4,train,1,Retract from Shelf,1313,1339,30.0,4348
2463,21_3,dataset\raw\Videos_MERL_Shopping_Dataset\21_3_crop.mp4,train,1,Retract from Shelf,268,304,30.0,4348
2464,21_3,dataset\raw\Videos_MERL_Shopping_Dataset\21_3_crop.mp4,train,1,Retract from Shelf,506,555,30.0,4348
2465,21_3,dataset\raw\Videos_MERL_Shopping_Dataset\21_3_crop.mp4,train,1,Retract from Shelf,704,741,30.0,4348
2466,21_3,dataset\raw\Videos_MERL_Shopping_Dataset\21_3_crop.mp4,train,1,Retract from Shelf,1046,1067,30.0,4348
2467,21_3,dataset\raw\Videos_MERL_Shopping_Dataset\21_3_crop.mp4,train,1,Retract from Shelf,1520,1552,30.0,4348
2468,21_3,dataset\raw\Videos_MERL_Shopping_Dataset\21_3_crop.mp4,train,1,Retract from Shelf,1889,1920,30.0,4348
2469,21_3,dataset\raw\Videos_MERL_Shopping_Dataset\21_3_crop.mp4,train,1,Retract from Shelf,2583,2628,30.0,4348
2470,21_3,dataset\raw\Videos_MERL_Shopping_Dataset\21_3_crop.mp4,train,1,Retract from Shelf,3330,3381,30.0,4348
2471,21_3,dataset\raw\Videos_MERL_Shopping_Dataset\21_3_crop.mp4,train,1,Retract from Shelf,3735,3780,30.0,4348
2472,21_3,dataset\raw\Videos_MERL_Shopping_Dataset\21_3_crop.mp4,train,2,Hand in Shelf,2993,3082,30.0,4348
2473,21_3,dataset\raw\Videos_MERL_Shopping_Dataset\21_3_crop.mp4,train,2,Hand in Shelf,3083,3172,30.0,4348
2474,21_3,dataset\raw\Videos_MERL_Shopping_Dataset\21_3_crop.mp4,train,2,Hand in Shelf,3173,3262,30.0,4348
2475,21_3,dataset\raw\Videos_MERL_Shopping_Dataset\21_3_crop.mp4,train,2,Hand in Shelf,3263,3330,30.0,4348
2476,21_3,dataset\raw\Videos_MERL_Shopping_Dataset\21_3_crop.mp4,train,2,Hand in Shelf,3651,3705,30.0,4348
2477,21_3,dataset\raw\Videos_MERL_Shopping_Dataset\21_3_crop.mp4,train,3,Inspect Product,309,398,30.0,4348
2478,21_3,dataset\raw\Videos_MERL_Shopping_Dataset\21_3_crop.mp4,train,3,Inspect Product,399,413,30.0,4348
2479,21_3,dataset\raw\Videos_MERL_Shopping_Dataset\21_3_crop.mp4,train,3,Inspect Product,742,807,30.0,4348
2480,21_3,dataset\raw\Videos_MERL_Shopping_Dataset\21_3_crop.mp4,train,3,Inspect Product,1068,1157,30.0,4348
2481,21_3,dataset\raw\Videos_MERL_Shopping_Dataset\21_3_crop.mp4,train,3,Inspect Product,1158,1247,30.0,4348
2482,21_3,dataset\raw\Videos_MERL_Shopping_Dataset\21_3_crop.mp4,train,3,Inspect Product,1248,1279,30.0,4348
2483,21_3,dataset\raw\Videos_MERL_Shopping_Dataset\21_3_crop.mp4,train,3,Inspect Product,1553,1625,30.0,4348
2484,21_3,dataset\raw\Videos_MERL_Shopping_Dataset\21_3_crop.mp4,train,3,Inspect Product,1926,1997,30.0,4348
2485,21_3,dataset\raw\Videos_MERL_Shopping_Dataset\21_3_crop.mp4,train,3,Inspect Product,2628,2717,30.0,4348
2486,21_3,dataset\raw\Videos_MERL_Shopping_Dataset\21_3_crop.mp4,train,3,Inspect Product,2718,2783,30.0,4348
2487,21_3,dataset\raw\Videos_MERL_Shopping_Dataset\21_3_crop.mp4,train,3,Inspect Product,3383,3472,30.0,4348
2488,21_3,dataset\raw\Videos_MERL_Shopping_Dataset\21_3_crop.mp4,train,3,Inspect Product,3783,3872,30.0,4348
2489,21_3,dataset\raw\Videos_MERL_Shopping_Dataset\21_3_crop.mp4,train,3,Inspect Product,3873,3962,30.0,4348
2490,21_3,dataset\raw\Videos_MERL_Shopping_Dataset\21_3_crop.mp4,train,3,Inspect Product,3963,4052,30.0,4348
2491,21_3,dataset\raw\Videos_MERL_Shopping_Dataset\21_3_crop.mp4,train,3,Inspect Product,4053,4127,30.0,4348
2492,21_3,dataset\raw\Videos_MERL_Shopping_Dataset\21_3_crop.mp4,train,4,Inspect Shelf,470,484,30.0,4348
2493,21_3,dataset\raw\Videos_MERL_Shopping_Dataset\21_3_crop.mp4,train,4,Inspect Shelf,600,677,30.0,4348
2494,21_3,dataset\raw\Videos_MERL_Shopping_Dataset\21_3_crop.mp4,train,4,Inspect Shelf,810,899,30.0,4348
2495,21_3,dataset\raw\Videos_MERL_Shopping_Dataset\21_3_crop.mp4,train,4,Inspect Shelf,900,989,30.0,4348
2496,21_3,dataset\raw\Videos_MERL_Shopping_Dataset\21_3_crop.mp4,train,4,Inspect Shelf,990,1023,30.0,4348
2497,21_3,dataset\raw\Videos_MERL_Shopping_Dataset\21_3_crop.mp4,train,4,Inspect Shelf,1342,1431,30.0,4348
2498,21_3,dataset\raw\Videos_MERL_Shopping_Dataset\21_3_crop.mp4,train,4,Inspect Shelf,1432,1493,30.0,4348
2499,21_3,dataset\raw\Videos_MERL_Shopping_Dataset\21_3_crop.mp4,train,4,Inspect Shelf,1626,1715,30.0,4348
2500,21_3,dataset\raw\Videos_MERL_Shopping_Dataset\21_3_crop.mp4,train,4,Inspect Shelf,1716,1805,30.0,4348
2501,21_3,dataset\raw\Videos_MERL_Shopping_Dataset\21_3_crop.mp4,train,4,Inspect Shelf,1806,1859,30.0,4348
2502,21_3,dataset\raw\Videos_MERL_Shopping_Dataset\21_3_crop.mp4,train,4,Inspect Shelf,2470,2548,30.0,4348
2503,21_3,dataset\raw\Videos_MERL_Shopping_Dataset\21_3_crop.mp4,train,4,Inspect Shelf,2784,2873,30.0,4348
2504,21_3,dataset\raw\Videos_MERL_Shopping_Dataset\21_3_crop.mp4,train,4,Inspect Shelf,2874,2955,30.0,4348
2505,21_3,dataset\raw\Videos_MERL_Shopping_Dataset\21_3_crop.mp4,train,4,Inspect Shelf,3548,3610,30.0,4348
2506,21_3,dataset\raw\Videos_MERL_Shopping_Dataset\21_3_crop.mp4,train,4,Inspect Shelf,4127,4208,30.0,4348
2507,22_1,dataset\raw\Videos_MERL_Shopping_Dataset\22_1_crop.mp4,train,0,Reach to Shelf,278,307,30.0,4395
2508,22_1,dataset\raw\Videos_MERL_Shopping_Dataset\22_1_crop.mp4,train,0,Reach to Shelf,554,581,30.0,4395
2509,22_1,dataset\raw\Videos_MERL_Shopping_Dataset\22_1_crop.mp4,train,0,Reach to Shelf,1021,1069,30.0,4395
2510,22_1,dataset\raw\Videos_MERL_Shopping_Dataset\22_1_crop.mp4,train,0,Reach to Shelf,1819,1871,30.0,4395
2511,22_1,dataset\raw\Videos_MERL_Shopping_Dataset\22_1_crop.mp4,train,0,Reach to Shelf,2513,2549,30.0,4395
2512,22_1,dataset\raw\Videos_MERL_Shopping_Dataset\22_1_crop.mp4,train,0,Reach to Shelf,2692,2723,30.0,4395
2513,22_1,dataset\raw\Videos_MERL_Shopping_Dataset\22_1_crop.mp4,train,0,Reach to Shelf,3147,3192,30.0,4395
2514,22_1,dataset\raw\Videos_MERL_Shopping_Dataset\22_1_crop.mp4,train,0,Reach to Shelf,3828,3857,30.0,4395
2515,22_1,dataset\raw\Videos_MERL_Shopping_Dataset\22_1_crop.mp4,train,0,Reach to Shelf,2828,2865,30.0,4395
2516,22_1,dataset\raw\Videos_MERL_Shopping_Dataset\22_1_crop.mp4,train,1,Retract from Shelf,2867,2901,30.0,4395
2517,22_1,dataset\raw\Videos_MERL_Shopping_Dataset\22_1_crop.mp4,train,1,Retract from Shelf,311,362,30.0,4395
2518,22_1,dataset\raw\Videos_MERL_Shopping_Dataset\22_1_crop.mp4,train,1,Retract from Shelf,616,657,30.0,4395
2519,22_1,dataset\raw\Videos_MERL_Shopping_Dataset\22_1_crop.mp4,train,1,Retract from Shelf,1071,1109,30.0,4395
2520,22_1,dataset\raw\Videos_MERL_Shopping_Dataset\22_1_crop.mp4,train,1,Retract from Shelf,1878,1932,30.0,4395
2521,22_1,dataset\raw\Videos_MERL_Shopping_Dataset\22_1_crop.mp4,train,1,Retract from Shelf,2554,2599,30.0,4395
2522,22_1,dataset\raw\Videos_MERL_Shopping_Dataset\22_1_crop.mp4,train,1,Retract from Shelf,2726,2762,30.0,4395
2523,22_1,dataset\raw\Videos_MERL_Shopping_Dataset\22_1_crop.mp4,train,1,Retract from Shelf,3292,3346,30.0,4395
2524,22_1,dataset\raw\Videos_MERL_Shopping_Dataset\22_1_crop.mp4,train,1,Retract from Shelf,3885,3937,30.0,4395
2525,22_1,dataset\raw\Videos_MERL_Shopping_Dataset\22_1_crop.mp4,train,2,Hand in Shelf,585,612,30.0,4395
2526,22_1,dataset\raw\Videos_MERL_Shopping_Dataset\22_1_crop.mp4,train,2,Hand in Shelf,3197,3286,30.0,4395
2527,22_1,dataset\raw\Videos_MERL_Shopping_Dataset\22_1_crop.mp4,train,2,Hand in Shelf,3858,3884,30.0,4395
2528,22_1,dataset\raw\Videos_MERL_Shopping_Dataset\22_1_crop.mp4,train,3,Inspect Product,671,760,30.0,4395
2529,22_1,dataset\raw\Videos_MERL_Shopping_Dataset\22_1_crop.mp4,train,3,Inspect Product,761,850,30.0,4395
2530,22_1,dataset\raw\Videos_MERL_Shopping_Dataset\22_1_crop.mp4,train,3,Inspect Product,851,869,30.0,4395
2531,22_1,dataset\raw\Videos_MERL_Shopping_Dataset\22_1_crop.mp4,train,3,Inspect Product,1123,1212,30.0,4395
2532,22_1,dataset\raw\Videos_MERL_Shopping_Dataset\22_1_crop.mp4,train,3,Inspect Product,1213,1302,30.0,4395
2533,22_1,dataset\raw\Videos_MERL_Shopping_Dataset\22_1_crop.mp4,train,3,Inspect Product,1303,1392,30.0,4395
2534,22_1,dataset\raw\Videos_MERL_Shopping_Dataset\22_1_crop.mp4,train,3,Inspect Product,1393,1443,30.0,4395
2535,22_1,dataset\raw\Videos_MERL_Shopping_Dataset\22_1_crop.mp4,train,3,Inspect Product,1939,2010,30.0,4395
2536,22_1,dataset\raw\Videos_MERL_Shopping_Dataset\22_1_crop.mp4,train,3,Inspect Product,2606,2683,30.0,4395
2537,22_1,dataset\raw\Videos_MERL_Shopping_Dataset\22_1_crop.mp4,train,3,Inspect Product,2764,2828,30.0,4395
2538,22_1,dataset\raw\Videos_MERL_Shopping_Dataset\22_1_crop.mp4,train,3,Inspect Product,3350,3439,30.0,4395
2539,22_1,dataset\raw\Videos_MERL_Shopping_Dataset\22_1_crop.mp4,train,3,Inspect Product,3440,3529,30.0,4395
2540,22_1,dataset\raw\Videos_MERL_Shopping_Dataset\22_1_crop.mp4,train,3,Inspect Product,3530,3619,30.0,4395
2541,22_1,dataset\raw\Videos_MERL_Shopping_Dataset\22_1_crop.mp4,train,3,Inspect Product,3620,3687,30.0,4395
2542,22_1,dataset\raw\Videos_MERL_Shopping_Dataset\22_1_crop.mp4,train,3,Inspect Product,3939,4028,30.0,4395
2543,22_1,dataset\raw\Videos_MERL_Shopping_Dataset\22_1_crop.mp4,train,3,Inspect Product,4029,4118,30.0,4395
2544,22_1,dataset\raw\Videos_MERL_Shopping_Dataset\22_1_crop.mp4,train,3,Inspect Product,4119,4146,30.0,4395
2545,22_1,dataset\raw\Videos_MERL_Shopping_Dataset\22_1_crop.mp4,train,4,Inspect Shelf,373,462,30.0,4395
2546,22_1,dataset\raw\Videos_MERL_Shopping_Dataset\22_1_crop.mp4,train,4,Inspect Shelf,463,548,30.0,4395
2547,22_1,dataset\raw\Videos_MERL_Shopping_Dataset\22_1_crop.mp4,train,4,Inspect Shelf,878,967,30.0,4395
2548,22_1,dataset\raw\Videos_MERL_Shopping_Dataset\22_1_crop.mp4,train,4,Inspect Shelf,968,1017,30.0,4395
2549,22_1,dataset\raw\Videos_MERL_Shopping_Dataset\22_1_crop.mp4,train,4,Inspect Shelf,1454,1543,30.0,4395
2550,22_1,dataset\raw\Videos_MERL_Shopping_Dataset\22_1_crop.mp4,train,4,Inspect Shelf,1544,1633,30.0,4395
2551,22_1,dataset\raw\Videos_MERL_Shopping_Dataset\22_1_crop.mp4,train,4,Inspect Shelf,1634,1723,30.0,4395
2552,22_1,dataset\raw\Videos_MERL_Shopping_Dataset\22_1_crop.mp4,train,4,Inspect Shelf,1724,1811,30.0,4395
2553,22_1,dataset\raw\Videos_MERL_Shopping_Dataset\22_1_crop.mp4,train,4,Inspect Shelf,2903,2992,30.0,4395
2554,22_1,dataset\raw\Videos_MERL_Shopping_Dataset\22_1_crop.mp4,train,4,Inspect Shelf,2993,3082,30.0,4395
2555,22_1,dataset\raw\Videos_MERL_Shopping_Dataset\22_1_crop.mp4,train,4,Inspect Shelf,3083,3144,30.0,4395
2556,22_1,dataset\raw\Videos_MERL_Shopping_Dataset\22_1_crop.mp4,train,4,Inspect Shelf,3687,3776,30.0,4395
2557,22_1,dataset\raw\Videos_MERL_Shopping_Dataset\22_1_crop.mp4,train,4,Inspect Shelf,3777,3826,30.0,4395
2558,22_2,dataset\raw\Videos_MERL_Shopping_Dataset\22_2_crop.mp4,train,0,Reach to Shelf,239,264,30.0,4274
2559,22_2,dataset\raw\Videos_MERL_Shopping_Dataset\22_2_crop.mp4,train,0,Reach to Shelf,593,617,30.0,4274
2560,22_2,dataset\raw\Videos_MERL_Shopping_Dataset\22_2_crop.mp4,train,0,Reach to Shelf,1181,1223,30.0,4274
2561,22_2,dataset\raw\Videos_MERL_Shopping_Dataset\22_2_crop.mp4,train,0,Reach to Shelf,1624,1649,30.0,4274
2562,22_2,dataset\raw\Videos_MERL_Shopping_Dataset\22_2_crop.mp4,train,0,Reach to Shelf,2464,2510,30.0,4274
2563,22_2,dataset\raw\Videos_MERL_Shopping_Dataset\22_2_crop.mp4,train,0,Reach to Shelf,2711,2738,30.0,4274
2564,22_2,dataset\raw\Videos_MERL_Shopping_Dataset\22_2_crop.mp4,train,0,Reach to Shelf,3235,3274,30.0,4274
2565,22_2,dataset\raw\Videos_MERL_Shopping_Dataset\22_2_crop.mp4,train,0,Reach to Shelf,3554,3582,30.0,4274
2566,22_2,dataset\raw\Videos_MERL_Shopping_Dataset\22_2_crop.mp4,train,0,Reach to Shelf,3910,3940,30.0,4274
2567,22_2,dataset\raw\Videos_MERL_Shopping_Dataset\22_2_crop.mp4,train,1,Retract from Shelf,265,315,30.0,4274
2568,22_2,dataset\raw\Videos_MERL_Shopping_Dataset\22_2_crop.mp4,train,1,Retract from Shelf,619,666,30.0,4274
2569,22_2,dataset\raw\Videos_MERL_Shopping_Dataset\22_2_crop.mp4,train,1,Retract from Shelf,1225,1271,30.0,4274
2570,22_2,dataset\raw\Videos_MERL_Shopping_Dataset\22_2_crop.mp4,train,1,Retract from Shelf,1652,1741,30.0,4274
2571,22_2,dataset\raw\Videos_MERL_Shopping_Dataset\22_2_crop.mp4,train,1,Retract from Shelf,2513,2560,30.0,4274
2572,22_2,dataset\raw\Videos_MERL_Shopping_Dataset\22_2_crop.mp4,train,1,Retract from Shelf,2744,2806,30.0,4274
2573,22_2,dataset\raw\Videos_MERL_Shopping_Dataset\22_2_crop.mp4,train,1,Retract from Shelf,3273,3320,30.0,4274
2574,22_2,dataset\raw\Videos_MERL_Shopping_Dataset\22_2_crop.mp4,train,1,Retract from Shelf,3592,3667,30.0,4274
2575,22_2,dataset\raw\Videos_MERL_Shopping_Dataset\22_2_crop.mp4,train,1,Retract from Shelf,3987,4043,30.0,4274
2576,22_2,dataset\raw\Videos_MERL_Shopping_Dataset\22_2_crop.mp4,train,2,Hand in Shelf,3948,3986,30.0,4274
2577,22_2,dataset\raw\Videos_MERL_Shopping_Dataset\22_2_crop.mp4,train,3,Inspect Product,322,411,30.0,4274
2578,22_2,dataset\raw\Videos_MERL_Shopping_Dataset\22_2_crop.mp4,train,3,Inspect Product,412,450,30.0,4274
2579,22_2,dataset\raw\Videos_MERL_Shopping_Dataset\22_2_crop.mp4,train,3,Inspect Product,667,756,30.0,4274
2580,22_2,dataset\raw\Videos_MERL_Shopping_Dataset\22_2_crop.mp4,train,3,Inspect Product,757,846,30.0,4274
2581,22_2,dataset\raw\Videos_MERL_Shopping_Dataset\22_2_crop.mp4,train,3,Inspect Product,847,936,30.0,4274
2582,22_2,dataset\raw\Videos_MERL_Shopping_Dataset\22_2_crop.mp4,train,3,Inspect Product,937,1005,30.0,4274
2583,22_2,dataset\raw\Videos_MERL_Shopping_Dataset\22_2_crop.mp4,train,3,Inspect Product,1274,1344,30.0,4274
2584,22_2,dataset\raw\Videos_MERL_Shopping_Dataset\22_2_crop.mp4,train,3,Inspect Product,1747,1836,30.0,4274
2585,22_2,dataset\raw\Videos_MERL_Shopping_Dataset\22_2_crop.mp4,train,3,Inspect Product,1837,1926,30.0,4274
2586,22_2,dataset\raw\Videos_MERL_Shopping_Dataset\22_2_crop.mp4,train,3,Inspect Product,1927,2016,30.0,4274
2587,22_2,dataset\raw\Videos_MERL_Shopping_Dataset\22_2_crop.mp4,train,3,Inspect Product,2017,2105,30.0,4274
2588,22_2,dataset\raw\Videos_MERL_Shopping_Dataset\22_2_crop.mp4,train,3,Inspect Product,2808,2897,30.0,4274
2589,22_2,dataset\raw\Videos_MERL_Shopping_Dataset\22_2_crop.mp4,train,3,Inspect Product,2898,2987,30.0,4274
2590,22_2,dataset\raw\Videos_MERL_Shopping_Dataset\22_2_crop.mp4,train,3,Inspect Product,2988,3050,30.0,4274
2591,22_2,dataset\raw\Videos_MERL_Shopping_Dataset\22_2_crop.mp4,train,3,Inspect Product,3328,3417,30.0,4274
2592,22_2,dataset\raw\Videos_MERL_Shopping_Dataset\22_2_crop.mp4,train,3,Inspect Product,3418,3507,30.0,4274
2593,22_2,dataset\raw\Videos_MERL_Shopping_Dataset\22_2_crop.mp4,train,3,Inspect Product,3672,3761,30.0,4274
2594,22_2,dataset\raw\Videos_MERL_Shopping_Dataset\22_2_crop.mp4,train,3,Inspect Product,4048,4076,30.0,4274
2595,22_2,dataset\raw\Videos_MERL_Shopping_Dataset\22_2_crop.mp4,train,4,Inspect Shelf,178,233,30.0,4274
2596,22_2,dataset\raw\Videos_MERL_Shopping_Dataset\22_2_crop.mp4,train,4,Inspect Shelf,459,548,30.0,4274
2597,22_2,dataset\raw\Videos_MERL_Shopping_Dataset\22_2_crop.mp4,train,4,Inspect Shelf,549,584,30.0,4274
2598,22_2,dataset\raw\Videos_MERL_Shopping_Dataset\22_2_crop.mp4,train,4,Inspect Shelf,1014,1103,30.0,4274
2599,22_2,dataset\raw\Videos_MERL_Shopping_Dataset\22_2_crop.mp4,train,4,Inspect Shelf,1104,1172,30.0,4274
2600,22_2,dataset\raw\Videos_MERL_Shopping_Dataset\22_2_crop.mp4,train,4,Inspect Shelf,1353,1442,30.0,4274
2601,22_2,dataset\raw\Videos_MERL_Shopping_Dataset\22_2_crop.mp4,train,4,Inspect Shelf,1443,1532,30.0,4274
2602,22_2,dataset\raw\Videos_MERL_Shopping_Dataset\22_2_crop.mp4,train,4,Inspect Shelf,1533,1620,30.0,4274
2603,22_2,dataset\raw\Videos_MERL_Shopping_Dataset\22_2_crop.mp4,train,4,Inspect Shelf,2411,2461,30.0,4274
2604,22_2,dataset\raw\Videos_MERL_Shopping_Dataset\22_2_crop.mp4,train,4,Inspect Shelf,2567,2656,30.0,4274
2605,22_2,dataset\raw\Videos_MERL_Shopping_Dataset\22_2_crop.mp4,train,4,Inspect Shelf,2657,2705,30.0,4274
2606,22_2,dataset\raw\Videos_MERL_Shopping_Dataset\22_2_crop.mp4,train,4,Inspect Shelf,3062,3151,30.0,4274
2607,22_2,dataset\raw\Videos_MERL_Shopping_Dataset\22_2_crop.mp4,train,4,Inspect Shelf,3152,3226,30.0,4274
2608,22_2,dataset\raw\Videos_MERL_Shopping_Dataset\22_2_crop.mp4,train,4,Inspect Shelf,3517,3549,30.0,4274
2609,22_2,dataset\raw\Videos_MERL_Shopping_Dataset\22_2_crop.mp4,train,4,Inspect Shelf,3777,3866,30.0,4274
2610,22_2,dataset\raw\Videos_MERL_Shopping_Dataset\22_2_crop.mp4,train,4,Inspect Shelf,3867,3904,30.0,4274
2664,23_1,dataset\raw\Videos_MERL_Shopping_Dataset\23_1_crop.mp4,train,0,Reach to Shelf,374,393,30.0,4186
2665,23_1,dataset\raw\Videos_MERL_Shopping_Dataset\23_1_crop.mp4,train,0,Reach to Shelf,1544,1581,30.0,4186
2666,23_1,dataset\raw\Videos_MERL_Shopping_Dataset\23_1_crop.mp4,train,0,Reach to Shelf,2163,2178,30.0,4186
2667,23_1,dataset\raw\Videos_MERL_Shopping_Dataset\23_1_crop.mp4,train,0,Reach to Shelf,2404,2433,30.0,4186
2668,23_1,dataset\raw\Videos_MERL_Shopping_Dataset\23_1_crop.mp4,train,0,Reach to Shelf,2690,2715,30.0,4186
2669,23_1,dataset\raw\Videos_MERL_Shopping_Dataset\23_1_crop.mp4,train,0,Reach to Shelf,3049,3077,30.0,4186
2670,23_1,dataset\raw\Videos_MERL_Shopping_Dataset\23_1_crop.mp4,train,0,Reach to Shelf,3506,3528,30.0,4186
2671,23_1,dataset\raw\Videos_MERL_Shopping_Dataset\23_1_crop.mp4,train,0,Reach to Shelf,3777,3797,30.0,4186
2672,23_1,dataset\raw\Videos_MERL_Shopping_Dataset\23_1_crop.mp4,train,0,Reach to Shelf,745,780,30.0,4186
2673,23_1,dataset\raw\Videos_MERL_Shopping_Dataset\23_1_crop.mp4,train,0,Reach to Shelf,1068,1122,30.0,4186
2674,23_1,dataset\raw\Videos_MERL_Shopping_Dataset\23_1_crop.mp4,train,0,Reach to Shelf,1296,1343,30.0,4186
2675,23_1,dataset\raw\Videos_MERL_Shopping_Dataset\23_1_crop.mp4,train,0,Reach to Shelf,2203,2229,30.0,4186
2676,23_1,dataset\raw\Videos_MERL_Shopping_Dataset\23_1_crop.mp4,train,0,Reach to Shelf,2309,2354,30.0,4186
2677,23_1,dataset\raw\Videos_MERL_Shopping_Dataset\23_1_crop.mp4,train,0,Reach to Shelf,2623,2651,30.0,4186
2678,23_1,dataset\raw\Videos_MERL_Shopping_Dataset\23_1_crop.mp4,train,0,Reach to Shelf,3277,3332,30.0,4186
2679,23_1,dataset\raw\Videos_MERL_Shopping_Dataset\23_1_crop.mp4,train,1,Retract from Shelf,1344,1367,30.0,4186
2680,23_1,dataset\raw\Videos_MERL_Shopping_Dataset\23_1_crop.mp4,train,1,Retract from Shelf,1738,1797,30.0,4186
2681,23_1,dataset\raw\Videos_MERL_Shopping_Dataset\23_1_crop.mp4,train,1,Retract from Shelf,2355,2381,30.0,4186
2682,23_1,dataset\raw\Videos_MERL_Shopping_Dataset\23_1_crop.mp4,train,1,Retract from Shelf,2653,2687,30.0,4186
2683,23_1,dataset\raw\Videos_MERL_Shopping_Dataset\23_1_crop.mp4,train,1,Retract from Shelf,2955,2970,30.0,4186
2684,23_1,dataset\raw\Videos_MERL_Shopping_Dataset\23_1_crop.mp4,train,1,Retract from Shelf,3334,3350,30.0,4186
2685,23_1,dataset\raw\Videos_MERL_Shopping_Dataset\23_1_crop.mp4,train,1,Retract from Shelf,394,431,30.0,4186
2686,23_1,dataset\raw\Videos_MERL_Shopping_Dataset\23_1_crop.mp4,train,1,Retract from Shelf,812,880,30.0,4186
2687,23_1,dataset\raw\Videos_MERL_Shopping_Dataset\23_1_crop.mp4,train,1,Retract from Shelf,1143,1189,30.0,4186
2688,23_1,dataset\raw\Videos_MERL_Shopping_Dataset\23_1_crop.mp4,train,1,Retract from Shelf,2179,2201,30.0,4186
2689,23_1,dataset\raw\Videos_MERL_Shopping_Dataset\23_1_crop.mp4,train,1,Retract from Shelf,2253,2277,30.0,4186
2690,23_1,dataset\raw\Videos_MERL_Shopping_Dataset\23_1_crop.mp4,train,1,Retract from Shelf,2454,2476,30.0,4186
2691,23_1,dataset\raw\Videos_MERL_Shopping_Dataset\23_1_crop.mp4,train,1,Retract from Shelf,3079,3125,30.0,4186
2692,23_1,dataset\raw\Videos_MERL_Shopping_Dataset\23_1_crop.mp4,train,1,Retract from Shelf,3551,3595,30.0,4186
2693,23_1,dataset\raw\Videos_MERL_Shopping_Dataset\23_1_crop.mp4,train,1,Retract from Shelf,3800,3845,30.0,4186
2694,23_1,dataset\raw\Videos_MERL_Shopping_Dataset\23_1_crop.mp4,train,2,Hand in Shelf,783,810,30.0,4186
2695,23_1,dataset\raw\Videos_MERL_Shopping_Dataset\23_1_crop.mp4,train,2,Hand in Shelf,1124,1142,30.0,4186
2696,23_1,dataset\raw\Videos_MERL_Shopping_Dataset\23_1_crop.mp4,train,2,Hand in Shelf,1581,1670,30.0,4186
2697,23_1,dataset\raw\Videos_MERL_Shopping_Dataset\23_1_crop.mp4,train,2,Hand in Shelf,1671,1737,30.0,4186
2698,23_1,dataset\raw\Videos_MERL_Shopping_Dataset\23_1_crop.mp4,train,2,Hand in Shelf,2433,2453,30.0,4186
2699,23_1,dataset\raw\Videos_MERL_Shopping_Dataset\23_1_crop.mp4,train,2,Hand in Shelf,2715,2804,30.0,4186
2700,23_1,dataset\raw\Videos_MERL_Shopping_Dataset\23_1_crop.mp4,train,2,Hand in Shelf,2805,2894,30.0,4186
2701,23_1,dataset\raw\Videos_MERL_Shopping_Dataset\23_1_crop.mp4,train,2,Hand in Shelf,2895,2954,30.0,4186
2702,23_1,dataset\raw\Videos_MERL_Shopping_Dataset\23_1_crop.mp4,train,3,Inspect Product,439,528,30.0,4186
2703,23_1,dataset\raw\Videos_MERL_Shopping_Dataset\23_1_crop.mp4,train,3,Inspect Product,529,618,30.0,4186
2704,23_1,dataset\raw\Videos_MERL_Shopping_Dataset\23_1_crop.mp4,train,3,Inspect Product,619,708,30.0,4186
2705,23_1,dataset\raw\Videos_MERL_Shopping_Dataset\23_1_crop.mp4,train,3,Inspect Product,709,737,30.0,4186
2706,23_1,dataset\raw\Videos_MERL_Shopping_Dataset\23_1_crop.mp4,train,3,Inspect Product,891,980,30.0,4186
2707,23_1,dataset\raw\Videos_MERL_Shopping_Dataset\23_1_crop.mp4,train,3,Inspect Product,981,1063,30.0,4186
2708,23_1,dataset\raw\Videos_MERL_Shopping_Dataset\23_1_crop.mp4,train,3,Inspect Product,1194,1283,30.0,4186
2709,23_1,dataset\raw\Videos_MERL_Shopping_Dataset\23_1_crop.mp4,train,3,Inspect Product,2280,2306,30.0,4186
2710,23_1,dataset\raw\Videos_MERL_Shopping_Dataset\23_1_crop.mp4,train,3,Inspect Product,2477,2566,30.0,4186
2711,23_1,dataset\raw\Videos_MERL_Shopping_Dataset\23_1_crop.mp4,train,3,Inspect Product,2567,2620,30.0,4186
2712,23_1,dataset\raw\Videos_MERL_Shopping_Dataset\23_1_crop.mp4,train,3,Inspect Product,3129,3218,30.0,4186
2713,23_1,dataset\raw\Videos_MERL_Shopping_Dataset\23_1_crop.mp4,train,3,Inspect Product,3219,3271,30.0,4186
2714,23_1,dataset\raw\Videos_MERL_Shopping_Dataset\23_1_crop.mp4,train,3,Inspect Product,3849,3931,30.0,4186
2715,23_1,dataset\raw\Videos_MERL_Shopping_Dataset\23_1_crop.mp4,train,4,Inspect Shelf,242,331,30.0,4186
2716,23_1,dataset\raw\Videos_MERL_Shopping_Dataset\23_1_crop.mp4,train,4,Inspect Shelf,332,367,30.0,4186
2717,23_1,dataset\raw\Videos_MERL_Shopping_Dataset\23_1_crop.mp4,train,4,Inspect Shelf,1377,1466,30.0,4186
2718,23_1,dataset\raw\Videos_MERL_Shopping_Dataset\23_1_crop.mp4,train,4,Inspect Shelf,1467,1537,30.0,4186
2719,23_1,dataset\raw\Videos_MERL_Shopping_Dataset\23_1_crop.mp4,train,4,Inspect Shelf,2818,2907,30.0,4186
2720,23_1,dataset\raw\Videos_MERL_Shopping_Dataset\23_1_crop.mp4,train,4,Inspect Shelf,2908,2954,30.0,4186
2721,23_1,dataset\raw\Videos_MERL_Shopping_Dataset\23_1_crop.mp4,train,4,Inspect Shelf,2972,3053,30.0,4186
2722,23_1,dataset\raw\Videos_MERL_Shopping_Dataset\23_1_crop.mp4,train,4,Inspect Shelf,3352,3441,30.0,4186
2723,23_1,dataset\raw\Videos_MERL_Shopping_Dataset\23_1_crop.mp4,train,4,Inspect Shelf,3442,3504,30.0,4186
2724,23_1,dataset\raw\Videos_MERL_Shopping_Dataset\23_1_crop.mp4,train,4,Inspect Shelf,3598,3687,30.0,4186
2725,23_1,dataset\raw\Videos_MERL_Shopping_Dataset\23_1_crop.mp4,train,4,Inspect Shelf,3688,3776,30.0,4186
2726,23_2,dataset\raw\Videos_MERL_Shopping_Dataset\23_2_crop.mp4,train,0,Reach to Shelf,762,779,30.0,5283
2727,23_2,dataset\raw\Videos_MERL_Shopping_Dataset\23_2_crop.mp4,train,0,Reach to Shelf,1160,1195,30.0,5283
2728,23_2,dataset\raw\Videos_MERL_Shopping_Dataset\23_2_crop.mp4,train,0,Reach to Shelf,2582,2609,30.0,5283
2729,23_2,dataset\raw\Videos_MERL_Shopping_Dataset\23_2_crop.mp4,train,0,Reach to Shelf,2906,2940,30.0,5283
2730,23_2,dataset\raw\Videos_MERL_Shopping_Dataset\23_2_crop.mp4,train,0,Reach to Shelf,3318,3362,30.0,5283
2731,23_2,dataset\raw\Videos_MERL_Shopping_Dataset\23_2_crop.mp4,train,0,Reach to Shelf,4339,4389,30.0,5283
2732,23_2,dataset\raw\Videos_MERL_Shopping_Dataset\23_2_crop.mp4,train,0,Reach to Shelf,4629,4665,30.0,5283
2733,23_2,dataset\raw\Videos_MERL_Shopping_Dataset\23_2_crop.mp4,train,0,Reach to Shelf,4668,4693,30.0,5283
2734,23_2,dataset\raw\Videos_MERL_Shopping_Dataset\23_2_crop.mp4,train,0,Reach to Shelf,4763,4791,30.0,5283
2735,23_2,dataset\raw\Videos_MERL_Shopping_Dataset\23_2_crop.mp4,train,0,Reach to Shelf,888,931,30.0,5283
2736,23_2,dataset\raw\Videos_MERL_Shopping_Dataset\23_2_crop.mp4,train,0,Reach to Shelf,1634,1687,30.0,5283
2737,23_2,dataset\raw\Videos_MERL_Shopping_Dataset\23_2_crop.mp4,train,0,Reach to Shelf,2079,2123,30.0,5283
2738,23_2,dataset\raw\Videos_MERL_Shopping_Dataset\23_2_crop.mp4,train,0,Reach to Shelf,2228,2287,30.0,5283
2739,23_2,dataset\raw\Videos_MERL_Shopping_Dataset\23_2_crop.mp4,train,0,Reach to Shelf,2667,2710,30.0,5283
2740,23_2,dataset\raw\Videos_MERL_Shopping_Dataset\23_2_crop.mp4,train,0,Reach to Shelf,3032,3063,30.0,5283
2741,23_2,dataset\raw\Videos_MERL_Shopping_Dataset\23_2_crop.mp4,train,0,Reach to Shelf,3640,3686,30.0,5283
2742,23_2,dataset\raw\Videos_MERL_Shopping_Dataset\23_2_crop.mp4,train,0,Reach to Shelf,4112,4158,30.0,5283
2743,23_2,dataset\raw\Videos_MERL_Shopping_Dataset\23_2_crop.mp4,train,0,Reach to Shelf,4535,4571,30.0,5283
2744,23_2,dataset\raw\Videos_MERL_Shopping_Dataset\23_2_crop.mp4,train,0,Reach to Shelf,5091,5118,30.0,5283
2745,23_2,dataset\raw\Videos_MERL_Shopping_Dataset\23_2_crop.mp4,train,1,Retract from Shelf,939,982,30.0,5283
2746,23_2,dataset\raw\Videos_MERL_Shopping_Dataset\23_2_crop.mp4,train,1,Retract from Shelf,2291,2310,30.0,5283
2747,23_2,dataset\raw\Videos_MERL_Shopping_Dataset\23_2_crop.mp4,train,1,Retract from Shelf,2731,2757,30.0,5283
2748,23_2,dataset\raw\Videos_MERL_Shopping_Dataset\23_2_crop.mp4,train,1,Retract from Shelf,3065,3082,30.0,5283
2749,23_2,dataset\raw\Videos_MERL_Shopping_Dataset\23_2_crop.mp4,train,1,Retract from Shelf,4158,4191,30.0,5283
2750,23_2,dataset\raw\Videos_MERL_Shopping_Dataset\23_2_crop.mp4,train,1,Retract from Shelf,4573,4607,30.0,5283
2751,23_2,dataset\raw\Videos_MERL_Shopping_Dataset\23_2_crop.mp4,train,1,Retract from Shelf,5119,5139,30.0,5283
2752,23_2,dataset\raw\Videos_MERL_Shopping_Dataset\23_2_crop.mp4,train,1,Retract from Shelf,783,815,30.0,5283
2753,23_2,dataset\raw\Videos_MERL_Shopping_Dataset\23_2_crop.mp4,train,1,Retract from Shelf,1220,1261,30.0,5283
2754,23_2,dataset\raw\Videos_MERL_Shopping_Dataset\23_2_crop.mp4,train,1,Retract from Shelf,1712,1751,30.0,5283
2755,23_2,dataset\raw\Videos_MERL_Shopping_Dataset\23_2_crop.mp4,train,1,Retract from Shelf,2128,2217,30.0,5283
2756,23_2,dataset\raw\Videos_MERL_Shopping_Dataset\23_2_crop.mp4,train,1,Retract from Shelf,2614,2663,30.0,5283
2757,23_2,dataset\raw\Videos_MERL_Shopping_Dataset\23_2_crop.mp4,train,1,Retract from Shelf,2945,2983,30.0,5283
2758,23_2,dataset\raw\Videos_MERL_Shopping_Dataset\23_2_crop.mp4,train,1,Retract from Shelf,3390,3436,30.0,5283
2759,23_2,dataset\raw\Videos_MERL_Shopping_Dataset\23_2_crop.mp4,train,1,Retract from Shelf,3757,3800,30.0,5283
2760,23_2,dataset\raw\Videos_MERL_Shopping_Dataset\23_2_crop.mp4,train,1,Retract from Shelf,4392,4441,30.0,5283
2761,23_2,dataset\raw\Videos_MERL_Shopping_Dataset\23_2_crop.mp4,train,1,Retract from Shelf,4794,4866,30.0,5283
2762,23_2,dataset\raw\Videos_MERL_Shopping_Dataset\23_2_crop.mp4,train,2,Hand in Shelf,1200,1219,30.0,5283
2763,23_2,dataset\raw\Videos_MERL_Shopping_Dataset\23_2_crop.mp4,train,2,Hand in Shelf,1689,1711,30.0,5283
2764,23_2,dataset\raw\Videos_MERL_Shopping_Dataset\23_2_crop.mp4,train,2,Hand in Shelf,2711,2731,30.0,5283
2765,23_2,dataset\raw\Videos_MERL_Shopping_Dataset\23_2_crop.mp4,train,2,Hand in Shelf,3363,3390,30.0,5283
2766,23_2,dataset\raw\Videos_MERL_Shopping_Dataset\23_2_crop.mp4,train,2,Hand in Shelf,3688,3757,30.0,5283
2767,23_2,dataset\raw\Videos_MERL_Shopping_Dataset\23_2_crop.mp4,train,2,Hand in Shelf,4693,4782,30.0,5283
2768,23_2,dataset\raw\Videos_MERL_Shopping_Dataset\23_2_crop.mp4,train,2,Hand in Shelf,4783,4866,30.0,5283
2769,23_2,dataset\raw\Videos_MERL_Shopping_Dataset\23_2_crop.mp4,train,3,Inspect Product,815,887,30.0,5283
2770,23_2,dataset\raw\Videos_MERL_Shopping_Dataset\23_2_crop.mp4,train,3,Inspect Product,1263,1352,30.0,5283
2771,23_2,dataset\raw\Videos_MERL_Shopping_Dataset\23_2_crop.mp4,train,3,Inspect Product,1353,1442,30.0,5283
2772,23_2,dataset\raw\Videos_MERL_Shopping_Dataset\23_2_crop.mp4,train,3,Inspect Product,1443,1532,30.0,5283
2773,23_2,dataset\raw\Videos_MERL_Shopping_Dataset\23_2_crop.mp4,train,3,Inspect Product,1533,1622,30.0,5283
2774,23_2,dataset\raw\Videos_MERL_Shopping_Dataset\23_2_crop.mp4,train,3,Inspect Product,1754,1843,30.0,5283
2775,23_2,dataset\raw\Videos_MERL_Shopping_Dataset\23_2_crop.mp4,train,3,Inspect Product,1844,1933,30.0,5283
2776,23_2,dataset\raw\Videos_MERL_Shopping_Dataset\23_2_crop.mp4,train,3,Inspect Product,1934,2023,30.0,5283
2777,23_2,dataset\raw\Videos_MERL_Shopping_Dataset\23_2_crop.mp4,train,3,Inspect Product,2024,2077,30.0,5283
2778,23_2,dataset\raw\Videos_MERL_Shopping_Dataset\23_2_crop.mp4,train,3,Inspect Product,2983,3031,30.0,5283
2779,23_2,dataset\raw\Videos_MERL_Shopping_Dataset\23_2_crop.mp4,train,3,Inspect Product,3437,3526,30.0,5283
2780,23_2,dataset\raw\Videos_MERL_Shopping_Dataset\23_2_crop.mp4,train,3,Inspect Product,3527,3616,30.0,5283
2781,23_2,dataset\raw\Videos_MERL_Shopping_Dataset\23_2_crop.mp4,train,3,Inspect Product,3617,3638,30.0,5283
2782,23_2,dataset\raw\Videos_MERL_Shopping_Dataset\23_2_crop.mp4,train,3,Inspect Product,3803,3892,30.0,5283
2783,23_2,dataset\raw\Videos_MERL_Shopping_Dataset\23_2_crop.mp4,train,3,Inspect Product,3893,3982,30.0,5283
2784,23_2,dataset\raw\Videos_MERL_Shopping_Dataset\23_2_crop.mp4,train,3,Inspect Product,3983,4072,30.0,5283
2785,23_2,dataset\raw\Videos_MERL_Shopping_Dataset\23_2_crop.mp4,train,3,Inspect Product,4073,4110,30.0,5283
2786,23_2,dataset\raw\Videos_MERL_Shopping_Dataset\23_2_crop.mp4,train,3,Inspect Product,4444,4533,30.0,5283
2787,23_2,dataset\raw\Videos_MERL_Shopping_Dataset\23_2_crop.mp4,train,3,Inspect Product,4881,4970,30.0,5283
2788,23_2,dataset\raw\Videos_MERL_Shopping_Dataset\23_2_crop.mp4,train,3,Inspect Product,4971,5060,30.0,5283
2789,23_2,dataset\raw\Videos_MERL_Shopping_Dataset\23_2_crop.mp4,train,3,Inspect Product,5061,5088,30.0,5283
2790,23_2,dataset\raw\Videos_MERL_Shopping_Dataset\23_2_crop.mp4,train,4,Inspect Shelf,987,1076,30.0,5283
2791,23_2,dataset\raw\Videos_MERL_Shopping_Dataset\23_2_crop.mp4,train,4,Inspect Shelf,1077,1158,30.0,5283
2792,23_2,dataset\raw\Videos_MERL_Shopping_Dataset\23_2_crop.mp4,train,4,Inspect Shelf,2320,2409,30.0,5283
2793,23_2,dataset\raw\Videos_MERL_Shopping_Dataset\23_2_crop.mp4,train,4,Inspect Shelf,2410,2499,30.0,5283
2794,23_2,dataset\raw\Videos_MERL_Shopping_Dataset\23_2_crop.mp4,train,4,Inspect Shelf,2500,2582,30.0,5283
2795,23_2,dataset\raw\Videos_MERL_Shopping_Dataset\23_2_crop.mp4,train,4,Inspect Shelf,2764,2853,30.0,5283
2796,23_2,dataset\raw\Videos_MERL_Shopping_Dataset\23_2_crop.mp4,train,4,Inspect Shelf,2854,2904,30.0,5283
2797,23_2,dataset\raw\Videos_MERL_Shopping_Dataset\23_2_crop.mp4,train,4,Inspect Shelf,4194,4283,30.0,5283
2798,23_2,dataset\raw\Videos_MERL_Shopping_Dataset\23_2_crop.mp4,train,4,Inspect Shelf,4284,4334,30.0,5283
2799,23_2,dataset\raw\Videos_MERL_Shopping_Dataset\23_2_crop.mp4,train,4,Inspect Shelf,4608,4627,30.0,5283
2800,23_3,dataset\raw\Videos_MERL_Shopping_Dataset\23_3_crop.mp4,train,0,Reach to Shelf,365,401,30.0,6163
2801,23_3,dataset\raw\Videos_MERL_Shopping_Dataset\23_3_crop.mp4,train,0,Reach to Shelf,1709,1745,30.0,6163
2802,23_3,dataset\raw\Videos_MERL_Shopping_Dataset\23_3_crop.mp4,train,0,Reach to Shelf,2887,2926,30.0,6163
2803,23_3,dataset\raw\Videos_MERL_Shopping_Dataset\23_3_crop.mp4,train,0,Reach to Shelf,4164,4203,30.0,6163
2804,23_3,dataset\raw\Videos_MERL_Shopping_Dataset\23_3_crop.mp4,train,0,Reach to Shelf,4476,4513,30.0,6163
2805,23_3,dataset\raw\Videos_MERL_Shopping_Dataset\23_3_crop.mp4,train,0,Reach to Shelf,5103,5155,30.0,6163
2806,23_3,dataset\raw\Videos_MERL_Shopping_Dataset\23_3_crop.mp4,train,0,Reach to Shelf,5628,5678,30.0,6163
2807,23_3,dataset\raw\Videos_MERL_Shopping_Dataset\23_3_crop.mp4,train,0,Reach to Shelf,562,610,30.0,6163
2808,23_3,dataset\raw\Videos_MERL_Shopping_Dataset\23_3_crop.mp4,train,0,Reach to Shelf,799,852,30.0,6163
2809,23_3,dataset\raw\Videos_MERL_Shopping_Dataset\23_3_crop.mp4,train,0,Reach to Shelf,978,1033,30.0,6163
2810,23_3,dataset\raw\Videos_MERL_Shopping_Dataset\23_3_crop.mp4,train,0,Reach to Shelf,1845,1913,30.0,6163
2811,23_3,dataset\raw\Videos_MERL_Shopping_Dataset\23_3_crop.mp4,train,0,Reach to Shelf,3055,3098,30.0,6163
2812,23_3,dataset\raw\Videos_MERL_Shopping_Dataset\23_3_crop.mp4,train,0,Reach to Shelf,4347,4398,30.0,6163
2813,23_3,dataset\raw\Videos_MERL_Shopping_Dataset\23_3_crop.mp4,train,0,Reach to Shelf,4708,4751,30.0,6163
2814,23_3,dataset\raw\Videos_MERL_Shopping_Dataset\23_3_crop.mp4,train,0,Reach to Shelf,5010,5062,30.0,6163
2815,23_3,dataset\raw\Videos_MERL_Shopping_Dataset\23_3_crop.mp4,train,1,Retract from Shelf,1032,1059,30.0,6163
2816,23_3,dataset\raw\Videos_MERL_Shopping_Dataset\23_3_crop.mp4,train,1,Retract from Shelf,2026,2060,30.0,6163
2817,23_3,dataset\raw\Videos_MERL_Shopping_Dataset\23_3_crop.mp4,train,1,Retract from Shelf,3105,3154,30.0,6163
2818,23_3,dataset\raw\Videos_MERL_Shopping_Dataset\23_3_crop.mp4,train,1,Retract from Shelf,4400,4437,30.0,6163
2819,23_3,dataset\raw\Videos_MERL_Shopping_Dataset\23_3_crop.mp4,train,1,Retract from Shelf,5066,5102,30.0,6163
2820,23_3,dataset\raw\Videos_MERL_Shopping_Dataset\23_3_crop.mp4,train,1,Retract from Shelf,407,473,30.0,6163
2821,23_3,dataset\raw\Videos_MERL_Shopping_Dataset\23_3_crop.mp4,train,1,Retract from Shelf,731,794,30.0,6163
2822,23_3,dataset\raw\Videos_MERL_Shopping_Dataset\23_3_crop.mp4,train,1,Retract from Shelf,917,975,30.0,6163
2823,23_3,dataset\raw\Videos_MERL_Shopping_Dataset\23_3_crop.mp4,train,1,Retract from Shelf,1749,1774,30.0,6163
2824,23_3,dataset\raw\Videos_MERL_Shopping_Dataset\23_3_crop.mp4,train,1,Retract from Shelf,2929,3009,30.0,6163
2825,23_3,dataset\raw\Videos_MERL_Shopping_Dataset\23_3_crop.mp4,train,1,Retract from Shelf,4209,4272,30.0,6163
2826,23_3,dataset\raw\Videos_MERL_Shopping_Dataset\23_3_crop.mp4,train,1,Retract from Shelf,4514,4549,30.0,6163
2827,23_3,dataset\raw\Videos_MERL_Shopping_Dataset\23_3_crop.mp4,train,1,Retract from Shelf,4826,4868,30.0,6163
2828,23_3,dataset\raw\Videos_MERL_Shopping_Dataset\23_3_crop.mp4,train,1,Retract from Shelf,5161,5221,30.0,6163
2829,23_3,dataset\raw\Videos_MERL_Shopping_Dataset\23_3_crop.mp4,train,1,Retract from Shelf,5678,5733,30.0,6163
2830,23_3,dataset\raw\Videos_MERL_Shopping_Dataset\23_3_crop.mp4,train,2,Hand in Shelf,614,703,30.0,6163
2831,23_3,dataset\raw\Videos_MERL_Shopping_Dataset\23_3_crop.mp4,train,2,Hand in Shelf,704,728,30.0,6163
2832,23_3,dataset\raw\Videos_MERL_Shopping_Dataset\23_3_crop.mp4,train,2,Hand in Shelf,853,913,30.0,6163
2833,23_3,dataset\raw\Videos_MERL_Shopping_Dataset\23_3_crop.mp4,train,2,Hand in Shelf,1915,2004,30.0,6163
2834,23_3,dataset\raw\Videos_MERL_Shopping_Dataset\23_3_crop.mp4,train,2,Hand in Shelf,2005,2023,30.0,6163
2835,23_3,dataset\raw\Videos_MERL_Shopping_Dataset\23_3_crop.mp4,train,2,Hand in Shelf,4754,4823,30.0,6163
2836,23_3,dataset\raw\Videos_MERL_Shopping_Dataset\23_3_crop.mp4,train,3,Inspect Product,482,556,30.0,6163
2837,23_3,dataset\raw\Videos_MERL_Shopping_Dataset\23_3_crop.mp4,train,3,Inspect Product,1778,1838,30.0,6163
2838,23_3,dataset\raw\Videos_MERL_Shopping_Dataset\23_3_crop.mp4,train,3,Inspect Product,3013,3054,30.0,6163
2839,23_3,dataset\raw\Videos_MERL_Shopping_Dataset\23_3_crop.mp4,train,3,Inspect Product,4275,4346,30.0,6163
2840,23_3,dataset\raw\Videos_MERL_Shopping_Dataset\23_3_crop.mp4,train,3,Inspect Product,4554,4643,30.0,6163
2841,23_3,dataset\raw\Videos_MERL_Shopping_Dataset\23_3_crop.mp4,train,3,Inspect Product,4644,4707,30.0,6163
2842,23_3,dataset\raw\Videos_MERL_Shopping_Dataset\23_3_crop.mp4,train,3,Inspect Product,4873,4962,30.0,6163
2843,23_3,dataset\raw\Videos_MERL_Shopping_Dataset\23_3_crop.mp4,train,3,Inspect Product,4963,5007,30.0,6163
2844,23_3,dataset\raw\Videos_MERL_Shopping_Dataset\23_3_crop.mp4,train,3,Inspect Product,5224,5313,30.0,6163
2845,23_3,dataset\raw\Videos_MERL_Shopping_Dataset\23_3_crop.mp4,train,3,Inspect Product,5314,5395,30.0,6163
2846,23_3,dataset\raw\Videos_MERL_Shopping_Dataset\23_3_crop.mp4,train,4,Inspect Shelf,1063,1152,30.0,6163
2847,23_3,dataset\raw\Videos_MERL_Shopping_Dataset\23_3_crop.mp4,train,4,Inspect Shelf,1153,1242,30.0,6163
2848,23_3,dataset\raw\Videos_MERL_Shopping_Dataset\23_3_crop.mp4,train,4,Inspect Shelf,1243,1332,30.0,6163
2849,23_3,dataset\raw\Videos_MERL_Shopping_Dataset\23_3_crop.mp4,train,4,Inspect Shelf,1333,1422,30.0,6163
2850,23_3,dataset\raw\Videos_MERL_Shopping_Dataset\23_3_crop.mp4,train,4,Inspect Shelf,1423,1512,30.0,6163
2851,23_3,dataset\raw\Videos_MERL_Shopping_Dataset\23_3_crop.mp4,train,4,Inspect Shelf,1513,1602,30.0,6163
2852,23_3,dataset\raw\Videos_MERL_Shopping_Dataset\23_3_crop.mp4,train,4,Inspect Shelf,1603,1692,30.0,6163
2853,23_3,dataset\raw\Videos_MERL_Shopping_Dataset\23_3_crop.mp4,train,4,Inspect Shelf,2064,2096,30.0,6163
2854,23_3,dataset\raw\Videos_MERL_Shopping_Dataset\23_3_crop.mp4,train,4,Inspect Shelf,2392,2481,30.0,6163
2855,23_3,dataset\raw\Videos_MERL_Shopping_Dataset\23_3_crop.mp4,train,4,Inspect Shelf,2482,2571,30.0,6163
2856,23_3,dataset\raw\Videos_MERL_Shopping_Dataset\23_3_crop.mp4,train,4,Inspect Shelf,2572,2661,30.0,6163
2857,23_3,dataset\raw\Videos_MERL_Shopping_Dataset\23_3_crop.mp4,train,4,Inspect Shelf,2662,2751,30.0,6163
2858,23_3,dataset\raw\Videos_MERL_Shopping_Dataset\23_3_crop.mp4,train,4,Inspect Shelf,2752,2841,30.0,6163
2859,23_3,dataset\raw\Videos_MERL_Shopping_Dataset\23_3_crop.mp4,train,4,Inspect Shelf,2842,2885,30.0,6163
2860,23_3,dataset\raw\Videos_MERL_Shopping_Dataset\23_3_crop.mp4,train,4,Inspect Shelf,3155,3244,30.0,6163
2861,23_3,dataset\raw\Videos_MERL_Shopping_Dataset\23_3_crop.mp4,train,4,Inspect Shelf,3245,3334,30.0,6163
2862,23_3,dataset\raw\Videos_MERL_Shopping_Dataset\23_3_crop.mp4,train,4,Inspect Shelf,3335,3424,30.0,6163
2863,23_3,dataset\raw\Videos_MERL_Shopping_Dataset\23_3_crop.mp4,train,4,Inspect Shelf,3425,3514,30.0,6163
2864,23_3,dataset\raw\Videos_MERL_Shopping_Dataset\23_3_crop.mp4,train,4,Inspect Shelf,3515,3604,30.0,6163
2865,23_3,dataset\raw\Videos_MERL_Shopping_Dataset\23_3_crop.mp4,train,4,Inspect Shelf,3605,3694,30.0,6163
2866,23_3,dataset\raw\Videos_MERL_Shopping_Dataset\23_3_crop.mp4,train,4,Inspect Shelf,3695,3784,30.0,6163
2867,23_3,dataset\raw\Videos_MERL_Shopping_Dataset\23_3_crop.mp4,train,4,Inspect Shelf,3785,3874,30.0,6163
2868,23_3,dataset\raw\Videos_MERL_Shopping_Dataset\23_3_crop.mp4,train,4,Inspect Shelf,3875,3964,30.0,6163
2869,23_3,dataset\raw\Videos_MERL_Shopping_Dataset\23_3_crop.mp4,train,4,Inspect Shelf,3965,4054,30.0,6163
2870,23_3,dataset\raw\Videos_MERL_Shopping_Dataset\23_3_crop.mp4,train,4,Inspect Shelf,4055,4144,30.0,6163
2871,23_3,dataset\raw\Videos_MERL_Shopping_Dataset\23_3_crop.mp4,train,4,Inspect Shelf,4145,4162,30.0,6163
2872,23_3,dataset\raw\Videos_MERL_Shopping_Dataset\23_3_crop.mp4,train,4,Inspect Shelf,4439,4474,30.0,6163
2873,23_3,dataset\raw\Videos_MERL_Shopping_Dataset\23_3_crop.mp4,train,4,Inspect Shelf,5520,5609,30.0,6163
2874,23_3,dataset\raw\Videos_MERL_Shopping_Dataset\23_3_crop.mp4,train,4,Inspect Shelf,5610,5624,30.0,6163
2875,23_3,dataset\raw\Videos_MERL_Shopping_Dataset\23_3_crop.mp4,train,4,Inspect Shelf,5782,5871,30.0,6163
2876,23_3,dataset\raw\Videos_MERL_Shopping_Dataset\23_3_crop.mp4,train,4,Inspect Shelf,5872,5950,30.0,6163
2877,24_1,dataset\raw\Videos_MERL_Shopping_Dataset\24_1_crop.mp4,train,0,Reach to Shelf,613,641,30.0,4228
2878,24_1,dataset\raw\Videos_MERL_Shopping_Dataset\24_1_crop.mp4,train,0,Reach to Shelf,1061,1088,30.0,4228
2879,24_1,dataset\raw\Videos_MERL_Shopping_Dataset\24_1_crop.mp4,train,0,Reach to Shelf,1651,1691,30.0,4228
2880,24_1,dataset\raw\Videos_MERL_Shopping_Dataset\24_1_crop.mp4,train,0,Reach to Shelf,2264,2298,30.0,4228
2881,24_1,dataset\raw\Videos_MERL_Shopping_Dataset\24_1_crop.mp4,train,0,Reach to Shelf,2370,2401,30.0,4228
2882,24_1,dataset\raw\Videos_MERL_Shopping_Dataset\24_1_crop.mp4,train,0,Reach to Shelf,2494,2521,30.0,4228
2883,24_1,dataset\raw\Videos_MERL_Shopping_Dataset\24_1_crop.mp4,train,0,Reach to Shelf,2603,2617,30.0,4228
2884,24_1,dataset\raw\Videos_MERL_Shopping_Dataset\24_1_crop.mp4,train,0,Reach to Shelf,3067,3085,30.0,4228
2885,24_1,dataset\raw\Videos_MERL_Shopping_Dataset\24_1_crop.mp4,train,0,Reach to Shelf,3200,3219,30.0,4228
2886,24_1,dataset\raw\Videos_MERL_Shopping_Dataset\24_1_crop.mp4,train,0,Reach to Shelf,3487,3505,30.0,4228
2887,24_1,dataset\raw\Videos_MERL_Shopping_Dataset\24_1_crop.mp4,train,0,Reach to Shelf,3550,3568,30.0,4228
2888,24_1,dataset\raw\Videos_MERL_Shopping_Dataset\24_1_crop.mp4,train,0,Reach to Shelf,1488,1542,30.0,4228
2889,24_1,dataset\raw\Videos_MERL_Shopping_Dataset\24_1_crop.mp4,train,0,Reach to Shelf,2734,2806,30.0,4228
2890,24_1,dataset\raw\Videos_MERL_Shopping_Dataset\24_1_crop.mp4,train,1,Retract from Shelf,1544,1577,30.0,4228
2891,24_1,dataset\raw\Videos_MERL_Shopping_Dataset\24_1_crop.mp4,train,1,Retract from Shelf,2330,2355,30.0,4228
2892,24_1,dataset\raw\Videos_MERL_Shopping_Dataset\24_1_crop.mp4,train,1,Retract from Shelf,2440,2471,30.0,4228
2893,24_1,dataset\raw\Videos_MERL_Shopping_Dataset\24_1_crop.mp4,train,1,Retract from Shelf,2561,2576,30.0,4228
2894,24_1,dataset\raw\Videos_MERL_Shopping_Dataset\24_1_crop.mp4,train,1,Retract from Shelf,3102,3120,30.0,4228
2895,24_1,dataset\raw\Videos_MERL_Shopping_Dataset\24_1_crop.mp4,train,1,Retract from Shelf,3351,3370,30.0,4228
2896,24_1,dataset\raw\Videos_MERL_Shopping_Dataset\24_1_crop.mp4,train,1,Retract from Shelf,3532,3549,30.0,4228
2897,24_1,dataset\raw\Videos_MERL_Shopping_Dataset\24_1_crop.mp4,train,1,Retract from Shelf,3642,3660,30.0,4228
2898,24_1,dataset\raw\Videos_MERL_Shopping_Dataset\24_1_crop.mp4,train,1,Retract from Shelf,653,672,30.0,4228
2899,24_1,dataset\raw\Videos_MERL_Shopping_Dataset\24_1_crop.mp4,train,1,Retract from Shelf,1095,1150,30.0,4228
2900,24_1,dataset\raw\Videos_MERL_Shopping_Dataset\24_1_crop.mp4,train,1,Retract from Shelf,1817,1841,30.0,4228
2901,24_1,dataset\raw\Videos_MERL_Shopping_Dataset\24_1_crop.mp4,train,1,Retract from Shelf,1874,1909,30.0,4228
2902,24_1,dataset\raw\Videos_MERL_Shopping_Dataset\24_1_crop.mp4,train,1,Retract from Shelf,2627,2663,30.0,4228
2903,24_1,dataset\raw\Videos_MERL_Shopping_Dataset\24_1_crop.mp4,train,1,Retract from Shelf,2826,2858,30.0,4228
2904,24_1,dataset\raw\Videos_MERL_Shopping_Dataset\24_1_crop.mp4,train,2,Hand in Shelf,1698,1787,30.0,4228
2905,24_1,dataset\raw\Videos_MERL_Shopping_Dataset\24_1_crop.mp4,train,2,Hand in Shelf,1788,1817,30.0,4228
2906,24_1,dataset\raw\Videos_MERL_Shopping_Dataset\24_1_crop.mp4,train,2,Hand in Shelf,2300,2327,30.0,4228
2907,24_1,dataset\raw\Videos_MERL_Shopping_Dataset\24_1_crop.mp4,train,2,Hand in Shelf,2403,2438,30.0,4228
2908,24_1,dataset\raw\Videos_MERL_Shopping_Dataset\24_1_crop.mp4,train,2,Hand in Shelf,2523,2559,30.0,4228
2909,24_1,dataset\raw\Videos_MERL_Shopping_Dataset\24_1_crop.mp4,train,2,Hand in Shelf,2806,2826,30.0,4228
2910,24_1,dataset\raw\Videos_MERL_Shopping_Dataset\24_1_crop.mp4,train,2,Hand in Shelf,3086,3101,30.0,4228
2911,24_1,dataset\raw\Videos_MERL_Shopping_Dataset\24_1_crop.mp4,train,2,Hand in Shelf,3221,3310,30.0,4228
2912,24_1,dataset\raw\Videos_MERL_Shopping_Dataset\24_1_crop.mp4,train,2,Hand in Shelf,3311,3349,30.0,4228
2913,24_1,dataset\raw\Videos_MERL_Shopping_Dataset\24_1_crop.mp4,train,2,Hand in Shelf,3507,3529,30.0,4228
2914,24_1,dataset\raw\Videos_MERL_Shopping_Dataset\24_1_crop.mp4,train,2,Hand in Shelf,3570,3640,30.0,4228
2915,24_1,dataset\raw\Videos_MERL_Shopping_Dataset\24_1_crop.mp4,train,3,Inspect Product,683,772,30.0,4228
2916,24_1,dataset\raw\Videos_MERL_Shopping_Dataset\24_1_crop.mp4,train,3,Inspect Product,773,862,30.0,4228
2917,24_1,dataset\raw\Videos_MERL_Shopping_Dataset\24_1_crop.mp4,train,3,Inspect Product,863,884,30.0,4228
2918,24_1,dataset\raw\Videos_MERL_Shopping_Dataset\24_1_crop.mp4,train,3,Inspect Product,1151,1240,30.0,4228
2919,24_1,dataset\raw\Videos_MERL_Shopping_Dataset\24_1_crop.mp4,train,3,Inspect Product,1241,1330,30.0,4228
2920,24_1,dataset\raw\Videos_MERL_Shopping_Dataset\24_1_crop.mp4,train,3,Inspect Product,1331,1420,30.0,4228
2921,24_1,dataset\raw\Videos_MERL_Shopping_Dataset\24_1_crop.mp4,train,3,Inspect Product,1421,1468,30.0,4228
2922,24_1,dataset\raw\Videos_MERL_Shopping_Dataset\24_1_crop.mp4,train,3,Inspect Product,1842,1862,30.0,4228
2923,24_1,dataset\raw\Videos_MERL_Shopping_Dataset\24_1_crop.mp4,train,3,Inspect Product,2666,2731,30.0,4228
2924,24_1,dataset\raw\Videos_MERL_Shopping_Dataset\24_1_crop.mp4,train,3,Inspect Product,2878,2967,30.0,4228
2925,24_1,dataset\raw\Videos_MERL_Shopping_Dataset\24_1_crop.mp4,train,3,Inspect Product,2968,3000,30.0,4228
2926,24_1,dataset\raw\Videos_MERL_Shopping_Dataset\24_1_crop.mp4,train,4,Inspect Shelf,191,280,30.0,4228
2927,24_1,dataset\raw\Videos_MERL_Shopping_Dataset\24_1_crop.mp4,train,4,Inspect Shelf,281,370,30.0,4228
2928,24_1,dataset\raw\Videos_MERL_Shopping_Dataset\24_1_crop.mp4,train,4,Inspect Shelf,371,460,30.0,4228
2929,24_1,dataset\raw\Videos_MERL_Shopping_Dataset\24_1_crop.mp4,train,4,Inspect Shelf,461,550,30.0,4228
2930,24_1,dataset\raw\Videos_MERL_Shopping_Dataset\24_1_crop.mp4,train,4,Inspect Shelf,551,608,30.0,4228
2931,24_1,dataset\raw\Videos_MERL_Shopping_Dataset\24_1_crop.mp4,train,4,Inspect Shelf,889,978,30.0,4228
2932,24_1,dataset\raw\Videos_MERL_Shopping_Dataset\24_1_crop.mp4,train,4,Inspect Shelf,979,1057,30.0,4228
2933,24_1,dataset\raw\Videos_MERL_Shopping_Dataset\24_1_crop.mp4,train,4,Inspect Shelf,1580,1650,30.0,4228
2934,24_1,dataset\raw\Videos_MERL_Shopping_Dataset\24_1_crop.mp4,train,4,Inspect Shelf,2202,2262,30.0,4228
2935,24_1,dataset\raw\Videos_MERL_Shopping_Dataset\24_1_crop.mp4,train,4,Inspect Shelf,2472,2492,30.0,4228
2936,24_1,dataset\raw\Videos_MERL_Shopping_Dataset\24_1_crop.mp4,train,4,Inspect Shelf,2577,2601,30.0,4228
2937,24_1,dataset\raw\Videos_MERL_Shopping_Dataset\24_1_crop.mp4,train,4,Inspect Shelf,2858,2878,30.0,4228
2938,24_1,dataset\raw\Videos_MERL_Shopping_Dataset\24_1_crop.mp4,train,4,Inspect Shelf,3000,3066,30.0,4228
2939,24_1,dataset\raw\Videos_MERL_Shopping_Dataset\24_1_crop.mp4,train,4,Inspect Shelf,3121,3200,30.0,4228
2940,24_1,dataset\raw\Videos_MERL_Shopping_Dataset\24_1_crop.mp4,train,4,Inspect Shelf,3371,3460,30.0,4228
2941,24_1,dataset\raw\Videos_MERL_Shopping_Dataset\24_1_crop.mp4,train,4,Inspect Shelf,3461,3486,30.0,4228
2942,24_1,dataset\raw\Videos_MERL_Shopping_Dataset\24_1_crop.mp4,train,4,Inspect Shelf,3662,3751,30.0,4228
2943,24_1,dataset\raw\Videos_MERL_Shopping_Dataset\24_1_crop.mp4,train,4,Inspect Shelf,3752,3841,30.0,4228
2944,24_1,dataset\raw\Videos_MERL_Shopping_Dataset\24_1_crop.mp4,train,4,Inspect Shelf,3842,3900,30.0,4228
2945,24_2,dataset\raw\Videos_MERL_Shopping_Dataset\24_2_crop.mp4,train,0,Reach to Shelf,177,194,30.0,4703
2946,24_2,dataset\raw\Videos_MERL_Shopping_Dataset\24_2_crop.mp4,train,0,Reach to Shelf,748,832,30.0,4703
2947,24_2,dataset\raw\Videos_MERL_Shopping_Dataset\24_2_crop.mp4,train,0,Reach to Shelf,884,931,30.0,4703
2948,24_2,dataset\raw\Videos_MERL_Shopping_Dataset\24_2_crop.mp4,train,0,Reach to Shelf,1338,1366,30.0,4703
2949,24_2,dataset\raw\Videos_MERL_Shopping_Dataset\24_2_crop.mp4,train,0,Reach to Shelf,1742,1807,30.0,4703
2950,24_2,dataset\raw\Videos_MERL_Shopping_Dataset\24_2_crop.mp4,train,0,Reach to Shelf,2536,2576,30.0,4703
2951,24_2,dataset\raw\Videos_MERL_Shopping_Dataset\24_2_crop.mp4,train,0,Reach to Shelf,2887,2923,30.0,4703
2952,24_2,dataset\raw\Videos_MERL_Shopping_Dataset\24_2_crop.mp4,train,0,Reach to Shelf,3113,3149,30.0,4703
2953,24_2,dataset\raw\Videos_MERL_Shopping_Dataset\24_2_crop.mp4,train,0,Reach to Shelf,3671,3706,30.0,4703
2954,24_2,dataset\raw\Videos_MERL_Shopping_Dataset\24_2_crop.mp4,train,0,Reach to Shelf,3945,3980,30.0,4703
2955,24_2,dataset\raw\Videos_MERL_Shopping_Dataset\24_2_crop.mp4,train,0,Reach to Shelf,4365,4395,30.0,4703
2956,24_2,dataset\raw\Videos_MERL_Shopping_Dataset\24_2_crop.mp4,train,0,Reach to Shelf,396,429,30.0,4703
2957,24_2,dataset\raw\Videos_MERL_Shopping_Dataset\24_2_crop.mp4,train,0,Reach to Shelf,1204,1268,30.0,4703
2958,24_2,dataset\raw\Videos_MERL_Shopping_Dataset\24_2_crop.mp4,train,0,Reach to Shelf,1494,1550,30.0,4703
2959,24_2,dataset\raw\Videos_MERL_Shopping_Dataset\24_2_crop.mp4,train,0,Reach to Shelf,2210,2248,30.0,4703
2960,24_2,dataset\raw\Videos_MERL_Shopping_Dataset\24_2_crop.mp4,train,0,Reach to Shelf,2665,2726,30.0,4703
2961,24_2,dataset\raw\Videos_MERL_Shopping_Dataset\24_2_crop.mp4,train,0,Reach to Shelf,3065,3085,30.0,4703
2962,24_2,dataset\raw\Videos_MERL_Shopping_Dataset\24_2_crop.mp4,train,0,Reach to Shelf,3363,3392,30.0,4703
2963,24_2,dataset\raw\Videos_MERL_Shopping_Dataset\24_2_crop.mp4,train,0,Reach to Shelf,3781,3808,30.0,4703
2964,24_2,dataset\raw\Videos_MERL_Shopping_Dataset\24_2_crop.mp4,train,0,Reach to Shelf,4075,4112,30.0,4703
2965,24_2,dataset\raw\Videos_MERL_Shopping_Dataset\24_2_crop.mp4,train,0,Reach to Shelf,4518,4546,30.0,4703
2966,24_2,dataset\raw\Videos_MERL_Shopping_Dataset\24_2_crop.mp4,train,1,Retract from Shelf,431,449,30.0,4703
2967,24_2,dataset\raw\Videos_MERL_Shopping_Dataset\24_2_crop.mp4,train,1,Retract from Shelf,833,882,30.0,4703
2968,24_2,dataset\raw\Videos_MERL_Shopping_Dataset\24_2_crop.mp4,train,1,Retract from Shelf,1270,1303,30.0,4703
2969,24_2,dataset\raw\Videos_MERL_Shopping_Dataset\24_2_crop.mp4,train,1,Retract from Shelf,1555,1579,30.0,4703
2970,24_2,dataset\raw\Videos_MERL_Shopping_Dataset\24_2_crop.mp4,train,1,Retract from Shelf,2249,2281,30.0,4703
2971,24_2,dataset\raw\Videos_MERL_Shopping_Dataset\24_2_crop.mp4,train,1,Retract from Shelf,2732,2767,30.0,4703
2972,24_2,dataset\raw\Videos_MERL_Shopping_Dataset\24_2_crop.mp4,train,1,Retract from Shelf,3088,3111,30.0,4703
2973,24_2,dataset\raw\Videos_MERL_Shopping_Dataset\24_2_crop.mp4,train,1,Retract from Shelf,3393,3433,30.0,4703
2974,24_2,dataset\raw\Videos_MERL_Shopping_Dataset\24_2_crop.mp4,train,1,Retract from Shelf,3809,3833,30.0,4703
2975,24_2,dataset\raw\Videos_MERL_Shopping_Dataset\24_2_crop.mp4,train,1,Retract from Shelf,4112,4140,30.0,4703
2976,24_2,dataset\raw\Videos_MERL_Shopping_Dataset\24_2_crop.mp4,train,1,Retract from Shelf,4549,4582,30.0,4703
2977,24_2,dataset\raw\Videos_MERL_Shopping_Dataset\24_2_crop.mp4,train,1,Retract from Shelf,236,267,30.0,4703
2978,24_2,dataset\raw\Videos_MERL_Shopping_Dataset\24_2_crop.mp4,train,1,Retract from Shelf,1003,1031,30.0,4703
2979,24_2,dataset\raw\Videos_MERL_Shopping_Dataset\24_2_crop.mp4,train,1,Retract from Shelf,1368,1408,30.0,4703
2980,24_2,dataset\raw\Videos_MERL_Shopping_Dataset\24_2_crop.mp4,train,1,Retract from Shelf,1810,1856,30.0,4703
2981,24_2,dataset\raw\Videos_MERL_Shopping_Dataset\24_2_crop.mp4,train,1,Retract from Shelf,2577,2613,30.0,4703
2982,24_2,dataset\raw\Videos_MERL_Shopping_Dataset\24_2_crop.mp4,train,1,Retract from Shelf,2925,2963,30.0,4703
2983,24_2,dataset\raw\Videos_MERL_Shopping_Dataset\24_2_crop.mp4,train,1,Retract from Shelf,3181,3239,30.0,4703
2984,24_2,dataset\raw\Videos_MERL_Shopping_Dataset\24_2_crop.mp4,train,1,Retract from Shelf,3707,3739,30.0,4703
2985,24_2,dataset\raw\Videos_MERL_Shopping_Dataset\24_2_crop.mp4,train,1,Retract from Shelf,3982,4020,30.0,4703
2986,24_2,dataset\raw\Videos_MERL_Shopping_Dataset\24_2_crop.mp4,train,1,Retract from Shelf,4399,4434,30.0,4703
2987,24_2,dataset\raw\Videos_MERL_Shopping_Dataset\24_2_crop.mp4,train,2,Hand in Shelf,195,236,30.0,4703
2988,24_2,dataset\raw\Videos_MERL_Shopping_Dataset\24_2_crop.mp4,train,2,Hand in Shelf,933,1002,30.0,4703
2989,24_2,dataset\raw\Videos_MERL_Shopping_Dataset\24_2_crop.mp4,train,2,Hand in Shelf,3152,3180,30.0,4703
2990,24_2,dataset\raw\Videos_MERL_Shopping_Dataset\24_2_crop.mp4,train,3,Inspect Product,270,359,30.0,4703
2991,24_2,dataset\raw\Videos_MERL_Shopping_Dataset\24_2_crop.mp4,train,3,Inspect Product,360,393,30.0,4703
2992,24_2,dataset\raw\Videos_MERL_Shopping_Dataset\24_2_crop.mp4,train,3,Inspect Product,1032,1121,30.0,4703
2993,24_2,dataset\raw\Videos_MERL_Shopping_Dataset\24_2_crop.mp4,train,3,Inspect Product,1122,1202,30.0,4703
2994,24_2,dataset\raw\Videos_MERL_Shopping_Dataset\24_2_crop.mp4,train,3,Inspect Product,1410,1491,30.0,4703
2995,24_2,dataset\raw\Videos_MERL_Shopping_Dataset\24_2_crop.mp4,train,3,Inspect Product,1858,1947,30.0,4703
2996,24_2,dataset\raw\Videos_MERL_Shopping_Dataset\24_2_crop.mp4,train,3,Inspect Product,1948,2037,30.0,4703
2997,24_2,dataset\raw\Videos_MERL_Shopping_Dataset\24_2_crop.mp4,train,3,Inspect Product,2038,2127,30.0,4703
2998,24_2,dataset\raw\Videos_MERL_Shopping_Dataset\24_2_crop.mp4,train,3,Inspect Product,2614,2664,30.0,4703
2999,24_2,dataset\raw\Videos_MERL_Shopping_Dataset\24_2_crop.mp4,train,3,Inspect Product,2963,3052,30.0,4703
3000,24_2,dataset\raw\Videos_MERL_Shopping_Dataset\24_2_crop.mp4,train,3,Inspect Product,3240,3329,30.0,4703
3001,24_2,dataset\raw\Videos_MERL_Shopping_Dataset\24_2_crop.mp4,train,3,Inspect Product,3330,3363,30.0,4703
3002,24_2,dataset\raw\Videos_MERL_Shopping_Dataset\24_2_crop.mp4,train,3,Inspect Product,3741,3781,30.0,4703
3003,24_2,dataset\raw\Videos_MERL_Shopping_Dataset\24_2_crop.mp4,train,3,Inspect Product,4020,4073,30.0,4703
3004,24_2,dataset\raw\Videos_MERL_Shopping_Dataset\24_2_crop.mp4,train,3,Inspect Product,4435,4518,30.0,4703
3005,24_2,dataset\raw\Videos_MERL_Shopping_Dataset\24_2_crop.mp4,train,4,Inspect Shelf,452,541,30.0,4703
3006,24_2,dataset\raw\Videos_MERL_Shopping_Dataset\24_2_crop.mp4,train,4,Inspect Shelf,542,631,30.0,4703
3007,24_2,dataset\raw\Videos_MERL_Shopping_Dataset\24_2_crop.mp4,train,4,Inspect Shelf,632,721,30.0,4703
3008,24_2,dataset\raw\Videos_MERL_Shopping_Dataset\24_2_crop.mp4,train,4,Inspect Shelf,722,746,30.0,4703
3009,24_2,dataset\raw\Videos_MERL_Shopping_Dataset\24_2_crop.mp4,train,4,Inspect Shelf,1303,1337,30.0,4703
3010,24_2,dataset\raw\Videos_MERL_Shopping_Dataset\24_2_crop.mp4,train,4,Inspect Shelf,1582,1671,30.0,4703
3011,24_2,dataset\raw\Videos_MERL_Shopping_Dataset\24_2_crop.mp4,train,4,Inspect Shelf,1672,1741,30.0,4703
3012,24_2,dataset\raw\Videos_MERL_Shopping_Dataset\24_2_crop.mp4,train,4,Inspect Shelf,2132,2209,30.0,4703
3013,24_2,dataset\raw\Videos_MERL_Shopping_Dataset\24_2_crop.mp4,train,4,Inspect Shelf,2768,2857,30.0,4703
3014,24_2,dataset\raw\Videos_MERL_Shopping_Dataset\24_2_crop.mp4,train,4,Inspect Shelf,2858,2887,30.0,4703
3015,24_2,dataset\raw\Videos_MERL_Shopping_Dataset\24_2_crop.mp4,train,4,Inspect Shelf,3434,3523,30.0,4703
3016,24_2,dataset\raw\Videos_MERL_Shopping_Dataset\24_2_crop.mp4,train,4,Inspect Shelf,3524,3613,30.0,4703
3017,24_2,dataset\raw\Videos_MERL_Shopping_Dataset\24_2_crop.mp4,train,4,Inspect Shelf,3614,3673,30.0,4703
3018,24_2,dataset\raw\Videos_MERL_Shopping_Dataset\24_2_crop.mp4,train,4,Inspect Shelf,3835,3924,30.0,4703
3019,24_2,dataset\raw\Videos_MERL_Shopping_Dataset\24_2_crop.mp4,train,4,Inspect Shelf,3925,3944,30.0,4703
3020,24_2,dataset\raw\Videos_MERL_Shopping_Dataset\24_2_crop.mp4,train,4,Inspect Shelf,4144,4233,30.0,4703
3021,24_2,dataset\raw\Videos_MERL_Shopping_Dataset\24_2_crop.mp4,train,4,Inspect Shelf,4234,4323,30.0,4703
3022,24_2,dataset\raw\Videos_MERL_Shopping_Dataset\24_2_crop.mp4,train,4,Inspect Shelf,4324,4363,30.0,4703
3023,24_3,dataset\raw\Videos_MERL_Shopping_Dataset\24_3_crop.mp4,train,0,Reach to Shelf,286,314,30.0,4884
3024,24_3,dataset\raw\Videos_MERL_Shopping_Dataset\24_3_crop.mp4,train,0,Reach to Shelf,667,701,30.0,4884
3025,24_3,dataset\raw\Videos_MERL_Shopping_Dataset\24_3_crop.mp4,train,0,Reach to Shelf,1118,1140,30.0,4884
3026,24_3,dataset\raw\Videos_MERL_Shopping_Dataset\24_3_crop.mp4,train,0,Reach to Shelf,1189,1225,30.0,4884
3027,24_3,dataset\raw\Videos_MERL_Shopping_Dataset\24_3_crop.mp4,train,0,Reach to Shelf,1278,1312,30.0,4884
3028,24_3,dataset\raw\Videos_MERL_Shopping_Dataset\24_3_crop.mp4,train,0,Reach to Shelf,1574,1602,30.0,4884
3029,24_3,dataset\raw\Videos_MERL_Shopping_Dataset\24_3_crop.mp4,train,0,Reach to Shelf,2097,2133,30.0,4884
3030,24_3,dataset\raw\Videos_MERL_Shopping_Dataset\24_3_crop.mp4,train,0,Reach to Shelf,2864,2911,30.0,4884
3031,24_3,dataset\raw\Videos_MERL_Shopping_Dataset\24_3_crop.mp4,train,0,Reach to Shelf,3277,3300,30.0,4884
3032,24_3,dataset\raw\Videos_MERL_Shopping_Dataset\24_3_crop.mp4,train,0,Reach to Shelf,3587,3642,30.0,4884
3033,24_3,dataset\raw\Videos_MERL_Shopping_Dataset\24_3_crop.mp4,train,0,Reach to Shelf,3740,3761,30.0,4884
3034,24_3,dataset\raw\Videos_MERL_Shopping_Dataset\24_3_crop.mp4,train,0,Reach to Shelf,4031,4085,30.0,4884
3035,24_3,dataset\raw\Videos_MERL_Shopping_Dataset\24_3_crop.mp4,train,0,Reach to Shelf,4116,4142,30.0,4884
3036,24_3,dataset\raw\Videos_MERL_Shopping_Dataset\24_3_crop.mp4,train,0,Reach to Shelf,4212,4238,30.0,4884
3037,24_3,dataset\raw\Videos_MERL_Shopping_Dataset\24_3_crop.mp4,train,0,Reach to Shelf,4291,4312,30.0,4884
3038,24_3,dataset\raw\Videos_MERL_Shopping_Dataset\24_3_crop.mp4,train,0,Reach to Shelf,4382,4403,30.0,4884
3039,24_3,dataset\raw\Videos_MERL_Shopping_Dataset\24_3_crop.mp4,train,0,Reach to Shelf,494,524,30.0,4884
3040,24_3,dataset\raw\Videos_MERL_Shopping_Dataset\24_3_crop.mp4,train,0,Reach to Shelf,2367,2423,30.0,4884
3041,24_3,dataset\raw\Videos_MERL_Shopping_Dataset\24_3_crop.mp4,train,0,Reach to Shelf,3117,3161,30.0,4884
3042,24_3,dataset\raw\Videos_MERL_Shopping_Dataset\24_3_crop.mp4,train,1,Retract from Shelf,524,546,30.0,4884
3043,24_3,dataset\raw\Videos_MERL_Shopping_Dataset\24_3_crop.mp4,train,1,Retract from Shelf,3258,3277,30.0,4884
3044,24_3,dataset\raw\Videos_MERL_Shopping_Dataset\24_3_crop.mp4,train,1,Retract from Shelf,3301,3322,30.0,4884
3045,24_3,dataset\raw\Videos_MERL_Shopping_Dataset\24_3_crop.mp4,train,1,Retract from Shelf,314,350,30.0,4884
3046,24_3,dataset\raw\Videos_MERL_Shopping_Dataset\24_3_crop.mp4,train,1,Retract from Shelf,702,749,30.0,4884
3047,24_3,dataset\raw\Videos_MERL_Shopping_Dataset\24_3_crop.mp4,train,1,Retract from Shelf,1156,1188,30.0,4884
3048,24_3,dataset\raw\Videos_MERL_Shopping_Dataset\24_3_crop.mp4,train,1,Retract from Shelf,1250,1277,30.0,4884
3049,24_3,dataset\raw\Videos_MERL_Shopping_Dataset\24_3_crop.mp4,train,1,Retract from Shelf,1332,1367,30.0,4884
3050,24_3,dataset\raw\Videos_MERL_Shopping_Dataset\24_3_crop.mp4,train,1,Retract from Shelf,1603,1658,30.0,4884
3051,24_3,dataset\raw\Videos_MERL_Shopping_Dataset\24_3_crop.mp4,train,1,Retract from Shelf,2135,2191,30.0,4884
3052,24_3,dataset\raw\Videos_MERL_Shopping_Dataset\24_3_crop.mp4,train,1,Retract from Shelf,2998,3044,30.0,4884
3053,24_3,dataset\raw\Videos_MERL_Shopping_Dataset\24_3_crop.mp4,train,1,Retract from Shelf,3643,3732,30.0,4884
3054,24_3,dataset\raw\Videos_MERL_Shopping_Dataset\24_3_crop.mp4,train,1,Retract from Shelf,3786,3875,30.0,4884
3055,24_3,dataset\raw\Videos_MERL_Shopping_Dataset\24_3_crop.mp4,train,1,Retract from Shelf,4085,4114,30.0,4884
3056,24_3,dataset\raw\Videos_MERL_Shopping_Dataset\24_3_crop.mp4,train,1,Retract from Shelf,4143,4209,30.0,4884
3057,24_3,dataset\raw\Videos_MERL_Shopping_Dataset\24_3_crop.mp4,train,1,Retract from Shelf,4240,4290,30.0,4884
3058,24_3,dataset\raw\Videos_MERL_Shopping_Dataset\24_3_crop.mp4,train,1,Retract from Shelf,4314,4380,30.0,4884
3059,24_3,dataset\raw\Videos_MERL_Shopping_Dataset\24_3_crop.mp4,train,1,Retract from Shelf,4404,4473,30.0,4884
3060,24_3,dataset\raw\Videos_MERL_Shopping_Dataset\24_3_crop.mp4,train,2,Hand in Shelf,1140,1155,30.0,4884
3061,24_3,dataset\raw\Videos_MERL_Shopping_Dataset\24_3_crop.mp4,train,2,Hand in Shelf,1225,1250,30.0,4884
3062,24_3,dataset\raw\Videos_MERL_Shopping_Dataset\24_3_crop.mp4,train,2,Hand in Shelf,1311,1331,30.0,4884
3063,24_3,dataset\raw\Videos_MERL_Shopping_Dataset\24_3_crop.mp4,train,2,Hand in Shelf,2913,2999,30.0,4884
3064,24_3,dataset\raw\Videos_MERL_Shopping_Dataset\24_3_crop.mp4,train,2,Hand in Shelf,3162,3251,30.0,4884
3065,24_3,dataset\raw\Videos_MERL_Shopping_Dataset\24_3_crop.mp4,train,2,Hand in Shelf,3760,3786,30.0,4884
3066,24_3,dataset\raw\Videos_MERL_Shopping_Dataset\24_3_crop.mp4,train,3,Inspect Product,352,441,30.0,4884
3067,24_3,dataset\raw\Videos_MERL_Shopping_Dataset\24_3_crop.mp4,train,3,Inspect Product,442,492,30.0,4884
3068,24_3,dataset\raw\Videos_MERL_Shopping_Dataset\24_3_crop.mp4,train,3,Inspect Product,2192,2281,30.0,4884
3069,24_3,dataset\raw\Videos_MERL_Shopping_Dataset\24_3_crop.mp4,train,3,Inspect Product,2282,2365,30.0,4884
3070,24_3,dataset\raw\Videos_MERL_Shopping_Dataset\24_3_crop.mp4,train,3,Inspect Product,3045,3116,30.0,4884
3071,24_3,dataset\raw\Videos_MERL_Shopping_Dataset\24_3_crop.mp4,train,4,Inspect Shelf,176,265,30.0,4884
3072,24_3,dataset\raw\Videos_MERL_Shopping_Dataset\24_3_crop.mp4,train,4,Inspect Shelf,266,281,30.0,4884
3073,24_3,dataset\raw\Videos_MERL_Shopping_Dataset\24_3_crop.mp4,train,4,Inspect Shelf,546,635,30.0,4884
3074,24_3,dataset\raw\Videos_MERL_Shopping_Dataset\24_3_crop.mp4,train,4,Inspect Shelf,636,665,30.0,4884
3075,24_3,dataset\raw\Videos_MERL_Shopping_Dataset\24_3_crop.mp4,train,4,Inspect Shelf,782,871,30.0,4884
3076,24_3,dataset\raw\Videos_MERL_Shopping_Dataset\24_3_crop.mp4,train,4,Inspect Shelf,872,961,30.0,4884
3077,24_3,dataset\raw\Videos_MERL_Shopping_Dataset\24_3_crop.mp4,train,4,Inspect Shelf,962,1051,30.0,4884
3078,24_3,dataset\raw\Videos_MERL_Shopping_Dataset\24_3_crop.mp4,train,4,Inspect Shelf,1052,1099,30.0,4884
3079,24_3,dataset\raw\Videos_MERL_Shopping_Dataset\24_3_crop.mp4,train,4,Inspect Shelf,1372,1461,30.0,4884
3080,24_3,dataset\raw\Videos_MERL_Shopping_Dataset\24_3_crop.mp4,train,4,Inspect Shelf,1462,1551,30.0,4884
3081,24_3,dataset\raw\Videos_MERL_Shopping_Dataset\24_3_crop.mp4,train,4,Inspect Shelf,1552,1572,30.0,4884
3082,24_3,dataset\raw\Videos_MERL_Shopping_Dataset\24_3_crop.mp4,train,4,Inspect Shelf,1701,1790,30.0,4884
3083,24_3,dataset\raw\Videos_MERL_Shopping_Dataset\24_3_crop.mp4,train,4,Inspect Shelf,1791,1880,30.0,4884
3084,24_3,dataset\raw\Videos_MERL_Shopping_Dataset\24_3_crop.mp4,train,4,Inspect Shelf,1881,1970,30.0,4884
3085,24_3,dataset\raw\Videos_MERL_Shopping_Dataset\24_3_crop.mp4,train,4,Inspect Shelf,1971,2060,30.0,4884
3086,24_3,dataset\raw\Videos_MERL_Shopping_Dataset\24_3_crop.mp4,train,4,Inspect Shelf,2061,2095,30.0,4884
3087,24_3,dataset\raw\Videos_MERL_Shopping_Dataset\24_3_crop.mp4,train,4,Inspect Shelf,2828,2861,30.0,4884
3088,24_3,dataset\raw\Videos_MERL_Shopping_Dataset\24_3_crop.mp4,train,4,Inspect Shelf,3326,3415,30.0,4884
3089,24_3,dataset\raw\Videos_MERL_Shopping_Dataset\24_3_crop.mp4,train,4,Inspect Shelf,3416,3505,30.0,4884
3090,24_3,dataset\raw\Videos_MERL_Shopping_Dataset\24_3_crop.mp4,train,4,Inspect Shelf,3506,3586,30.0,4884
3091,24_3,dataset\raw\Videos_MERL_Shopping_Dataset\24_3_crop.mp4,train,4,Inspect Shelf,3885,3974,30.0,4884
3092,24_3,dataset\raw\Videos_MERL_Shopping_Dataset\24_3_crop.mp4,train,4,Inspect Shelf,3975,4030,30.0,4884
3093,24_3,dataset\raw\Videos_MERL_Shopping_Dataset\24_3_crop.mp4,train,4,Inspect Shelf,4477,4566,30.0,4884
3094,24_3,dataset\raw\Videos_MERL_Shopping_Dataset\24_3_crop.mp4,train,4,Inspect Shelf,4567,4656,30.0,4884
3095,24_3,dataset\raw\Videos_MERL_Shopping_Dataset\24_3_crop.mp4,train,4,Inspect Shelf,4657,4704,30.0,4884
3154,25_2,dataset\raw\Videos_MERL_Shopping_Dataset\25_2_crop.mp4,train,0,Reach to Shelf,465,518,30.0,4454
3155,25_2,dataset\raw\Videos_MERL_Shopping_Dataset\25_2_crop.mp4,train,0,Reach to Shelf,817,858,30.0,4454
3156,25_2,dataset\raw\Videos_MERL_Shopping_Dataset\25_2_crop.mp4,train,0,Reach to Shelf,1186,1220,30.0,4454
3157,25_2,dataset\raw\Videos_MERL_Shopping_Dataset\25_2_crop.mp4,train,0,Reach to Shelf,1445,1472,30.0,4454
3158,25_2,dataset\raw\Videos_MERL_Shopping_Dataset\25_2_crop.mp4,train,0,Reach to Shelf,2108,2132,30.0,4454
3159,25_2,dataset\raw\Videos_MERL_Shopping_Dataset\25_2_crop.mp4,train,0,Reach to Shelf,2500,2536,30.0,4454
3160,25_2,dataset\raw\Videos_MERL_Shopping_Dataset\25_2_crop.mp4,train,0,Reach to Shelf,3373,3401,30.0,4454
3161,25_2,dataset\raw\Videos_MERL_Shopping_Dataset\25_2_crop.mp4,train,0,Reach to Shelf,3661,3695,30.0,4454
3162,25_2,dataset\raw\Videos_MERL_Shopping_Dataset\25_2_crop.mp4,train,0,Reach to Shelf,570,602,30.0,4454
3163,25_2,dataset\raw\Videos_MERL_Shopping_Dataset\25_2_crop.mp4,train,0,Reach to Shelf,966,1008,30.0,4454
3164,25_2,dataset\raw\Videos_MERL_Shopping_Dataset\25_2_crop.mp4,train,0,Reach to Shelf,2045,2083,30.0,4454
3165,25_2,dataset\raw\Videos_MERL_Shopping_Dataset\25_2_crop.mp4,train,0,Reach to Shelf,3533,3593,30.0,4454
3166,25_2,dataset\raw\Videos_MERL_Shopping_Dataset\25_2_crop.mp4,train,0,Reach to Shelf,3782,3839,30.0,4454
3167,25_2,dataset\raw\Videos_MERL_Shopping_Dataset\25_2_crop.mp4,train,1,Retract from Shelf,2084,2107,30.0,4454
3168,25_2,dataset\raw\Videos_MERL_Shopping_Dataset\25_2_crop.mp4,train,1,Retract from Shelf,3595,3623,30.0,4454
3169,25_2,dataset\raw\Videos_MERL_Shopping_Dataset\25_2_crop.mp4,train,1,Retract from Shelf,3842,3875,30.0,4454
3170,25_2,dataset\raw\Videos_MERL_Shopping_Dataset\25_2_crop.mp4,train,1,Retract from Shelf,520,566,30.0,4454
3171,25_2,dataset\raw\Videos_MERL_Shopping_Dataset\25_2_crop.mp4,train,1,Retract from Shelf,681,747,30.0,4454
3172,25_2,dataset\raw\Videos_MERL_Shopping_Dataset\25_2_crop.mp4,train,1,Retract from Shelf,859,902,30.0,4454
3173,25_2,dataset\raw\Videos_MERL_Shopping_Dataset\25_2_crop.mp4,train,1,Retract from Shelf,1058,1088,30.0,4454
3174,25_2,dataset\raw\Videos_MERL_Shopping_Dataset\25_2_crop.mp4,train,1,Retract from Shelf,1221,1254,30.0,4454
3175,25_2,dataset\raw\Videos_MERL_Shopping_Dataset\25_2_crop.mp4,train,1,Retract from Shelf,1474,1502,30.0,4454
3176,25_2,dataset\raw\Videos_MERL_Shopping_Dataset\25_2_crop.mp4,train,1,Retract from Shelf,2567,2593,30.0,4454
3177,25_2,dataset\raw\Videos_MERL_Shopping_Dataset\25_2_crop.mp4,train,1,Retract from Shelf,3401,3446,30.0,4454
3178,25_2,dataset\raw\Videos_MERL_Shopping_Dataset\25_2_crop.mp4,train,1,Retract from Shelf,3697,3733,30.0,4454
3179,25_2,dataset\raw\Videos_MERL_Shopping_Dataset\25_2_crop.mp4,train,2,Hand in Shelf,605,680,30.0,4454
3180,25_2,dataset\raw\Videos_MERL_Shopping_Dataset\25_2_crop.mp4,train,2,Hand in Shelf,1009,1055,30.0,4454
3181,25_2,dataset\raw\Videos_MERL_Shopping_Dataset\25_2_crop.mp4,train,2,Hand in Shelf,2134,2207,30.0,4454
3182,25_2,dataset\raw\Videos_MERL_Shopping_Dataset\25_2_crop.mp4,train,2,Hand in Shelf,2541,2565,30.0,4454
3183,25_2,dataset\raw\Videos_MERL_Shopping_Dataset\25_2_crop.mp4,train,3,Inspect Product,902,961,30.0,4454
3184,25_2,dataset\raw\Videos_MERL_Shopping_Dataset\25_2_crop.mp4,train,3,Inspect Product,1501,1590,30.0,4454
3185,25_2,dataset\raw\Videos_MERL_Shopping_Dataset\25_2_crop.mp4,train,3,Inspect Product,1591,1680,30.0,4454
3186,25_2,dataset\raw\Videos_MERL_Shopping_Dataset\25_2_crop.mp4,train,3,Inspect Product,1681,1770,30.0,4454
3187,25_2,dataset\raw\Videos_MERL_Shopping_Dataset\25_2_crop.mp4,train,3,Inspect Product,1771,1860,30.0,4454
3188,25_2,dataset\raw\Videos_MERL_Shopping_Dataset\25_2_crop.mp4,train,3,Inspect Product,1861,1950,30.0,4454
3189,25_2,dataset\raw\Videos_MERL_Shopping_Dataset\25_2_crop.mp4,train,3,Inspect Product,1951,2040,30.0,4454
3190,25_2,dataset\raw\Videos_MERL_Shopping_Dataset\25_2_crop.mp4,train,3,Inspect Product,2594,2683,30.0,4454
3191,25_2,dataset\raw\Videos_MERL_Shopping_Dataset\25_2_crop.mp4,train,3,Inspect Product,2684,2773,30.0,4454
3192,25_2,dataset\raw\Videos_MERL_Shopping_Dataset\25_2_crop.mp4,train,3,Inspect Product,2774,2863,30.0,4454
3193,25_2,dataset\raw\Videos_MERL_Shopping_Dataset\25_2_crop.mp4,train,3,Inspect Product,2864,2953,30.0,4454
3194,25_2,dataset\raw\Videos_MERL_Shopping_Dataset\25_2_crop.mp4,train,3,Inspect Product,2954,3043,30.0,4454
3195,25_2,dataset\raw\Videos_MERL_Shopping_Dataset\25_2_crop.mp4,train,3,Inspect Product,3044,3133,30.0,4454
3196,25_2,dataset\raw\Videos_MERL_Shopping_Dataset\25_2_crop.mp4,train,3,Inspect Product,3134,3195,30.0,4454
3197,25_2,dataset\raw\Videos_MERL_Shopping_Dataset\25_2_crop.mp4,train,3,Inspect Product,3452,3534,30.0,4454
3198,25_2,dataset\raw\Videos_MERL_Shopping_Dataset\25_2_crop.mp4,train,3,Inspect Product,3737,3781,30.0,4454
3199,25_2,dataset\raw\Videos_MERL_Shopping_Dataset\25_2_crop.mp4,train,4,Inspect Shelf,752,814,30.0,4454
3200,25_2,dataset\raw\Videos_MERL_Shopping_Dataset\25_2_crop.mp4,train,4,Inspect Shelf,1091,1180,30.0,4454
3201,25_2,dataset\raw\Videos_MERL_Shopping_Dataset\25_2_crop.mp4,train,4,Inspect Shelf,1257,1346,30.0,4454
3202,25_2,dataset\raw\Videos_MERL_Shopping_Dataset\25_2_crop.mp4,train,4,Inspect Shelf,1347,1436,30.0,4454
3203,25_2,dataset\raw\Videos_MERL_Shopping_Dataset\25_2_crop.mp4,train,4,Inspect Shelf,3197,3286,30.0,4454
3204,25_2,dataset\raw\Videos_MERL_Shopping_Dataset\25_2_crop.mp4,train,4,Inspect Shelf,3287,3372,30.0,4454
3205,25_2,dataset\raw\Videos_MERL_Shopping_Dataset\25_2_crop.mp4,train,4,Inspect Shelf,3627,3661,30.0,4454
3206,25_2,dataset\raw\Videos_MERL_Shopping_Dataset\25_2_crop.mp4,train,4,Inspect Shelf,3876,3965,30.0,4454
3207,25_2,dataset\raw\Videos_MERL_Shopping_Dataset\25_2_crop.mp4,train,4,Inspect Shelf,3966,4055,30.0,4454
3208,25_2,dataset\raw\Videos_MERL_Shopping_Dataset\25_2_crop.mp4,train,4,Inspect Shelf,4056,4145,30.0,4454
3209,25_2,dataset\raw\Videos_MERL_Shopping_Dataset\25_2_crop.mp4,train,4,Inspect Shelf,4146,4235,30.0,4454
3210,25_3,dataset\raw\Videos_MERL_Shopping_Dataset\25_3_crop.mp4,train,0,Reach to Shelf,215,247,30.0,4072
3211,25_3,dataset\raw\Videos_MERL_Shopping_Dataset\25_3_crop.mp4,train,0,Reach to Shelf,316,341,30.0,4072
3212,25_3,dataset\raw\Videos_MERL_Shopping_Dataset\25_3_crop.mp4,train,0,Reach to Shelf,676,709,30.0,4072
3213,25_3,dataset\raw\Videos_MERL_Shopping_Dataset\25_3_crop.mp4,train,0,Reach to Shelf,995,1042,30.0,4072
3214,25_3,dataset\raw\Videos_MERL_Shopping_Dataset\25_3_crop.mp4,train,0,Reach to Shelf,1386,1415,30.0,4072
3215,25_3,dataset\raw\Videos_MERL_Shopping_Dataset\25_3_crop.mp4,train,0,Reach to Shelf,1522,1554,30.0,4072
3216,25_3,dataset\raw\Videos_MERL_Shopping_Dataset\25_3_crop.mp4,train,0,Reach to Shelf,1705,1735,30.0,4072
3217,25_3,dataset\raw\Videos_MERL_Shopping_Dataset\25_3_crop.mp4,train,0,Reach to Shelf,2387,2416,30.0,4072
3218,25_3,dataset\raw\Videos_MERL_Shopping_Dataset\25_3_crop.mp4,train,0,Reach to Shelf,2944,2966,30.0,4072
3219,25_3,dataset\raw\Videos_MERL_Shopping_Dataset\25_3_crop.mp4,train,0,Reach to Shelf,3184,3204,30.0,4072
3220,25_3,dataset\raw\Videos_MERL_Shopping_Dataset\25_3_crop.mp4,train,0,Reach to Shelf,3346,3376,30.0,4072
3221,25_3,dataset\raw\Videos_MERL_Shopping_Dataset\25_3_crop.mp4,train,0,Reach to Shelf,3769,3796,30.0,4072
3222,25_3,dataset\raw\Videos_MERL_Shopping_Dataset\25_3_crop.mp4,train,0,Reach to Shelf,2637,2701,30.0,4072
3223,25_3,dataset\raw\Videos_MERL_Shopping_Dataset\25_3_crop.mp4,train,1,Retract from Shelf,1107,1132,30.0,4072
3224,25_3,dataset\raw\Videos_MERL_Shopping_Dataset\25_3_crop.mp4,train,1,Retract from Shelf,2784,2821,30.0,4072
3225,25_3,dataset\raw\Videos_MERL_Shopping_Dataset\25_3_crop.mp4,train,1,Retract from Shelf,249,279,30.0,4072
3226,25_3,dataset\raw\Videos_MERL_Shopping_Dataset\25_3_crop.mp4,train,1,Retract from Shelf,397,431,30.0,4072
3227,25_3,dataset\raw\Videos_MERL_Shopping_Dataset\25_3_crop.mp4,train,1,Retract from Shelf,787,832,30.0,4072
3228,25_3,dataset\raw\Videos_MERL_Shopping_Dataset\25_3_crop.mp4,train,1,Retract from Shelf,1431,1459,30.0,4072
3229,25_3,dataset\raw\Videos_MERL_Shopping_Dataset\25_3_crop.mp4,train,1,Retract from Shelf,1570,1635,30.0,4072
3230,25_3,dataset\raw\Videos_MERL_Shopping_Dataset\25_3_crop.mp4,train,1,Retract from Shelf,1739,1828,30.0,4072
3231,25_3,dataset\raw\Videos_MERL_Shopping_Dataset\25_3_crop.mp4,train,1,Retract from Shelf,1829,1862,30.0,4072
3232,25_3,dataset\raw\Videos_MERL_Shopping_Dataset\25_3_crop.mp4,train,1,Retract from Shelf,2440,2519,30.0,4072
3233,25_3,dataset\raw\Videos_MERL_Shopping_Dataset\25_3_crop.mp4,train,1,Retract from Shelf,2967,2994,30.0,4072
3234,25_3,dataset\raw\Videos_MERL_Shopping_Dataset\25_3_crop.mp4,train,1,Retract from Shelf,3249,3283,30.0,4072
3235,25_3,dataset\raw\Videos_MERL_Shopping_Dataset\25_3_crop.mp4,train,1,Retract from Shelf,3486,3558,30.0,4072
3236,25_3,dataset\raw\Videos_MERL_Shopping_Dataset\25_3_crop.mp4,train,1,Retract from Shelf,3798,3850,30.0,4072
3237,25_3,dataset\raw\Videos_MERL_Shopping_Dataset\25_3_crop.mp4,train,2,Hand in Shelf,343,396,30.0,4072
3238,25_3,dataset\raw\Videos_MERL_Shopping_Dataset\25_3_crop.mp4,train,2,Hand in Shelf,710,785,30.0,4072
3239,25_3,dataset\raw\Videos_MERL_Shopping_Dataset\25_3_crop.mp4,train,2,Hand in Shelf,1044,1104,30.0,4072
3240,25_3,dataset\raw\Videos_MERL_Shopping_Dataset\25_3_crop.mp4,train,2,Hand in Shelf,1415,1430,30.0,4072
3241,25_3,dataset\raw\Videos_MERL_Shopping_Dataset\25_3_crop.mp4,train,2,Hand in Shelf,1554,1568,30.0,4072
3242,25_3,dataset\raw\Videos_MERL_Shopping_Dataset\25_3_crop.mp4,train,2,Hand in Shelf,2418,2438,30.0,4072
3243,25_3,dataset\raw\Videos_MERL_Shopping_Dataset\25_3_crop.mp4,train,2,Hand in Shelf,2704,2782,30.0,4072
3244,25_3,dataset\raw\Videos_MERL_Shopping_Dataset\25_3_crop.mp4,train,2,Hand in Shelf,3205,3247,30.0,4072
3245,25_3,dataset\raw\Videos_MERL_Shopping_Dataset\25_3_crop.mp4,train,2,Hand in Shelf,3378,3467,30.0,4072
3246,25_3,dataset\raw\Videos_MERL_Shopping_Dataset\25_3_crop.mp4,train,2,Hand in Shelf,3468,3483,30.0,4072
3247,25_3,dataset\raw\Videos_MERL_Shopping_Dataset\25_3_crop.mp4,train,3,Inspect Product,431,503,30.0,4072
3248,25_3,dataset\raw\Videos_MERL_Shopping_Dataset\25_3_crop.mp4,train,3,Inspect Product,833,850,30.0,4072
3249,25_3,dataset\raw\Videos_MERL_Shopping_Dataset\25_3_crop.mp4,train,3,Inspect Product,1461,1492,30.0,4072
3250,25_3,dataset\raw\Videos_MERL_Shopping_Dataset\25_3_crop.mp4,train,3,Inspect Product,2521,2610,30.0,4072
3251,25_3,dataset\raw\Videos_MERL_Shopping_Dataset\25_3_crop.mp4,train,3,Inspect Product,2611,2636,30.0,4072
3252,25_3,dataset\raw\Videos_MERL_Shopping_Dataset\25_3_crop.mp4,train,4,Inspect Shelf,563,652,30.0,4072
3253,25_3,dataset\raw\Videos_MERL_Shopping_Dataset\25_3_crop.mp4,train,4,Inspect Shelf,653,679,30.0,4072
3254,25_3,dataset\raw\Videos_MERL_Shopping_Dataset\25_3_crop.mp4,train,4,Inspect Shelf,919,992,30.0,4072
3255,25_3,dataset\raw\Videos_MERL_Shopping_Dataset\25_3_crop.mp4,train,4,Inspect Shelf,1137,1226,30.0,4072
3256,25_3,dataset\raw\Videos_MERL_Shopping_Dataset\25_3_crop.mp4,train,4,Inspect Shelf,1227,1316,30.0,4072
3257,25_3,dataset\raw\Videos_MERL_Shopping_Dataset\25_3_crop.mp4,train,4,Inspect Shelf,1317,1383,30.0,4072
3258,25_3,dataset\raw\Videos_MERL_Shopping_Dataset\25_3_crop.mp4,train,4,Inspect Shelf,1640,1701,30.0,4072
3259,25_3,dataset\raw\Videos_MERL_Shopping_Dataset\25_3_crop.mp4,train,4,Inspect Shelf,1863,1904,30.0,4072
3260,25_3,dataset\raw\Videos_MERL_Shopping_Dataset\25_3_crop.mp4,train,4,Inspect Shelf,2290,2379,30.0,4072
3261,25_3,dataset\raw\Videos_MERL_Shopping_Dataset\25_3_crop.mp4,train,4,Inspect Shelf,2831,2920,30.0,4072
3262,25_3,dataset\raw\Videos_MERL_Shopping_Dataset\25_3_crop.mp4,train,4,Inspect Shelf,2921,2942,30.0,4072
3263,25_3,dataset\raw\Videos_MERL_Shopping_Dataset\25_3_crop.mp4,train,4,Inspect Shelf,2997,3086,30.0,4072
3264,25_3,dataset\raw\Videos_MERL_Shopping_Dataset\25_3_crop.mp4,train,4,Inspect Shelf,3087,3176,30.0,4072
3265,25_3,dataset\raw\Videos_MERL_Shopping_Dataset\25_3_crop.mp4,train,4,Inspect Shelf,3285,3343,30.0,4072
3266,25_3,dataset\raw\Videos_MERL_Shopping_Dataset\25_3_crop.mp4,train,4,Inspect Shelf,3559,3648,30.0,4072
3267,25_3,dataset\raw\Videos_MERL_Shopping_Dataset\25_3_crop.mp4,train,4,Inspect Shelf,3649,3738,30.0,4072
3268,25_3,dataset\raw\Videos_MERL_Shopping_Dataset\25_3_crop.mp4,train,4,Inspect Shelf,3739,3767,30.0,4072
3269,25_3,dataset\raw\Videos_MERL_Shopping_Dataset\25_3_crop.mp4,train,4,Inspect Shelf,3851,3905,30.0,4072
3405,26_3,dataset\raw\Videos_MERL_Shopping_Dataset\26_3_crop.mp4,train,0,Reach to Shelf,244,286,30.0,4079
3406,26_3,dataset\raw\Videos_MERL_Shopping_Dataset\26_3_crop.mp4,train,0,Reach to Shelf,526,563,30.0,4079
3407,26_3,dataset\raw\Videos_MERL_Shopping_Dataset\26_3_crop.mp4,train,0,Reach to Shelf,946,972,30.0,4079
3408,26_3,dataset\raw\Videos_MERL_Shopping_Dataset\26_3_crop.mp4,train,0,Reach to Shelf,1163,1183,30.0,4079
3409,26_3,dataset\raw\Videos_MERL_Shopping_Dataset\26_3_crop.mp4,train,0,Reach to Shelf,1884,1909,30.0,4079
3410,26_3,dataset\raw\Videos_MERL_Shopping_Dataset\26_3_crop.mp4,train,0,Reach to Shelf,2434,2465,30.0,4079
3411,26_3,dataset\raw\Videos_MERL_Shopping_Dataset\26_3_crop.mp4,train,0,Reach to Shelf,2682,2725,30.0,4079
3412,26_3,dataset\raw\Videos_MERL_Shopping_Dataset\26_3_crop.mp4,train,0,Reach to Shelf,2830,2875,30.0,4079
3413,26_3,dataset\raw\Videos_MERL_Shopping_Dataset\26_3_crop.mp4,train,0,Reach to Shelf,3204,3239,30.0,4079
3414,26_3,dataset\raw\Videos_MERL_Shopping_Dataset\26_3_crop.mp4,train,0,Reach to Shelf,3484,3518,30.0,4079
3415,26_3,dataset\raw\Videos_MERL_Shopping_Dataset\26_3_crop.mp4,train,0,Reach to Shelf,1060,1095,30.0,4079
3416,26_3,dataset\raw\Videos_MERL_Shopping_Dataset\26_3_crop.mp4,train,0,Reach to Shelf,1257,1283,30.0,4079
3417,26_3,dataset\raw\Videos_MERL_Shopping_Dataset\26_3_crop.mp4,train,0,Reach to Shelf,1978,2005,30.0,4079
3418,26_3,dataset\raw\Videos_MERL_Shopping_Dataset\26_3_crop.mp4,train,0,Reach to Shelf,2894,2931,30.0,4079
3419,26_3,dataset\raw\Videos_MERL_Shopping_Dataset\26_3_crop.mp4,train,0,Reach to Shelf,3278,3294,30.0,4079
3420,26_3,dataset\raw\Videos_MERL_Shopping_Dataset\26_3_crop.mp4,train,0,Reach to Shelf,3626,3669,30.0,4079
3421,26_3,dataset\raw\Videos_MERL_Shopping_Dataset\26_3_crop.mp4,train,1,Retract from Shelf,1336,1359,30.0,4079
3422,26_3,dataset\raw\Videos_MERL_Shopping_Dataset\26_3_crop.mp4,train,1,Retract from Shelf,2006,2027,30.0,4079
3423,26_3,dataset\raw\Videos_MERL_Shopping_Dataset\26_3_crop.mp4,train,1,Retract from Shelf,287,321,30.0,4079
3424,26_3,dataset\raw\Videos_MERL_Shopping_Dataset\26_3_crop.mp4,train,1,Retract from Shelf,567,604,30.0,4079
3425,26_3,dataset\raw\Videos_MERL_Shopping_Dataset\26_3_crop.mp4,train,1,Retract from Shelf,976,1004,30.0,4079
3426,26_3,dataset\raw\Videos_MERL_Shopping_Dataset\26_3_crop.mp4,train,1,Retract from Shelf,1113,1134,30.0,4079
3427,26_3,dataset\raw\Videos_MERL_Shopping_Dataset\26_3_crop.mp4,train,1,Retract from Shelf,1204,1239,30.0,4079
3428,26_3,dataset\raw\Videos_MERL_Shopping_Dataset\26_3_crop.mp4,train,1,Retract from Shelf,1925,1961,30.0,4079
3429,26_3,dataset\raw\Videos_MERL_Shopping_Dataset\26_3_crop.mp4,train,1,Retract from Shelf,2479,2508,30.0,4079
3430,26_3,dataset\raw\Videos_MERL_Shopping_Dataset\26_3_crop.mp4,train,1,Retract from Shelf,2726,2760,30.0,4079
3431,26_3,dataset\raw\Videos_MERL_Shopping_Dataset\26_3_crop.mp4,train,1,Retract from Shelf,2969,3000,30.0,4079
3432,26_3,dataset\raw\Videos_MERL_Shopping_Dataset\26_3_crop.mp4,train,1,Retract from Shelf,3239,3258,30.0,4079
3433,26_3,dataset\raw\Videos_MERL_Shopping_Dataset\26_3_crop.mp4,train,1,Retract from Shelf,3359,3409,30.0,4079
3434,26_3,dataset\raw\Videos_MERL_Shopping_Dataset\26_3_crop.mp4,train,1,Retract from Shelf,3524,3565,30.0,4079
3435,26_3,dataset\raw\Videos_MERL_Shopping_Dataset\26_3_crop.mp4,train,1,Retract from Shelf,3717,3763,30.0,4079
3436,26_3,dataset\raw\Videos_MERL_Shopping_Dataset\26_3_crop.mp4,train,2,Hand in Shelf,1095,1112,30.0,4079
3437,26_3,dataset\raw\Videos_MERL_Shopping_Dataset\26_3_crop.mp4,train,2,Hand in Shelf,1184,1204,30.0,4079
3438,26_3,dataset\raw\Videos_MERL_Shopping_Dataset\26_3_crop.mp4,train,2,Hand in Shelf,1288,1335,30.0,4079
3439,26_3,dataset\raw\Videos_MERL_Shopping_Dataset\26_3_crop.mp4,train,2,Hand in Shelf,2465,2479,30.0,4079
3440,26_3,dataset\raw\Videos_MERL_Shopping_Dataset\26_3_crop.mp4,train,2,Hand in Shelf,2878,2894,30.0,4079
3441,26_3,dataset\raw\Videos_MERL_Shopping_Dataset\26_3_crop.mp4,train,2,Hand in Shelf,3294,3357,30.0,4079
3442,26_3,dataset\raw\Videos_MERL_Shopping_Dataset\26_3_crop.mp4,train,2,Hand in Shelf,3670,3716,30.0,4079
3443,26_3,dataset\raw\Videos_MERL_Shopping_Dataset\26_3_crop.mp4,train,3,Inspect Product,322,350,30.0,4079
3444,26_3,dataset\raw\Videos_MERL_Shopping_Dataset\26_3_crop.mp4,train,3,Inspect Product,604,693,30.0,4079
3445,26_3,dataset\raw\Videos_MERL_Shopping_Dataset\26_3_crop.mp4,train,3,Inspect Product,694,762,30.0,4079
3446,26_3,dataset\raw\Videos_MERL_Shopping_Dataset\26_3_crop.mp4,train,3,Inspect Product,1009,1060,30.0,4079
3447,26_3,dataset\raw\Videos_MERL_Shopping_Dataset\26_3_crop.mp4,train,3,Inspect Product,1136,1157,30.0,4079
3448,26_3,dataset\raw\Videos_MERL_Shopping_Dataset\26_3_crop.mp4,train,3,Inspect Product,1240,1256,30.0,4079
3449,26_3,dataset\raw\Videos_MERL_Shopping_Dataset\26_3_crop.mp4,train,3,Inspect Product,1962,1977,30.0,4079
3450,26_3,dataset\raw\Videos_MERL_Shopping_Dataset\26_3_crop.mp4,train,3,Inspect Product,2931,2969,30.0,4079
3451,26_3,dataset\raw\Videos_MERL_Shopping_Dataset\26_3_crop.mp4,train,3,Inspect Product,3259,3277,30.0,4079
3452,26_3,dataset\raw\Videos_MERL_Shopping_Dataset\26_3_crop.mp4,train,3,Inspect Product,3571,3626,30.0,4079
3453,26_3,dataset\raw\Videos_MERL_Shopping_Dataset\26_3_crop.mp4,train,4,Inspect Shelf,401,490,30.0,4079
3454,26_3,dataset\raw\Videos_MERL_Shopping_Dataset\26_3_crop.mp4,train,4,Inspect Shelf,491,524,30.0,4079
3455,26_3,dataset\raw\Videos_MERL_Shopping_Dataset\26_3_crop.mp4,train,4,Inspect Shelf,843,932,30.0,4079
3456,26_3,dataset\raw\Videos_MERL_Shopping_Dataset\26_3_crop.mp4,train,4,Inspect Shelf,1396,1485,30.0,4079
3457,26_3,dataset\raw\Videos_MERL_Shopping_Dataset\26_3_crop.mp4,train,4,Inspect Shelf,1486,1575,30.0,4079
3458,26_3,dataset\raw\Videos_MERL_Shopping_Dataset\26_3_crop.mp4,train,4,Inspect Shelf,1576,1665,30.0,4079
3459,26_3,dataset\raw\Videos_MERL_Shopping_Dataset\26_3_crop.mp4,train,4,Inspect Shelf,1666,1755,30.0,4079
3460,26_3,dataset\raw\Videos_MERL_Shopping_Dataset\26_3_crop.mp4,train,4,Inspect Shelf,1756,1845,30.0,4079
3461,26_3,dataset\raw\Videos_MERL_Shopping_Dataset\26_3_crop.mp4,train,4,Inspect Shelf,1846,1884,30.0,4079
3462,26_3,dataset\raw\Videos_MERL_Shopping_Dataset\26_3_crop.mp4,train,4,Inspect Shelf,2384,2434,30.0,4079
3463,26_3,dataset\raw\Videos_MERL_Shopping_Dataset\26_3_crop.mp4,train,4,Inspect Shelf,2507,2596,30.0,4079
3464,26_3,dataset\raw\Videos_MERL_Shopping_Dataset\26_3_crop.mp4,train,4,Inspect Shelf,2597,2678,30.0,4079
3465,26_3,dataset\raw\Videos_MERL_Shopping_Dataset\26_3_crop.mp4,train,4,Inspect Shelf,2762,2829,30.0,4079
3466,26_3,dataset\raw\Videos_MERL_Shopping_Dataset\26_3_crop.mp4,train,4,Inspect Shelf,3027,3116,30.0,4079
3467,26_3,dataset\raw\Videos_MERL_Shopping_Dataset\26_3_crop.mp4,train,4,Inspect Shelf,3117,3201,30.0,4079
3468,26_3,dataset\raw\Videos_MERL_Shopping_Dataset\26_3_crop.mp4,train,4,Inspect Shelf,3444,3482,30.0,4079
3469,27_1,dataset\raw\Videos_MERL_Shopping_Dataset\27_1_crop.mp4,train,0,Reach to Shelf,229,267,30.0,4063
3470,27_1,dataset\raw\Videos_MERL_Shopping_Dataset\27_1_crop.mp4,train,0,Reach to Shelf,636,666,30.0,4063
3471,27_1,dataset\raw\Videos_MERL_Shopping_Dataset\27_1_crop.mp4,train,0,Reach to Shelf,1287,1319,30.0,4063
3472,27_1,dataset\raw\Videos_MERL_Shopping_Dataset\27_1_crop.mp4,train,0,Reach to Shelf,2201,2226,30.0,4063
3473,27_1,dataset\raw\Videos_MERL_Shopping_Dataset\27_1_crop.mp4,train,0,Reach to Shelf,2388,2418,30.0,4063
3474,27_1,dataset\raw\Videos_MERL_Shopping_Dataset\27_1_crop.mp4,train,0,Reach to Shelf,2816,2840,30.0,4063
3475,27_1,dataset\raw\Videos_MERL_Shopping_Dataset\27_1_crop.mp4,train,0,Reach to Shelf,3583,3605,30.0,4063
3476,27_1,dataset\raw\Videos_MERL_Shopping_Dataset\27_1_crop.mp4,train,0,Reach to Shelf,428,481,30.0,4063
3477,27_1,dataset\raw\Videos_MERL_Shopping_Dataset\27_1_crop.mp4,train,0,Reach to Shelf,924,964,30.0,4063
3478,27_1,dataset\raw\Videos_MERL_Shopping_Dataset\27_1_crop.mp4,train,0,Reach to Shelf,2261,2311,30.0,4063
3479,27_1,dataset\raw\Videos_MERL_Shopping_Dataset\27_1_crop.mp4,train,0,Reach to Shelf,2577,2602,30.0,4063
3480,27_1,dataset\raw\Videos_MERL_Shopping_Dataset\27_1_crop.mp4,train,0,Reach to Shelf,3115,3164,30.0,4063
3481,27_1,dataset\raw\Videos_MERL_Shopping_Dataset\27_1_crop.mp4,train,0,Reach to Shelf,3538,3563,30.0,4063
3482,27_1,dataset\raw\Videos_MERL_Shopping_Dataset\27_1_crop.mp4,train,1,Retract from Shelf,484,510,30.0,4063
3483,27_1,dataset\raw\Videos_MERL_Shopping_Dataset\27_1_crop.mp4,train,1,Retract from Shelf,964,996,30.0,4063
3484,27_1,dataset\raw\Videos_MERL_Shopping_Dataset\27_1_crop.mp4,train,1,Retract from Shelf,2311,2339,30.0,4063
3485,27_1,dataset\raw\Videos_MERL_Shopping_Dataset\27_1_crop.mp4,train,1,Retract from Shelf,2607,2640,30.0,4063
3486,27_1,dataset\raw\Videos_MERL_Shopping_Dataset\27_1_crop.mp4,train,1,Retract from Shelf,3564,3582,30.0,4063
3487,27_1,dataset\raw\Videos_MERL_Shopping_Dataset\27_1_crop.mp4,train,1,Retract from Shelf,3751,3769,30.0,4063
3488,27_1,dataset\raw\Videos_MERL_Shopping_Dataset\27_1_crop.mp4,train,1,Retract from Shelf,269,308,30.0,4063
3489,27_1,dataset\raw\Videos_MERL_Shopping_Dataset\27_1_crop.mp4,train,1,Retract from Shelf,667,715,30.0,4063
3490,27_1,dataset\raw\Videos_MERL_Shopping_Dataset\27_1_crop.mp4,train,1,Retract from Shelf,1324,1363,30.0,4063
3491,27_1,dataset\raw\Videos_MERL_Shopping_Dataset\27_1_crop.mp4,train,1,Retract from Shelf,2229,2258,30.0,4063
3492,27_1,dataset\raw\Videos_MERL_Shopping_Dataset\27_1_crop.mp4,train,1,Retract from Shelf,2423,2454,30.0,4063
3493,27_1,dataset\raw\Videos_MERL_Shopping_Dataset\27_1_crop.mp4,train,1,Retract from Shelf,2840,2917,30.0,4063
3494,27_1,dataset\raw\Videos_MERL_Shopping_Dataset\27_1_crop.mp4,train,1,Retract from Shelf,3202,3242,30.0,4063
3495,27_1,dataset\raw\Videos_MERL_Shopping_Dataset\27_1_crop.mp4,train,2,Hand in Shelf,3165,3202,30.0,4063
3496,27_1,dataset\raw\Videos_MERL_Shopping_Dataset\27_1_crop.mp4,train,2,Hand in Shelf,3605,3694,30.0,4063
3497,27_1,dataset\raw\Videos_MERL_Shopping_Dataset\27_1_crop.mp4,train,2,Hand in Shelf,3695,3749,30.0,4063
3498,27_1,dataset\raw\Videos_MERL_Shopping_Dataset\27_1_crop.mp4,train,3,Inspect Product,311,400,30.0,4063
3499,27_1,dataset\raw\Videos_MERL_Shopping_Dataset\27_1_crop.mp4,train,3,Inspect Product,401,422,30.0,4063
3500,27_1,dataset\raw\Videos_MERL_Shopping_Dataset\27_1_crop.mp4,train,3,Inspect Product,718,807,30.0,4063
3501,27_1,dataset\raw\Videos_MERL_Shopping_Dataset\27_1_crop.mp4,train,3,Inspect Product,808,897,30.0,4063
3502,27_1,dataset\raw\Videos_MERL_Shopping_Dataset\27_1_crop.mp4,train,3,Inspect Product,898,923,30.0,4063
3503,27_1,dataset\raw\Videos_MERL_Shopping_Dataset\27_1_crop.mp4,train,3,Inspect Product,1368,1457,30.0,4063
3504,27_1,dataset\raw\Videos_MERL_Shopping_Dataset\27_1_crop.mp4,train,3,Inspect Product,1458,1547,30.0,4063
3505,27_1,dataset\raw\Videos_MERL_Shopping_Dataset\27_1_crop.mp4,train,3,Inspect Product,1548,1637,30.0,4063
3506,27_1,dataset\raw\Videos_MERL_Shopping_Dataset\27_1_crop.mp4,train,3,Inspect Product,1638,1689,30.0,4063
3507,27_1,dataset\raw\Videos_MERL_Shopping_Dataset\27_1_crop.mp4,train,3,Inspect Product,2454,2543,30.0,4063
3508,27_1,dataset\raw\Videos_MERL_Shopping_Dataset\27_1_crop.mp4,train,3,Inspect Product,2544,2575,30.0,4063
3509,27_1,dataset\raw\Videos_MERL_Shopping_Dataset\27_1_crop.mp4,train,3,Inspect Product,2919,3008,30.0,4063
3510,27_1,dataset\raw\Videos_MERL_Shopping_Dataset\27_1_crop.mp4,train,3,Inspect Product,3009,3098,30.0,4063
3511,27_1,dataset\raw\Videos_MERL_Shopping_Dataset\27_1_crop.mp4,train,3,Inspect Product,3099,3114,30.0,4063
3512,27_1,dataset\raw\Videos_MERL_Shopping_Dataset\27_1_crop.mp4,train,3,Inspect Product,3243,3332,30.0,4063
3513,27_1,dataset\raw\Videos_MERL_Shopping_Dataset\27_1_crop.mp4,train,3,Inspect Product,3333,3422,30.0,4063
3514,27_1,dataset\raw\Videos_MERL_Shopping_Dataset\27_1_crop.mp4,train,3,Inspect Product,3423,3512,30.0,4063
3515,27_1,dataset\raw\Videos_MERL_Shopping_Dataset\27_1_crop.mp4,train,3,Inspect Product,3513,3537,30.0,4063
3516,27_1,dataset\raw\Videos_MERL_Shopping_Dataset\27_1_crop.mp4,train,4,Inspect Shelf,521,610,30.0,4063
3517,27_1,dataset\raw\Videos_MERL_Shopping_Dataset\27_1_crop.mp4,train,4,Inspect Shelf,611,632,30.0,4063
3518,27_1,dataset\raw\Videos_MERL_Shopping_Dataset\27_1_crop.mp4,train,4,Inspect Shelf,996,1085,30.0,4063
3519,27_1,dataset\raw\Videos_MERL_Shopping_Dataset\27_1_crop.mp4,train,4,Inspect Shelf,1086,1175,30.0,4063
3520,27_1,dataset\raw\Videos_MERL_Shopping_Dataset\27_1_crop.mp4,train,4,Inspect Shelf,1176,1265,30.0,4063
3521,27_1,dataset\raw\Videos_MERL_Shopping_Dataset\27_1_crop.mp4,train,4,Inspect Shelf,1266,1287,30.0,4063
3522,27_1,dataset\raw\Videos_MERL_Shopping_Dataset\27_1_crop.mp4,train,4,Inspect Shelf,2113,2200,30.0,4063
3523,27_1,dataset\raw\Videos_MERL_Shopping_Dataset\27_1_crop.mp4,train,4,Inspect Shelf,2341,2388,30.0,4063
3524,27_1,dataset\raw\Videos_MERL_Shopping_Dataset\27_1_crop.mp4,train,4,Inspect Shelf,2641,2730,30.0,4063
3525,27_1,dataset\raw\Videos_MERL_Shopping_Dataset\27_1_crop.mp4,train,4,Inspect Shelf,2731,2814,30.0,4063
3526,27_2,dataset\raw\Videos_MERL_Shopping_Dataset\27_2_crop.mp4,train,0,Reach to Shelf,658,693,30.0,4087
3527,27_2,dataset\raw\Videos_MERL_Shopping_Dataset\27_2_crop.mp4,train,0,Reach to Shelf,1149,1177,30.0,4087
3528,27_2,dataset\raw\Videos_MERL_Shopping_Dataset\27_2_crop.mp4,train,0,Reach to Shelf,1219,1249,30.0,4087
3529,27_2,dataset\raw\Videos_MERL_Shopping_Dataset\27_2_crop.mp4,train,0,Reach to Shelf,1659,1689,30.0,4087
3530,27_2,dataset\raw\Videos_MERL_Shopping_Dataset\27_2_crop.mp4,train,0,Reach to Shelf,2330,2366,30.0,4087
3531,27_2,dataset\raw\Videos_MERL_Shopping_Dataset\27_2_crop.mp4,train,0,Reach to Shelf,2659,2677,30.0,4087
3532,27_2,dataset\raw\Videos_MERL_Shopping_Dataset\27_2_crop.mp4,train,0,Reach to Shelf,3007,3049,30.0,4087
3533,27_2,dataset\raw\Videos_MERL_Shopping_Dataset\27_2_crop.mp4,train,0,Reach to Shelf,3219,3264,30.0,4087
3534,27_2,dataset\raw\Videos_MERL_Shopping_Dataset\27_2_crop.mp4,train,0,Reach to Shelf,3445,3498,30.0,4087
3535,27_2,dataset\raw\Videos_MERL_Shopping_Dataset\27_2_crop.mp4,train,0,Reach to Shelf,957,1024,30.0,4087
3536,27_2,dataset\raw\Videos_MERL_Shopping_Dataset\27_2_crop.mp4,train,0,Reach to Shelf,1501,1548,30.0,4087
3537,27_2,dataset\raw\Videos_MERL_Shopping_Dataset\27_2_crop.mp4,train,0,Reach to Shelf,1875,1910,30.0,4087
3538,27_2,dataset\raw\Videos_MERL_Shopping_Dataset\27_2_crop.mp4,train,0,Reach to Shelf,2571,2639,30.0,4087
3539,27_2,dataset\raw\Videos_MERL_Shopping_Dataset\27_2_crop.mp4,train,0,Reach to Shelf,2811,2860,30.0,4087
3540,27_2,dataset\raw\Videos_MERL_Shopping_Dataset\27_2_crop.mp4,train,0,Reach to Shelf,3131,3151,30.0,4087
3541,27_2,dataset\raw\Videos_MERL_Shopping_Dataset\27_2_crop.mp4,train,0,Reach to Shelf,3323,3379,30.0,4087
3542,27_2,dataset\raw\Videos_MERL_Shopping_Dataset\27_2_crop.mp4,train,0,Reach to Shelf,3787,3838,30.0,4087
3543,27_2,dataset\raw\Videos_MERL_Shopping_Dataset\27_2_crop.mp4,train,0,Reach to Shelf,3861,3879,30.0,4087
3544,27_2,dataset\raw\Videos_MERL_Shopping_Dataset\27_2_crop.mp4,train,1,Retract from Shelf,1029,1070,30.0,4087
3545,27_2,dataset\raw\Videos_MERL_Shopping_Dataset\27_2_crop.mp4,train,1,Retract from Shelf,1204,1219,30.0,4087
3546,27_2,dataset\raw\Videos_MERL_Shopping_Dataset\27_2_crop.mp4,train,1,Retract from Shelf,1549,1581,30.0,4087
3547,27_2,dataset\raw\Videos_MERL_Shopping_Dataset\27_2_crop.mp4,train,1,Retract from Shelf,1914,1939,30.0,4087
3548,27_2,dataset\raw\Videos_MERL_Shopping_Dataset\27_2_crop.mp4,train,1,Retract from Shelf,2640,2659,30.0,4087
3549,27_2,dataset\raw\Videos_MERL_Shopping_Dataset\27_2_crop.mp4,train,1,Retract from Shelf,2863,2897,30.0,4087
3550,27_2,dataset\raw\Videos_MERL_Shopping_Dataset\27_2_crop.mp4,train,1,Retract from Shelf,3152,3186,30.0,4087
3551,27_2,dataset\raw\Videos_MERL_Shopping_Dataset\27_2_crop.mp4,train,1,Retract from Shelf,3382,3412,30.0,4087
3552,27_2,dataset\raw\Videos_MERL_Shopping_Dataset\27_2_crop.mp4,train,1,Retract from Shelf,3905,3920,30.0,4087
3553,27_2,dataset\raw\Videos_MERL_Shopping_Dataset\27_2_crop.mp4,train,1,Retract from Shelf,695,743,30.0,4087
3554,27_2,dataset\raw\Videos_MERL_Shopping_Dataset\27_2_crop.mp4,train,1,Retract from Shelf,1252,1294,30.0,4087
3555,27_2,dataset\raw\Videos_MERL_Shopping_Dataset\27_2_crop.mp4,train,1,Retract from Shelf,1692,1743,30.0,4087
3556,27_2,dataset\raw\Videos_MERL_Shopping_Dataset\27_2_crop.mp4,train,1,Retract from Shelf,2373,2421,30.0,4087
3557,27_2,dataset\raw\Videos_MERL_Shopping_Dataset\27_2_crop.mp4,train,1,Retract from Shelf,2697,2748,30.0,4087
3558,27_2,dataset\raw\Videos_MERL_Shopping_Dataset\27_2_crop.mp4,train,1,Retract from Shelf,3051,3104,30.0,4087
3559,27_2,dataset\raw\Videos_MERL_Shopping_Dataset\27_2_crop.mp4,train,1,Retract from Shelf,3266,3323,30.0,4087
3560,27_2,dataset\raw\Videos_MERL_Shopping_Dataset\27_2_crop.mp4,train,1,Retract from Shelf,3500,3583,30.0,4087
3561,27_2,dataset\raw\Videos_MERL_Shopping_Dataset\27_2_crop.mp4,train,2,Hand in Shelf,1180,1204,30.0,4087
3562,27_2,dataset\raw\Videos_MERL_Shopping_Dataset\27_2_crop.mp4,train,2,Hand in Shelf,2677,2696,30.0,4087
3563,27_2,dataset\raw\Videos_MERL_Shopping_Dataset\27_2_crop.mp4,train,2,Hand in Shelf,3839,3905,30.0,4087
3564,27_2,dataset\raw\Videos_MERL_Shopping_Dataset\27_2_crop.mp4,train,3,Inspect Product,749,838,30.0,4087
3565,27_2,dataset\raw\Videos_MERL_Shopping_Dataset\27_2_crop.mp4,train,3,Inspect Product,839,928,30.0,4087
3566,27_2,dataset\raw\Videos_MERL_Shopping_Dataset\27_2_crop.mp4,train,3,Inspect Product,929,955,30.0,4087
3567,27_2,dataset\raw\Videos_MERL_Shopping_Dataset\27_2_crop.mp4,train,3,Inspect Product,1298,1387,30.0,4087
3568,27_2,dataset\raw\Videos_MERL_Shopping_Dataset\27_2_crop.mp4,train,3,Inspect Product,1388,1477,30.0,4087
3569,27_2,dataset\raw\Videos_MERL_Shopping_Dataset\27_2_crop.mp4,train,3,Inspect Product,1478,1501,30.0,4087
3570,27_2,dataset\raw\Videos_MERL_Shopping_Dataset\27_2_crop.mp4,train,3,Inspect Product,1747,1836,30.0,4087
3571,27_2,dataset\raw\Videos_MERL_Shopping_Dataset\27_2_crop.mp4,train,3,Inspect Product,1837,1873,30.0,4087
3572,27_2,dataset\raw\Videos_MERL_Shopping_Dataset\27_2_crop.mp4,train,3,Inspect Product,2425,2514,30.0,4087
3573,27_2,dataset\raw\Videos_MERL_Shopping_Dataset\27_2_crop.mp4,train,3,Inspect Product,2515,2570,30.0,4087
3574,27_2,dataset\raw\Videos_MERL_Shopping_Dataset\27_2_crop.mp4,train,3,Inspect Product,2751,2811,30.0,4087
3575,27_2,dataset\raw\Videos_MERL_Shopping_Dataset\27_2_crop.mp4,train,3,Inspect Product,3103,3130,30.0,4087
3576,27_2,dataset\raw\Videos_MERL_Shopping_Dataset\27_2_crop.mp4,train,3,Inspect Product,3584,3673,30.0,4087
3577,27_2,dataset\raw\Videos_MERL_Shopping_Dataset\27_2_crop.mp4,train,3,Inspect Product,3674,3763,30.0,4087
3578,27_2,dataset\raw\Videos_MERL_Shopping_Dataset\27_2_crop.mp4,train,3,Inspect Product,3764,3784,30.0,4087
3579,27_2,dataset\raw\Videos_MERL_Shopping_Dataset\27_2_crop.mp4,train,4,Inspect Shelf,194,283,30.0,4087
3580,27_2,dataset\raw\Videos_MERL_Shopping_Dataset\27_2_crop.mp4,train,4,Inspect Shelf,284,373,30.0,4087
3581,27_2,dataset\raw\Videos_MERL_Shopping_Dataset\27_2_crop.mp4,train,4,Inspect Shelf,374,463,30.0,4087
3582,27_2,dataset\raw\Videos_MERL_Shopping_Dataset\27_2_crop.mp4,train,4,Inspect Shelf,464,553,30.0,4087
3583,27_2,dataset\raw\Videos_MERL_Shopping_Dataset\27_2_crop.mp4,train,4,Inspect Shelf,554,643,30.0,4087
3584,27_2,dataset\raw\Videos_MERL_Shopping_Dataset\27_2_crop.mp4,train,4,Inspect Shelf,644,658,30.0,4087
3585,27_2,dataset\raw\Videos_MERL_Shopping_Dataset\27_2_crop.mp4,train,4,Inspect Shelf,1071,1149,30.0,4087
3586,27_2,dataset\raw\Videos_MERL_Shopping_Dataset\27_2_crop.mp4,train,4,Inspect Shelf,1582,1658,30.0,4087
3587,27_2,dataset\raw\Videos_MERL_Shopping_Dataset\27_2_crop.mp4,train,4,Inspect Shelf,2298,2331,30.0,4087
3588,27_2,dataset\raw\Videos_MERL_Shopping_Dataset\27_2_crop.mp4,train,4,Inspect Shelf,2899,2988,30.0,4087
3589,27_2,dataset\raw\Videos_MERL_Shopping_Dataset\27_2_crop.mp4,train,4,Inspect Shelf,2989,3003,30.0,4087
3590,27_2,dataset\raw\Videos_MERL_Shopping_Dataset\27_2_crop.mp4,train,4,Inspect Shelf,3188,3219,30.0,4087
3591,27_2,dataset\raw\Videos_MERL_Shopping_Dataset\27_2_crop.mp4,train,4,Inspect Shelf,3412,3444,30.0,4087
3592,27_3,dataset\raw\Videos_MERL_Shopping_Dataset\27_3_crop.mp4,train,0,Reach to Shelf,312,344,30.0,4060
3593,27_3,dataset\raw\Videos_MERL_Shopping_Dataset\27_3_crop.mp4,train,0,Reach to Shelf,629,654,30.0,4060
3594,27_3,dataset\raw\Videos_MERL_Shopping_Dataset\27_3_crop.mp4,train,0,Reach to Shelf,895,940,30.0,4060
3595,27_3,dataset\raw\Videos_MERL_Shopping_Dataset\27_3_crop.mp4,train,0,Reach to Shelf,1319,1354,30.0,4060
3596,27_3,dataset\raw\Videos_MERL_Shopping_Dataset\27_3_crop.mp4,train,0,Reach to Shelf,1623,1676,30.0,4060
3597,27_3,dataset\raw\Videos_MERL_Shopping_Dataset\27_3_crop.mp4,train,0,Reach to Shelf,2333,2371,30.0,4060
3598,27_3,dataset\raw\Videos_MERL_Shopping_Dataset\27_3_crop.mp4,train,0,Reach to Shelf,2599,2662,30.0,4060
3599,27_3,dataset\raw\Videos_MERL_Shopping_Dataset\27_3_crop.mp4,train,0,Reach to Shelf,2843,2866,30.0,4060
3600,27_3,dataset\raw\Videos_MERL_Shopping_Dataset\27_3_crop.mp4,train,0,Reach to Shelf,2979,3030,30.0,4060
3601,27_3,dataset\raw\Videos_MERL_Shopping_Dataset\27_3_crop.mp4,train,0,Reach to Shelf,3211,3254,30.0,4060
3602,27_3,dataset\raw\Videos_MERL_Shopping_Dataset\27_3_crop.mp4,train,0,Reach to Shelf,3458,3487,30.0,4060
3603,27_3,dataset\raw\Videos_MERL_Shopping_Dataset\27_3_crop.mp4,train,0,Reach to Shelf,3684,3732,30.0,4060
3604,27_3,dataset\raw\Videos_MERL_Shopping_Dataset\27_3_crop.mp4,train,0,Reach to Shelf,843,889,30.0,4060
3605,27_3,dataset\raw\Videos_MERL_Shopping_Dataset\27_3_crop.mp4,train,0,Reach to Shelf,2781,2826,30.0,4060
3606,27_3,dataset\raw\Videos_MERL_Shopping_Dataset\27_3_crop.mp4,train,0,Reach to Shelf,3561,3593,30.0,4060
3607,27_3,dataset\raw\Videos_MERL_Shopping_Dataset\27_3_crop.mp4,train,0,Reach to Shelf,3847,3890,30.0,4060
3608,27_3,dataset\raw\Videos_MERL_Shopping_Dataset\27_3_crop.mp4,train,1,Retract from Shelf,2911,2941,30.0,4060
3609,27_3,dataset\raw\Videos_MERL_Shopping_Dataset\27_3_crop.mp4,train,1,Retract from Shelf,3598,3641,30.0,4060
3610,27_3,dataset\raw\Videos_MERL_Shopping_Dataset\27_3_crop.mp4,train,1,Retract from Shelf,3891,3909,30.0,4060
3611,27_3,dataset\raw\Videos_MERL_Shopping_Dataset\27_3_crop.mp4,train,1,Retract from Shelf,464,490,30.0,4060
3612,27_3,dataset\raw\Videos_MERL_Shopping_Dataset\27_3_crop.mp4,train,1,Retract from Shelf,704,738,30.0,4060
3613,27_3,dataset\raw\Videos_MERL_Shopping_Dataset\27_3_crop.mp4,train,1,Retract from Shelf,1000,1054,30.0,4060
3614,27_3,dataset\raw\Videos_MERL_Shopping_Dataset\27_3_crop.mp4,train,1,Retract from Shelf,1383,1431,30.0,4060
3615,27_3,dataset\raw\Videos_MERL_Shopping_Dataset\27_3_crop.mp4,train,1,Retract from Shelf,1702,1745,30.0,4060
3616,27_3,dataset\raw\Videos_MERL_Shopping_Dataset\27_3_crop.mp4,train,1,Retract from Shelf,2373,2399,30.0,4060
3617,27_3,dataset\raw\Videos_MERL_Shopping_Dataset\27_3_crop.mp4,train,1,Retract from Shelf,2712,2756,30.0,4060
3618,27_3,dataset\raw\Videos_MERL_Shopping_Dataset\27_3_crop.mp4,train,1,Retract from Shelf,3033,3076,30.0,4060
3619,27_3,dataset\raw\Videos_MERL_Shopping_Dataset\27_3_crop.mp4,train,1,Retract from Shelf,3262,3294,30.0,4060
3620,27_3,dataset\raw\Videos_MERL_Shopping_Dataset\27_3_crop.mp4,train,1,Retract from Shelf,3488,3512,30.0,4060
3621,27_3,dataset\raw\Videos_MERL_Shopping_Dataset\27_3_crop.mp4,train,1,Retract from Shelf,3734,3784,30.0,4060
3622,27_3,dataset\raw\Videos_MERL_Shopping_Dataset\27_3_crop.mp4,train,2,Hand in Shelf,351,440,30.0,4060
3623,27_3,dataset\raw\Videos_MERL_Shopping_Dataset\27_3_crop.mp4,train,2,Hand in Shelf,441,465,30.0,4060
3624,27_3,dataset\raw\Videos_MERL_Shopping_Dataset\27_3_crop.mp4,train,2,Hand in Shelf,658,702,30.0,4060
3625,27_3,dataset\raw\Videos_MERL_Shopping_Dataset\27_3_crop.mp4,train,2,Hand in Shelf,939,998,30.0,4060
3626,27_3,dataset\raw\Videos_MERL_Shopping_Dataset\27_3_crop.mp4,train,2,Hand in Shelf,1353,1383,30.0,4060
3627,27_3,dataset\raw\Videos_MERL_Shopping_Dataset\27_3_crop.mp4,train,2,Hand in Shelf,1676,1701,30.0,4060
3628,27_3,dataset\raw\Videos_MERL_Shopping_Dataset\27_3_crop.mp4,train,2,Hand in Shelf,2664,2712,30.0,4060
3629,27_3,dataset\raw\Videos_MERL_Shopping_Dataset\27_3_crop.mp4,train,2,Hand in Shelf,2826,2842,30.0,4060
3630,27_3,dataset\raw\Videos_MERL_Shopping_Dataset\27_3_crop.mp4,train,2,Hand in Shelf,2866,2909,30.0,4060
3631,27_3,dataset\raw\Videos_MERL_Shopping_Dataset\27_3_crop.mp4,train,3,Inspect Product,495,513,30.0,4060
3632,27_3,dataset\raw\Videos_MERL_Shopping_Dataset\27_3_crop.mp4,train,3,Inspect Product,742,831,30.0,4060
3633,27_3,dataset\raw\Videos_MERL_Shopping_Dataset\27_3_crop.mp4,train,3,Inspect Product,1057,1146,30.0,4060
3634,27_3,dataset\raw\Videos_MERL_Shopping_Dataset\27_3_crop.mp4,train,3,Inspect Product,1147,1176,30.0,4060
3635,27_3,dataset\raw\Videos_MERL_Shopping_Dataset\27_3_crop.mp4,train,3,Inspect Product,1433,1469,30.0,4060
3636,27_3,dataset\raw\Videos_MERL_Shopping_Dataset\27_3_crop.mp4,train,3,Inspect Product,2462,2520,30.0,4060
3637,27_3,dataset\raw\Videos_MERL_Shopping_Dataset\27_3_crop.mp4,train,3,Inspect Product,2758,2778,30.0,4060
3638,27_3,dataset\raw\Videos_MERL_Shopping_Dataset\27_3_crop.mp4,train,3,Inspect Product,3079,3141,30.0,4060
3639,27_3,dataset\raw\Videos_MERL_Shopping_Dataset\27_3_crop.mp4,train,3,Inspect Product,3512,3559,30.0,4060
3640,27_3,dataset\raw\Videos_MERL_Shopping_Dataset\27_3_crop.mp4,train,3,Inspect Product,3786,3846,30.0,4060
3641,27_3,dataset\raw\Videos_MERL_Shopping_Dataset\27_3_crop.mp4,train,4,Inspect Shelf,217,306,30.0,4060
3642,27_3,dataset\raw\Videos_MERL_Shopping_Dataset\27_3_crop.mp4,train,4,Inspect Shelf,560,624,30.0,4060
3643,27_3,dataset\raw\Videos_MERL_Shopping_Dataset\27_3_crop.mp4,train,4,Inspect Shelf,1237,1315,30.0,4060
3644,27_3,dataset\raw\Videos_MERL_Shopping_Dataset\27_3_crop.mp4,train,4,Inspect Shelf,1503,1592,30.0,4060
3645,27_3,dataset\raw\Videos_MERL_Shopping_Dataset\27_3_crop.mp4,train,4,Inspect Shelf,1593,1620,30.0,4060
3646,27_3,dataset\raw\Videos_MERL_Shopping_Dataset\27_3_crop.mp4,train,4,Inspect Shelf,2225,2314,30.0,4060
3647,27_3,dataset\raw\Videos_MERL_Shopping_Dataset\27_3_crop.mp4,train,4,Inspect Shelf,2315,2331,30.0,4060
3648,27_3,dataset\raw\Videos_MERL_Shopping_Dataset\27_3_crop.mp4,train,4,Inspect Shelf,2561,2594,30.0,4060
3649,27_3,dataset\raw\Videos_MERL_Shopping_Dataset\27_3_crop.mp4,train,4,Inspect Shelf,2944,2977,30.0,4060
3650,27_3,dataset\raw\Videos_MERL_Shopping_Dataset\27_3_crop.mp4,train,4,Inspect Shelf,3179,3208,30.0,4060
3651,27_3,dataset\raw\Videos_MERL_Shopping_Dataset\27_3_crop.mp4,train,4,Inspect Shelf,3295,3384,30.0,4060
3652,27_3,dataset\raw\Videos_MERL_Shopping_Dataset\27_3_crop.mp4,train,4,Inspect Shelf,3385,3458,30.0,4060
3653,27_3,dataset\raw\Videos_MERL_Shopping_Dataset\27_3_crop.mp4,train,4,Inspect Shelf,3645,3681,30.0,4060
3869,29_2,dataset\raw\Videos_MERL_Shopping_Dataset\29_2_crop.mp4,train,0,Reach to Shelf,255,305,30.0,4571
3870,29_2,dataset\raw\Videos_MERL_Shopping_Dataset\29_2_crop.mp4,train,0,Reach to Shelf,730,761,30.0,4571
3871,29_2,dataset\raw\Videos_MERL_Shopping_Dataset\29_2_crop.mp4,train,0,Reach to Shelf,1278,1331,30.0,4571
3872,29_2,dataset\raw\Videos_MERL_Shopping_Dataset\29_2_crop.mp4,train,0,Reach to Shelf,1465,1491,30.0,4571
3873,29_2,dataset\raw\Videos_MERL_Shopping_Dataset\29_2_crop.mp4,train,0,Reach to Shelf,2288,2315,30.0,4571
3874,29_2,dataset\raw\Videos_MERL_Shopping_Dataset\29_2_crop.mp4,train,0,Reach to Shelf,2342,2362,30.0,4571
3875,29_2,dataset\raw\Videos_MERL_Shopping_Dataset\29_2_crop.mp4,train,0,Reach to Shelf,3483,3510,30.0,4571
3876,29_2,dataset\raw\Videos_MERL_Shopping_Dataset\29_2_crop.mp4,train,0,Reach to Shelf,3964,4019,30.0,4571
3877,29_2,dataset\raw\Videos_MERL_Shopping_Dataset\29_2_crop.mp4,train,0,Reach to Shelf,652,693,30.0,4571
3878,29_2,dataset\raw\Videos_MERL_Shopping_Dataset\29_2_crop.mp4,train,0,Reach to Shelf,1964,1993,30.0,4571
3879,29_2,dataset\raw\Videos_MERL_Shopping_Dataset\29_2_crop.mp4,train,0,Reach to Shelf,2636,2672,30.0,4571
3880,29_2,dataset\raw\Videos_MERL_Shopping_Dataset\29_2_crop.mp4,train,0,Reach to Shelf,2859,2894,30.0,4571
3881,29_2,dataset\raw\Videos_MERL_Shopping_Dataset\29_2_crop.mp4,train,0,Reach to Shelf,3040,3068,30.0,4571
3882,29_2,dataset\raw\Videos_MERL_Shopping_Dataset\29_2_crop.mp4,train,0,Reach to Shelf,3071,3117,30.0,4571
3883,29_2,dataset\raw\Videos_MERL_Shopping_Dataset\29_2_crop.mp4,train,0,Reach to Shelf,3212,3247,30.0,4571
3884,29_2,dataset\raw\Videos_MERL_Shopping_Dataset\29_2_crop.mp4,train,0,Reach to Shelf,3338,3370,30.0,4571
3885,29_2,dataset\raw\Videos_MERL_Shopping_Dataset\29_2_crop.mp4,train,0,Reach to Shelf,4317,4359,30.0,4571
3886,29_2,dataset\raw\Videos_MERL_Shopping_Dataset\29_2_crop.mp4,train,1,Retract from Shelf,946,997,30.0,4571
3887,29_2,dataset\raw\Videos_MERL_Shopping_Dataset\29_2_crop.mp4,train,1,Retract from Shelf,1371,1422,30.0,4571
3888,29_2,dataset\raw\Videos_MERL_Shopping_Dataset\29_2_crop.mp4,train,1,Retract from Shelf,1994,2025,30.0,4571
3889,29_2,dataset\raw\Videos_MERL_Shopping_Dataset\29_2_crop.mp4,train,1,Retract from Shelf,3371,3402,30.0,4571
3890,29_2,dataset\raw\Videos_MERL_Shopping_Dataset\29_2_crop.mp4,train,1,Retract from Shelf,3511,3551,30.0,4571
3891,29_2,dataset\raw\Videos_MERL_Shopping_Dataset\29_2_crop.mp4,train,1,Retract from Shelf,4359,4378,30.0,4571
3892,29_2,dataset\raw\Videos_MERL_Shopping_Dataset\29_2_crop.mp4,train,1,Retract from Shelf,305,340,30.0,4571
3893,29_2,dataset\raw\Videos_MERL_Shopping_Dataset\29_2_crop.mp4,train,1,Retract from Shelf,1492,1517,30.0,4571
3894,29_2,dataset\raw\Videos_MERL_Shopping_Dataset\29_2_crop.mp4,train,1,Retract from Shelf,1522,1552,30.0,4571
3895,29_2,dataset\raw\Videos_MERL_Shopping_Dataset\29_2_crop.mp4,train,1,Retract from Shelf,2314,2340,30.0,4571
3896,29_2,dataset\raw\Videos_MERL_Shopping_Dataset\29_2_crop.mp4,train,1,Retract from Shelf,2362,2393,30.0,4571
3897,29_2,dataset\raw\Videos_MERL_Shopping_Dataset\29_2_crop.mp4,train,1,Retract from Shelf,2705,2721,30.0,4571
3898,29_2,dataset\raw\Videos_MERL_Shopping_Dataset\29_2_crop.mp4,train,1,Retract from Shelf,2980,3013,30.0,4571
3899,29_2,dataset\raw\Videos_MERL_Shopping_Dataset\29_2_crop.mp4,train,1,Retract from Shelf,3118,3147,30.0,4571
3900,29_2,dataset\raw\Videos_MERL_Shopping_Dataset\29_2_crop.mp4,train,1,Retract from Shelf,3278,3312,30.0,4571
3901,29_2,dataset\raw\Videos_MERL_Shopping_Dataset\29_2_crop.mp4,train,1,Retract from Shelf,4053,4114,30.0,4571
3902,29_2,dataset\raw\Videos_MERL_Shopping_Dataset\29_2_crop.mp4,train,2,Hand in Shelf,693,727,30.0,4571
3903,29_2,dataset\raw\Videos_MERL_Shopping_Dataset\29_2_crop.mp4,train,2,Hand in Shelf,764,853,30.0,4571
3904,29_2,dataset\raw\Videos_MERL_Shopping_Dataset\29_2_crop.mp4,train,2,Hand in Shelf,854,943,30.0,4571
3905,29_2,dataset\raw\Videos_MERL_Shopping_Dataset\29_2_crop.mp4,train,2,Hand in Shelf,1334,1370,30.0,4571
3906,29_2,dataset\raw\Videos_MERL_Shopping_Dataset\29_2_crop.mp4,train,2,Hand in Shelf,2673,2703,30.0,4571
3907,29_2,dataset\raw\Videos_MERL_Shopping_Dataset\29_2_crop.mp4,train,2,Hand in Shelf,2896,2980,30.0,4571
3908,29_2,dataset\raw\Videos_MERL_Shopping_Dataset\29_2_crop.mp4,train,2,Hand in Shelf,3070,3118,30.0,4571
3909,29_2,dataset\raw\Videos_MERL_Shopping_Dataset\29_2_crop.mp4,train,2,Hand in Shelf,3247,3277,30.0,4571
3910,29_2,dataset\raw\Videos_MERL_Shopping_Dataset\29_2_crop.mp4,train,2,Hand in Shelf,4019,4052,30.0,4571
3911,29_2,dataset\raw\Videos_MERL_Shopping_Dataset\29_2_crop.mp4,train,3,Inspect Product,340,429,30.0,4571
3912,29_2,dataset\raw\Videos_MERL_Shopping_Dataset\29_2_crop.mp4,train,3,Inspect Product,430,519,30.0,4571
3913,29_2,dataset\raw\Videos_MERL_Shopping_Dataset\29_2_crop.mp4,train,3,Inspect Product,520,609,30.0,4571
3914,29_2,dataset\raw\Videos_MERL_Shopping_Dataset\29_2_crop.mp4,train,3,Inspect Product,610,652,30.0,4571
3915,29_2,dataset\raw\Videos_MERL_Shopping_Dataset\29_2_crop.mp4,train,3,Inspect Product,1554,1643,30.0,4571
3916,29_2,dataset\raw\Videos_MERL_Shopping_Dataset\29_2_crop.mp4,train,3,Inspect Product,1644,1733,30.0,4571
3917,29_2,dataset\raw\Videos_MERL_Shopping_Dataset\29_2_crop.mp4,train,3,Inspect Product,1734,1823,30.0,4571
3918,29_2,dataset\raw\Videos_MERL_Shopping_Dataset\29_2_crop.mp4,train,3,Inspect Product,1824,1913,30.0,4571
3919,29_2,dataset\raw\Videos_MERL_Shopping_Dataset\29_2_crop.mp4,train,3,Inspect Product,1914,1964,30.0,4571
3920,29_2,dataset\raw\Videos_MERL_Shopping_Dataset\29_2_crop.mp4,train,3,Inspect Product,2395,2484,30.0,4571
3921,29_2,dataset\raw\Videos_MERL_Shopping_Dataset\29_2_crop.mp4,train,3,Inspect Product,2485,2574,30.0,4571
3922,29_2,dataset\raw\Videos_MERL_Shopping_Dataset\29_2_crop.mp4,train,3,Inspect Product,2575,2636,30.0,4571
3923,29_2,dataset\raw\Videos_MERL_Shopping_Dataset\29_2_crop.mp4,train,3,Inspect Product,2723,2812,30.0,4571
3924,29_2,dataset\raw\Videos_MERL_Shopping_Dataset\29_2_crop.mp4,train,3,Inspect Product,2813,2859,30.0,4571
3925,29_2,dataset\raw\Videos_MERL_Shopping_Dataset\29_2_crop.mp4,train,3,Inspect Product,3014,3038,30.0,4571
3926,29_2,dataset\raw\Videos_MERL_Shopping_Dataset\29_2_crop.mp4,train,3,Inspect Product,3147,3210,30.0,4571
3927,29_2,dataset\raw\Videos_MERL_Shopping_Dataset\29_2_crop.mp4,train,3,Inspect Product,3313,3337,30.0,4571
3928,29_2,dataset\raw\Videos_MERL_Shopping_Dataset\29_2_crop.mp4,train,3,Inspect Product,4115,4204,30.0,4571
3929,29_2,dataset\raw\Videos_MERL_Shopping_Dataset\29_2_crop.mp4,train,3,Inspect Product,4205,4294,30.0,4571
3930,29_2,dataset\raw\Videos_MERL_Shopping_Dataset\29_2_crop.mp4,train,3,Inspect Product,4295,4318,30.0,4571
3931,29_2,dataset\raw\Videos_MERL_Shopping_Dataset\29_2_crop.mp4,train,4,Inspect Shelf,1002,1091,30.0,4571
3932,29_2,dataset\raw\Videos_MERL_Shopping_Dataset\29_2_crop.mp4,train,4,Inspect Shelf,1092,1181,30.0,4571
3933,29_2,dataset\raw\Videos_MERL_Shopping_Dataset\29_2_crop.mp4,train,4,Inspect Shelf,1182,1271,30.0,4571
3934,29_2,dataset\raw\Videos_MERL_Shopping_Dataset\29_2_crop.mp4,train,4,Inspect Shelf,3402,3482,30.0,4571
3935,29_2,dataset\raw\Videos_MERL_Shopping_Dataset\29_2_crop.mp4,train,4,Inspect Shelf,3551,3640,30.0,4571
3936,29_2,dataset\raw\Videos_MERL_Shopping_Dataset\29_2_crop.mp4,train,4,Inspect Shelf,3641,3730,30.0,4571
3937,29_2,dataset\raw\Videos_MERL_Shopping_Dataset\29_2_crop.mp4,train,4,Inspect Shelf,3731,3820,30.0,4571
3938,29_2,dataset\raw\Videos_MERL_Shopping_Dataset\29_2_crop.mp4,train,4,Inspect Shelf,3821,3910,30.0,4571
3939,29_2,dataset\raw\Videos_MERL_Shopping_Dataset\29_2_crop.mp4,train,4,Inspect Shelf,3911,3968,30.0,4571
3940,29_3,dataset\raw\Videos_MERL_Shopping_Dataset\29_3_crop.mp4,train,0,Reach to Shelf,750,775,30.0,5759
3941,29_3,dataset\raw\Videos_MERL_Shopping_Dataset\29_3_crop.mp4,train,0,Reach to Shelf,1282,1315,30.0,5759
3942,29_3,dataset\raw\Videos_MERL_Shopping_Dataset\29_3_crop.mp4,train,0,Reach to Shelf,1734,1761,30.0,5759
3943,29_3,dataset\raw\Videos_MERL_Shopping_Dataset\29_3_crop.mp4,train,0,Reach to Shelf,2599,2625,30.0,5759
3944,29_3,dataset\raw\Videos_MERL_Shopping_Dataset\29_3_crop.mp4,train,0,Reach to Shelf,3480,3511,30.0,5759
3945,29_3,dataset\raw\Videos_MERL_Shopping_Dataset\29_3_crop.mp4,train,0,Reach to Shelf,3970,4006,30.0,5759
3946,29_3,dataset\raw\Videos_MERL_Shopping_Dataset\29_3_crop.mp4,train,0,Reach to Shelf,4343,4381,30.0,5759
3947,29_3,dataset\raw\Videos_MERL_Shopping_Dataset\29_3_crop.mp4,train,0,Reach to Shelf,5168,5207,30.0,5759
3948,29_3,dataset\raw\Videos_MERL_Shopping_Dataset\29_3_crop.mp4,train,0,Reach to Shelf,865,886,30.0,5759
3949,29_3,dataset\raw\Videos_MERL_Shopping_Dataset\29_3_crop.mp4,train,0,Reach to Shelf,1057,1100,30.0,5759
3950,29_3,dataset\raw\Videos_MERL_Shopping_Dataset\29_3_crop.mp4,train,0,Reach to Shelf,3884,3929,30.0,5759
3951,29_3,dataset\raw\Videos_MERL_Shopping_Dataset\29_3_crop.mp4,train,0,Reach to Shelf,5499,5527,30.0,5759
3952,29_3,dataset\raw\Videos_MERL_Shopping_Dataset\29_3_crop.mp4,train,1,Retract from Shelf,1266,1281,30.0,5759
3953,29_3,dataset\raw\Videos_MERL_Shopping_Dataset\29_3_crop.mp4,train,1,Retract from Shelf,1483,1501,30.0,5759
3954,29_3,dataset\raw\Videos_MERL_Shopping_Dataset\29_3_crop.mp4,train,1,Retract from Shelf,2572,2598,30.0,5759
3955,29_3,dataset\raw\Videos_MERL_Shopping_Dataset\29_3_crop.mp4,train,1,Retract from Shelf,2696,2711,30.0,5759
3956,29_3,dataset\raw\Videos_MERL_Shopping_Dataset\29_3_crop.mp4,train,1,Retract from Shelf,3932,3969,30.0,5759
3957,29_3,dataset\raw\Videos_MERL_Shopping_Dataset\29_3_crop.mp4,train,1,Retract from Shelf,4010,4064,30.0,5759
3958,29_3,dataset\raw\Videos_MERL_Shopping_Dataset\29_3_crop.mp4,train,1,Retract from Shelf,5530,5564,30.0,5759
3959,29_3,dataset\raw\Videos_MERL_Shopping_Dataset\29_3_crop.mp4,train,1,Retract from Shelf,781,802,30.0,5759
3960,29_3,dataset\raw\Videos_MERL_Shopping_Dataset\29_3_crop.mp4,train,1,Retract from Shelf,994,1021,30.0,5759
3961,29_3,dataset\raw\Videos_MERL_Shopping_Dataset\29_3_crop.mp4,train,1,Retract from Shelf,3645,3661,30.0,5759
3962,29_3,dataset\raw\Videos_MERL_Shopping_Dataset\29_3_crop.mp4,train,1,Retract from Shelf,4384,4405,30.0,5759
3963,29_3,dataset\raw\Videos_MERL_Shopping_Dataset\29_3_crop.mp4,train,1,Retract from Shelf,5207,5231,30.0,5759
3964,29_3,dataset\raw\Videos_MERL_Shopping_Dataset\29_3_crop.mp4,train,2,Hand in Shelf,887,976,30.0,5759
3965,29_3,dataset\raw\Videos_MERL_Shopping_Dataset\29_3_crop.mp4,train,2,Hand in Shelf,1100,1189,30.0,5759
3966,29_3,dataset\raw\Videos_MERL_Shopping_Dataset\29_3_crop.mp4,train,2,Hand in Shelf,1190,1262,30.0,5759
3967,29_3,dataset\raw\Videos_MERL_Shopping_Dataset\29_3_crop.mp4,train,2,Hand in Shelf,1316,1405,30.0,5759
3968,29_3,dataset\raw\Videos_MERL_Shopping_Dataset\29_3_crop.mp4,train,2,Hand in Shelf,1406,1483,30.0,5759
3969,29_3,dataset\raw\Videos_MERL_Shopping_Dataset\29_3_crop.mp4,train,2,Hand in Shelf,1761,1850,30.0,5759
3970,29_3,dataset\raw\Videos_MERL_Shopping_Dataset\29_3_crop.mp4,train,2,Hand in Shelf,1851,1940,30.0,5759
3971,29_3,dataset\raw\Videos_MERL_Shopping_Dataset\29_3_crop.mp4,train,2,Hand in Shelf,1941,2030,30.0,5759
3972,29_3,dataset\raw\Videos_MERL_Shopping_Dataset\29_3_crop.mp4,train,2,Hand in Shelf,2031,2120,30.0,5759
3973,29_3,dataset\raw\Videos_MERL_Shopping_Dataset\29_3_crop.mp4,train,2,Hand in Shelf,2121,2210,30.0,5759
3974,29_3,dataset\raw\Videos_MERL_Shopping_Dataset\29_3_crop.mp4,train,2,Hand in Shelf,2211,2300,30.0,5759
3975,29_3,dataset\raw\Videos_MERL_Shopping_Dataset\29_3_crop.mp4,train,2,Hand in Shelf,2301,2390,30.0,5759
3976,29_3,dataset\raw\Videos_MERL_Shopping_Dataset\29_3_crop.mp4,train,2,Hand in Shelf,2391,2480,30.0,5759
3977,29_3,dataset\raw\Videos_MERL_Shopping_Dataset\29_3_crop.mp4,train,2,Hand in Shelf,2481,2570,30.0,5759
3978,29_3,dataset\raw\Videos_MERL_Shopping_Dataset\29_3_crop.mp4,train,2,Hand in Shelf,2630,2696,30.0,5759
3979,29_3,dataset\raw\Videos_MERL_Shopping_Dataset\29_3_crop.mp4,train,2,Hand in Shelf,3513,3602,30.0,5759
3980,29_3,dataset\raw\Videos_MERL_Shopping_Dataset\29_3_crop.mp4,train,2,Hand in Shelf,3603,3643,30.0,5759
3981,29_3,dataset\raw\Videos_MERL_Shopping_Dataset\29_3_crop.mp4,train,3,Inspect Product,803,861,30.0,5759
3982,29_3,dataset\raw\Videos_MERL_Shopping_Dataset\29_3_crop.mp4,train,3,Inspect Product,1023,1053,30.0,5759
3983,29_3,dataset\raw\Videos_MERL_Shopping_Dataset\29_3_crop.mp4,train,3,Inspect Product,3665,3754,30.0,5759
3984,29_3,dataset\raw\Videos_MERL_Shopping_Dataset\29_3_crop.mp4,train,3,Inspect Product,3755,3844,30.0,5759
3985,29_3,dataset\raw\Videos_MERL_Shopping_Dataset\29_3_crop.mp4,train,3,Inspect Product,3845,3882,30.0,5759
3986,29_3,dataset\raw\Videos_MERL_Shopping_Dataset\29_3_crop.mp4,train,3,Inspect Product,4407,4496,30.0,5759
3987,29_3,dataset\raw\Videos_MERL_Shopping_Dataset\29_3_crop.mp4,train,3,Inspect Product,4497,4586,30.0,5759
3988,29_3,dataset\raw\Videos_MERL_Shopping_Dataset\29_3_crop.mp4,train,3,Inspect Product,4587,4676,30.0,5759
3989,29_3,dataset\raw\Videos_MERL_Shopping_Dataset\29_3_crop.mp4,train,3,Inspect Product,4677,4738,30.0,5759
3990,29_3,dataset\raw\Videos_MERL_Shopping_Dataset\29_3_crop.mp4,train,3,Inspect Product,5232,5321,30.0,5759
3991,29_3,dataset\raw\Videos_MERL_Shopping_Dataset\29_3_crop.mp4,train,3,Inspect Product,5322,5411,30.0,5759
3992,29_3,dataset\raw\Videos_MERL_Shopping_Dataset\29_3_crop.mp4,train,3,Inspect Product,5412,5499,30.0,5759
3993,29_3,dataset\raw\Videos_MERL_Shopping_Dataset\29_3_crop.mp4,train,4,Inspect Shelf,1503,1592,30.0,5759
3994,29_3,dataset\raw\Videos_MERL_Shopping_Dataset\29_3_crop.mp4,train,4,Inspect Shelf,1593,1682,30.0,5759
3995,29_3,dataset\raw\Videos_MERL_Shopping_Dataset\29_3_crop.mp4,train,4,Inspect Shelf,1683,1733,30.0,5759
3996,29_3,dataset\raw\Videos_MERL_Shopping_Dataset\29_3_crop.mp4,train,4,Inspect Shelf,2712,2801,30.0,5759
3997,29_3,dataset\raw\Videos_MERL_Shopping_Dataset\29_3_crop.mp4,train,4,Inspect Shelf,2802,2819,30.0,5759
3998,29_3,dataset\raw\Videos_MERL_Shopping_Dataset\29_3_crop.mp4,train,4,Inspect Shelf,4093,4182,30.0,5759
3999,29_3,dataset\raw\Videos_MERL_Shopping_Dataset\29_3_crop.mp4,train,4,Inspect Shelf,4183,4272,30.0,5759
4000,29_3,dataset\raw\Videos_MERL_Shopping_Dataset\29_3_crop.mp4,train,4,Inspect Shelf,4273,4342,30.0,5759
4001,29_3,dataset\raw\Videos_MERL_Shopping_Dataset\29_3_crop.mp4,train,4,Inspect Shelf,4739,4828,30.0,5759
4002,29_3,dataset\raw\Videos_MERL_Shopping_Dataset\29_3_crop.mp4,train,4,Inspect Shelf,4829,4918,30.0,5759
4003,29_3,dataset\raw\Videos_MERL_Shopping_Dataset\29_3_crop.mp4,train,4,Inspect Shelf,4919,5008,30.0,5759
4004,29_3,dataset\raw\Videos_MERL_Shopping_Dataset\29_3_crop.mp4,train,4,Inspect Shelf,5009,5098,30.0,5759
4005,29_3,dataset\raw\Videos_MERL_Shopping_Dataset\29_3_crop.mp4,train,4,Inspect Shelf,5099,5169,30.0,5759
4082,2_2,dataset\raw\Videos_MERL_Shopping_Dataset\2_2_crop.mp4,train,0,Reach to Shelf,333,383,30.0,3788
4083,2_2,dataset\raw\Videos_MERL_Shopping_Dataset\2_2_crop.mp4,train,0,Reach to Shelf,517,546,30.0,3788
4084,2_2,dataset\raw\Videos_MERL_Shopping_Dataset\2_2_crop.mp4,train,0,Reach to Shelf,810,830,30.0,3788
4085,2_2,dataset\raw\Videos_MERL_Shopping_Dataset\2_2_crop.mp4,train,0,Reach to Shelf,1075,1110,30.0,3788
4086,2_2,dataset\raw\Videos_MERL_Shopping_Dataset\2_2_crop.mp4,train,0,Reach to Shelf,1240,1268,30.0,3788
4087,2_2,dataset\raw\Videos_MERL_Shopping_Dataset\2_2_crop.mp4,train,0,Reach to Shelf,1343,1370,30.0,3788
4088,2_2,dataset\raw\Videos_MERL_Shopping_Dataset\2_2_crop.mp4,train,0,Reach to Shelf,1544,1567,30.0,3788
4089,2_2,dataset\raw\Videos_MERL_Shopping_Dataset\2_2_crop.mp4,train,0,Reach to Shelf,1840,1868,30.0,3788
4090,2_2,dataset\raw\Videos_MERL_Shopping_Dataset\2_2_crop.mp4,train,0,Reach to Shelf,2098,2120,30.0,3788
4091,2_2,dataset\raw\Videos_MERL_Shopping_Dataset\2_2_crop.mp4,train,0,Reach to Shelf,2244,2273,30.0,3788
4092,2_2,dataset\raw\Videos_MERL_Shopping_Dataset\2_2_crop.mp4,train,0,Reach to Shelf,2367,2387,30.0,3788
4093,2_2,dataset\raw\Videos_MERL_Shopping_Dataset\2_2_crop.mp4,train,0,Reach to Shelf,2424,2450,30.0,3788
4094,2_2,dataset\raw\Videos_MERL_Shopping_Dataset\2_2_crop.mp4,train,0,Reach to Shelf,2505,2529,30.0,3788
4095,2_2,dataset\raw\Videos_MERL_Shopping_Dataset\2_2_crop.mp4,train,0,Reach to Shelf,2588,2610,30.0,3788
4096,2_2,dataset\raw\Videos_MERL_Shopping_Dataset\2_2_crop.mp4,train,0,Reach to Shelf,2692,2713,30.0,3788
4097,2_2,dataset\raw\Videos_MERL_Shopping_Dataset\2_2_crop.mp4,train,0,Reach to Shelf,2877,2903,30.0,3788
4098,2_2,dataset\raw\Videos_MERL_Shopping_Dataset\2_2_crop.mp4,train,0,Reach to Shelf,3029,3057,30.0,3788
4099,2_2,dataset\raw\Videos_MERL_Shopping_Dataset\2_2_crop.mp4,train,0,Reach to Shelf,3093,3118,30.0,3788
4100,2_2,dataset\raw\Videos_MERL_Shopping_Dataset\2_2_crop.mp4,train,0,Reach to Shelf,3249,3286,30.0,3788
4101,2_2,dataset\raw\Videos_MERL_Shopping_Dataset\2_2_crop.mp4,train,0,Reach to Shelf,3416,3453,30.0,3788
4102,2_2,dataset\raw\Videos_MERL_Shopping_Dataset\2_2_crop.mp4,train,0,Reach to Shelf,1292,1321,30.0,3788
4103,2_2,dataset\raw\Videos_MERL_Shopping_Dataset\2_2_crop.mp4,train,0,Reach to Shelf,2023,2060,30.0,3788
4104,2_2,dataset\raw\Videos_MERL_Shopping_Dataset\2_2_crop.mp4,train,0,Reach to Shelf,2940,2977,30.0,3788
4105,2_2,dataset\raw\Videos_MERL_Shopping_Dataset\2_2_crop.mp4,train,0,Reach to Shelf,3343,3377,30.0,3788
4106,2_2,dataset\raw\Videos_MERL_Shopping_Dataset\2_2_crop.mp4,train,1,Retract from Shelf,927,962,30.0,3788
4107,2_2,dataset\raw\Videos_MERL_Shopping_Dataset\2_2_crop.mp4,train,1,Retract from Shelf,1322,1341,30.0,3788
4108,2_2,dataset\raw\Videos_MERL_Shopping_Dataset\2_2_crop.mp4,train,1,Retract from Shelf,1453,1469,30.0,3788
4109,2_2,dataset\raw\Videos_MERL_Shopping_Dataset\2_2_crop.mp4,train,1,Retract from Shelf,1602,1627,30.0,3788
4110,2_2,dataset\raw\Videos_MERL_Shopping_Dataset\2_2_crop.mp4,train,1,Retract from Shelf,2063,2096,30.0,3788
4111,2_2,dataset\raw\Videos_MERL_Shopping_Dataset\2_2_crop.mp4,train,1,Retract from Shelf,2139,2157,30.0,3788
4112,2_2,dataset\raw\Videos_MERL_Shopping_Dataset\2_2_crop.mp4,train,1,Retract from Shelf,2309,2337,30.0,3788
4113,2_2,dataset\raw\Videos_MERL_Shopping_Dataset\2_2_crop.mp4,train,1,Retract from Shelf,2399,2423,30.0,3788
4114,2_2,dataset\raw\Videos_MERL_Shopping_Dataset\2_2_crop.mp4,train,1,Retract from Shelf,2549,2569,30.0,3788
4115,2_2,dataset\raw\Videos_MERL_Shopping_Dataset\2_2_crop.mp4,train,1,Retract from Shelf,2978,3004,30.0,3788
4116,2_2,dataset\raw\Videos_MERL_Shopping_Dataset\2_2_crop.mp4,train,1,Retract from Shelf,3063,3091,30.0,3788
4117,2_2,dataset\raw\Videos_MERL_Shopping_Dataset\2_2_crop.mp4,train,1,Retract from Shelf,3378,3413,30.0,3788
4118,2_2,dataset\raw\Videos_MERL_Shopping_Dataset\2_2_crop.mp4,train,1,Retract from Shelf,3575,3604,30.0,3788
4119,2_2,dataset\raw\Videos_MERL_Shopping_Dataset\2_2_crop.mp4,train,1,Retract from Shelf,437,476,30.0,3788
4120,2_2,dataset\raw\Videos_MERL_Shopping_Dataset\2_2_crop.mp4,train,1,Retract from Shelf,577,606,30.0,3788
4121,2_2,dataset\raw\Videos_MERL_Shopping_Dataset\2_2_crop.mp4,train,1,Retract from Shelf,1133,1184,30.0,3788
4122,2_2,dataset\raw\Videos_MERL_Shopping_Dataset\2_2_crop.mp4,train,1,Retract from Shelf,1270,1291,30.0,3788
4123,2_2,dataset\raw\Videos_MERL_Shopping_Dataset\2_2_crop.mp4,train,1,Retract from Shelf,1987,2022,30.0,3788
4124,2_2,dataset\raw\Videos_MERL_Shopping_Dataset\2_2_crop.mp4,train,1,Retract from Shelf,2638,2653,30.0,3788
4125,2_2,dataset\raw\Videos_MERL_Shopping_Dataset\2_2_crop.mp4,train,1,Retract from Shelf,2715,2753,30.0,3788
4126,2_2,dataset\raw\Videos_MERL_Shopping_Dataset\2_2_crop.mp4,train,1,Retract from Shelf,2906,2939,30.0,3788
4127,2_2,dataset\raw\Videos_MERL_Shopping_Dataset\2_2_crop.mp4,train,1,Retract from Shelf,3123,3141,30.0,3788
4128,2_2,dataset\raw\Videos_MERL_Shopping_Dataset\2_2_crop.mp4,train,1,Retract from Shelf,3287,3305,30.0,3788
4129,2_2,dataset\raw\Videos_MERL_Shopping_Dataset\2_2_crop.mp4,train,2,Hand in Shelf,389,431,30.0,3788
4130,2_2,dataset\raw\Videos_MERL_Shopping_Dataset\2_2_crop.mp4,train,2,Hand in Shelf,547,574,30.0,3788
4131,2_2,dataset\raw\Videos_MERL_Shopping_Dataset\2_2_crop.mp4,train,2,Hand in Shelf,832,921,30.0,3788
4132,2_2,dataset\raw\Videos_MERL_Shopping_Dataset\2_2_crop.mp4,train,2,Hand in Shelf,1111,1132,30.0,3788
4133,2_2,dataset\raw\Videos_MERL_Shopping_Dataset\2_2_crop.mp4,train,2,Hand in Shelf,1371,1452,30.0,3788
4134,2_2,dataset\raw\Videos_MERL_Shopping_Dataset\2_2_crop.mp4,train,2,Hand in Shelf,1568,1601,30.0,3788
4135,2_2,dataset\raw\Videos_MERL_Shopping_Dataset\2_2_crop.mp4,train,2,Hand in Shelf,1869,1958,30.0,3788
4136,2_2,dataset\raw\Videos_MERL_Shopping_Dataset\2_2_crop.mp4,train,2,Hand in Shelf,1959,1985,30.0,3788
4137,2_2,dataset\raw\Videos_MERL_Shopping_Dataset\2_2_crop.mp4,train,2,Hand in Shelf,2121,2138,30.0,3788
4138,2_2,dataset\raw\Videos_MERL_Shopping_Dataset\2_2_crop.mp4,train,2,Hand in Shelf,2274,2308,30.0,3788
4139,2_2,dataset\raw\Videos_MERL_Shopping_Dataset\2_2_crop.mp4,train,2,Hand in Shelf,2451,2504,30.0,3788
4140,2_2,dataset\raw\Videos_MERL_Shopping_Dataset\2_2_crop.mp4,train,2,Hand in Shelf,2530,2548,30.0,3788
4141,2_2,dataset\raw\Videos_MERL_Shopping_Dataset\2_2_crop.mp4,train,2,Hand in Shelf,2611,2637,30.0,3788
4142,2_2,dataset\raw\Videos_MERL_Shopping_Dataset\2_2_crop.mp4,train,2,Hand in Shelf,3454,3543,30.0,3788
4143,2_2,dataset\raw\Videos_MERL_Shopping_Dataset\2_2_crop.mp4,train,2,Hand in Shelf,3544,3573,30.0,3788
4144,2_2,dataset\raw\Videos_MERL_Shopping_Dataset\2_2_crop.mp4,train,3,Inspect Product,3141,3165,30.0,3788
4145,2_2,dataset\raw\Videos_MERL_Shopping_Dataset\2_2_crop.mp4,train,3,Inspect Product,3305,3343,30.0,3788
4146,2_2,dataset\raw\Videos_MERL_Shopping_Dataset\2_2_crop.mp4,train,4,Inspect Shelf,167,256,30.0,3788
4147,2_2,dataset\raw\Videos_MERL_Shopping_Dataset\2_2_crop.mp4,train,4,Inspect Shelf,257,329,30.0,3788
4148,2_2,dataset\raw\Videos_MERL_Shopping_Dataset\2_2_crop.mp4,train,4,Inspect Shelf,482,512,30.0,3788
4149,2_2,dataset\raw\Videos_MERL_Shopping_Dataset\2_2_crop.mp4,train,4,Inspect Shelf,610,699,30.0,3788
4150,2_2,dataset\raw\Videos_MERL_Shopping_Dataset\2_2_crop.mp4,train,4,Inspect Shelf,700,789,30.0,3788
4151,2_2,dataset\raw\Videos_MERL_Shopping_Dataset\2_2_crop.mp4,train,4,Inspect Shelf,790,805,30.0,3788
4152,2_2,dataset\raw\Videos_MERL_Shopping_Dataset\2_2_crop.mp4,train,4,Inspect Shelf,966,1055,30.0,3788
4153,2_2,dataset\raw\Videos_MERL_Shopping_Dataset\2_2_crop.mp4,train,4,Inspect Shelf,1056,1073,30.0,3788
4154,2_2,dataset\raw\Videos_MERL_Shopping_Dataset\2_2_crop.mp4,train,4,Inspect Shelf,1189,1237,30.0,3788
4155,2_2,dataset\raw\Videos_MERL_Shopping_Dataset\2_2_crop.mp4,train,4,Inspect Shelf,1473,1542,30.0,3788
4156,2_2,dataset\raw\Videos_MERL_Shopping_Dataset\2_2_crop.mp4,train,4,Inspect Shelf,2160,2242,30.0,3788
4157,2_2,dataset\raw\Videos_MERL_Shopping_Dataset\2_2_crop.mp4,train,4,Inspect Shelf,2339,2365,30.0,3788
4158,2_2,dataset\raw\Videos_MERL_Shopping_Dataset\2_2_crop.mp4,train,4,Inspect Shelf,2570,2586,30.0,3788
4159,2_2,dataset\raw\Videos_MERL_Shopping_Dataset\2_2_crop.mp4,train,4,Inspect Shelf,2653,2691,30.0,3788
4160,2_2,dataset\raw\Videos_MERL_Shopping_Dataset\2_2_crop.mp4,train,4,Inspect Shelf,2754,2843,30.0,3788
4161,2_2,dataset\raw\Videos_MERL_Shopping_Dataset\2_2_crop.mp4,train,4,Inspect Shelf,2844,2874,30.0,3788
4162,2_2,dataset\raw\Videos_MERL_Shopping_Dataset\2_2_crop.mp4,train,4,Inspect Shelf,3005,3027,30.0,3788
4163,2_2,dataset\raw\Videos_MERL_Shopping_Dataset\2_2_crop.mp4,train,4,Inspect Shelf,3165,3249,30.0,3788
4164,2_3,dataset\raw\Videos_MERL_Shopping_Dataset\2_3_crop.mp4,train,0,Reach to Shelf,189,214,30.0,3581
4165,2_3,dataset\raw\Videos_MERL_Shopping_Dataset\2_3_crop.mp4,train,0,Reach to Shelf,331,356,30.0,3581
4166,2_3,dataset\raw\Videos_MERL_Shopping_Dataset\2_3_crop.mp4,train,0,Reach to Shelf,550,586,30.0,3581
4167,2_3,dataset\raw\Videos_MERL_Shopping_Dataset\2_3_crop.mp4,train,0,Reach to Shelf,719,746,30.0,3581
4168,2_3,dataset\raw\Videos_MERL_Shopping_Dataset\2_3_crop.mp4,train,0,Reach to Shelf,979,1006,30.0,3581
4169,2_3,dataset\raw\Videos_MERL_Shopping_Dataset\2_3_crop.mp4,train,0,Reach to Shelf,1038,1062,30.0,3581
4170,2_3,dataset\raw\Videos_MERL_Shopping_Dataset\2_3_crop.mp4,train,0,Reach to Shelf,1175,1204,30.0,3581
4171,2_3,dataset\raw\Videos_MERL_Shopping_Dataset\2_3_crop.mp4,train,0,Reach to Shelf,1269,1300,30.0,3581
4172,2_3,dataset\raw\Videos_MERL_Shopping_Dataset\2_3_crop.mp4,train,0,Reach to Shelf,1304,1329,30.0,3581
4173,2_3,dataset\raw\Videos_MERL_Shopping_Dataset\2_3_crop.mp4,train,0,Reach to Shelf,1557,1588,30.0,3581
4174,2_3,dataset\raw\Videos_MERL_Shopping_Dataset\2_3_crop.mp4,train,0,Reach to Shelf,1639,1673,30.0,3581
4175,2_3,dataset\raw\Videos_MERL_Shopping_Dataset\2_3_crop.mp4,train,0,Reach to Shelf,1748,1775,30.0,3581
4176,2_3,dataset\raw\Videos_MERL_Shopping_Dataset\2_3_crop.mp4,train,0,Reach to Shelf,1869,1902,30.0,3581
4177,2_3,dataset\raw\Videos_MERL_Shopping_Dataset\2_3_crop.mp4,train,0,Reach to Shelf,2069,2091,30.0,3581
4178,2_3,dataset\raw\Videos_MERL_Shopping_Dataset\2_3_crop.mp4,train,0,Reach to Shelf,2258,2281,30.0,3581
4179,2_3,dataset\raw\Videos_MERL_Shopping_Dataset\2_3_crop.mp4,train,0,Reach to Shelf,2284,2312,30.0,3581
4180,2_3,dataset\raw\Videos_MERL_Shopping_Dataset\2_3_crop.mp4,train,0,Reach to Shelf,2447,2461,30.0,3581
4181,2_3,dataset\raw\Videos_MERL_Shopping_Dataset\2_3_crop.mp4,train,0,Reach to Shelf,2524,2549,30.0,3581
4182,2_3,dataset\raw\Videos_MERL_Shopping_Dataset\2_3_crop.mp4,train,0,Reach to Shelf,2710,2738,30.0,3581
4183,2_3,dataset\raw\Videos_MERL_Shopping_Dataset\2_3_crop.mp4,train,0,Reach to Shelf,2831,2856,30.0,3581
4184,2_3,dataset\raw\Videos_MERL_Shopping_Dataset\2_3_crop.mp4,train,0,Reach to Shelf,2961,2991,30.0,3581
4185,2_3,dataset\raw\Videos_MERL_Shopping_Dataset\2_3_crop.mp4,train,0,Reach to Shelf,3069,3092,30.0,3581
4186,2_3,dataset\raw\Videos_MERL_Shopping_Dataset\2_3_crop.mp4,train,0,Reach to Shelf,3153,3181,30.0,3581
4187,2_3,dataset\raw\Videos_MERL_Shopping_Dataset\2_3_crop.mp4,train,0,Reach to Shelf,849,880,30.0,3581
4188,2_3,dataset\raw\Videos_MERL_Shopping_Dataset\2_3_crop.mp4,train,0,Reach to Shelf,1792,1818,30.0,3581
4189,2_3,dataset\raw\Videos_MERL_Shopping_Dataset\2_3_crop.mp4,train,0,Reach to Shelf,2342,2383,30.0,3581
4190,2_3,dataset\raw\Videos_MERL_Shopping_Dataset\2_3_crop.mp4,train,0,Reach to Shelf,2507,2522,30.0,3581
4191,2_3,dataset\raw\Videos_MERL_Shopping_Dataset\2_3_crop.mp4,train,0,Reach to Shelf,2783,2805,30.0,3581
4192,2_3,dataset\raw\Videos_MERL_Shopping_Dataset\2_3_crop.mp4,train,0,Reach to Shelf,2888,2935,30.0,3581
4193,2_3,dataset\raw\Videos_MERL_Shopping_Dataset\2_3_crop.mp4,train,0,Reach to Shelf,3127,3151,30.0,3581
4194,2_3,dataset\raw\Videos_MERL_Shopping_Dataset\2_3_crop.mp4,train,1,Retract from Shelf,887,913,30.0,3581
4195,2_3,dataset\raw\Videos_MERL_Shopping_Dataset\2_3_crop.mp4,train,1,Retract from Shelf,1009,1035,30.0,3581
4196,2_3,dataset\raw\Videos_MERL_Shopping_Dataset\2_3_crop.mp4,train,1,Retract from Shelf,1208,1231,30.0,3581
4197,2_3,dataset\raw\Videos_MERL_Shopping_Dataset\2_3_crop.mp4,train,1,Retract from Shelf,1469,1509,30.0,3581
4198,2_3,dataset\raw\Videos_MERL_Shopping_Dataset\2_3_crop.mp4,train,1,Retract from Shelf,1820,1865,30.0,3581
4199,2_3,dataset\raw\Videos_MERL_Shopping_Dataset\2_3_crop.mp4,train,1,Retract from Shelf,1902,1920,30.0,3581
4200,2_3,dataset\raw\Videos_MERL_Shopping_Dataset\2_3_crop.mp4,train,1,Retract from Shelf,2578,2604,30.0,3581
4201,2_3,dataset\raw\Videos_MERL_Shopping_Dataset\2_3_crop.mp4,train,1,Retract from Shelf,2805,2830,30.0,3581
4202,2_3,dataset\raw\Videos_MERL_Shopping_Dataset\2_3_crop.mp4,train,1,Retract from Shelf,2935,2960,30.0,3581
4203,2_3,dataset\raw\Videos_MERL_Shopping_Dataset\2_3_crop.mp4,train,1,Retract from Shelf,249,325,30.0,3581
4204,2_3,dataset\raw\Videos_MERL_Shopping_Dataset\2_3_crop.mp4,train,1,Retract from Shelf,473,523,30.0,3581
4205,2_3,dataset\raw\Videos_MERL_Shopping_Dataset\2_3_crop.mp4,train,1,Retract from Shelf,624,695,30.0,3581
4206,2_3,dataset\raw\Videos_MERL_Shopping_Dataset\2_3_crop.mp4,train,1,Retract from Shelf,809,847,30.0,3581
4207,2_3,dataset\raw\Videos_MERL_Shopping_Dataset\2_3_crop.mp4,train,1,Retract from Shelf,1065,1145,30.0,3581
4208,2_3,dataset\raw\Videos_MERL_Shopping_Dataset\2_3_crop.mp4,train,1,Retract from Shelf,1674,1730,30.0,3581
4209,2_3,dataset\raw\Videos_MERL_Shopping_Dataset\2_3_crop.mp4,train,1,Retract from Shelf,1776,1791,30.0,3581
4210,2_3,dataset\raw\Videos_MERL_Shopping_Dataset\2_3_crop.mp4,train,1,Retract from Shelf,2176,2218,30.0,3581
4211,2_3,dataset\raw\Videos_MERL_Shopping_Dataset\2_3_crop.mp4,train,1,Retract from Shelf,2312,2340,30.0,3581
4212,2_3,dataset\raw\Videos_MERL_Shopping_Dataset\2_3_crop.mp4,train,1,Retract from Shelf,2462,2495,30.0,3581
4213,2_3,dataset\raw\Videos_MERL_Shopping_Dataset\2_3_crop.mp4,train,1,Retract from Shelf,2738,2763,30.0,3581
4214,2_3,dataset\raw\Videos_MERL_Shopping_Dataset\2_3_crop.mp4,train,1,Retract from Shelf,2857,2888,30.0,3581
4215,2_3,dataset\raw\Videos_MERL_Shopping_Dataset\2_3_crop.mp4,train,1,Retract from Shelf,2993,3040,30.0,3581
4216,2_3,dataset\raw\Videos_MERL_Shopping_Dataset\2_3_crop.mp4,train,1,Retract from Shelf,3092,3125,30.0,3581
4217,2_3,dataset\raw\Videos_MERL_Shopping_Dataset\2_3_crop.mp4,train,1,Retract from Shelf,3207,3232,30.0,3581
4218,2_3,dataset\raw\Videos_MERL_Shopping_Dataset\2_3_crop.mp4,train,2,Hand in Shelf,216,248,30.0,3581
4219,2_3,dataset\raw\Videos_MERL_Shopping_Dataset\2_3_crop.mp4,train,2,Hand in Shelf,359,448,30.0,3581
4220,2_3,dataset\raw\Videos_MERL_Shopping_Dataset\2_3_crop.mp4,train,2,Hand in Shelf,449,470,30.0,3581
4221,2_3,dataset\raw\Videos_MERL_Shopping_Dataset\2_3_crop.mp4,train,2,Hand in Shelf,588,624,30.0,3581
4222,2_3,dataset\raw\Videos_MERL_Shopping_Dataset\2_3_crop.mp4,train,2,Hand in Shelf,747,808,30.0,3581
4223,2_3,dataset\raw\Videos_MERL_Shopping_Dataset\2_3_crop.mp4,train,2,Hand in Shelf,1330,1419,30.0,3581
4224,2_3,dataset\raw\Videos_MERL_Shopping_Dataset\2_3_crop.mp4,train,2,Hand in Shelf,1420,1465,30.0,3581
4225,2_3,dataset\raw\Videos_MERL_Shopping_Dataset\2_3_crop.mp4,train,2,Hand in Shelf,1589,1638,30.0,3581
4226,2_3,dataset\raw\Videos_MERL_Shopping_Dataset\2_3_crop.mp4,train,2,Hand in Shelf,2092,2175,30.0,3581
4227,2_3,dataset\raw\Videos_MERL_Shopping_Dataset\2_3_crop.mp4,train,2,Hand in Shelf,2384,2447,30.0,3581
4228,2_3,dataset\raw\Videos_MERL_Shopping_Dataset\2_3_crop.mp4,train,2,Hand in Shelf,2550,2577,30.0,3581
4229,2_3,dataset\raw\Videos_MERL_Shopping_Dataset\2_3_crop.mp4,train,2,Hand in Shelf,3181,3206,30.0,3581
4230,2_3,dataset\raw\Videos_MERL_Shopping_Dataset\2_3_crop.mp4,train,3,Inspect Product,2763,2783,30.0,3581
4231,2_3,dataset\raw\Videos_MERL_Shopping_Dataset\2_3_crop.mp4,train,3,Inspect Product,3232,3267,30.0,3581
4232,2_3,dataset\raw\Videos_MERL_Shopping_Dataset\2_3_crop.mp4,train,4,Inspect Shelf,525,550,30.0,3581
4233,2_3,dataset\raw\Videos_MERL_Shopping_Dataset\2_3_crop.mp4,train,4,Inspect Shelf,695,719,30.0,3581
4234,2_3,dataset\raw\Videos_MERL_Shopping_Dataset\2_3_crop.mp4,train,4,Inspect Shelf,913,978,30.0,3581
4235,2_3,dataset\raw\Videos_MERL_Shopping_Dataset\2_3_crop.mp4,train,4,Inspect Shelf,1146,1173,30.0,3581
4236,2_3,dataset\raw\Videos_MERL_Shopping_Dataset\2_3_crop.mp4,train,4,Inspect Shelf,1232,1268,30.0,3581
4237,2_3,dataset\raw\Videos_MERL_Shopping_Dataset\2_3_crop.mp4,train,4,Inspect Shelf,1510,1555,30.0,3581
4238,2_3,dataset\raw\Videos_MERL_Shopping_Dataset\2_3_crop.mp4,train,4,Inspect Shelf,1731,1747,30.0,3581
4239,2_3,dataset\raw\Videos_MERL_Shopping_Dataset\2_3_crop.mp4,train,4,Inspect Shelf,2218,2257,30.0,3581
4240,2_3,dataset\raw\Videos_MERL_Shopping_Dataset\2_3_crop.mp4,train,4,Inspect Shelf,2605,2694,30.0,3581
4241,2_3,dataset\raw\Videos_MERL_Shopping_Dataset\2_3_crop.mp4,train,4,Inspect Shelf,3040,3068,30.0,3581
4242,2_3,dataset\raw\Videos_MERL_Shopping_Dataset\2_3_crop.mp4,train,4,Inspect Shelf,3313,3402,30.0,3581
4243,2_3,dataset\raw\Videos_MERL_Shopping_Dataset\2_3_crop.mp4,train,4,Inspect Shelf,3403,3436,30.0,3581
4244,30_1,dataset\raw\Videos_MERL_Shopping_Dataset\30_1_crop.mp4,train,0,Reach to Shelf,164,198,30.0,4368
4245,30_1,dataset\raw\Videos_MERL_Shopping_Dataset\30_1_crop.mp4,train,0,Reach to Shelf,930,992,30.0,4368
4246,30_1,dataset\raw\Videos_MERL_Shopping_Dataset\30_1_crop.mp4,train,0,Reach to Shelf,1160,1183,30.0,4368
4247,30_1,dataset\raw\Videos_MERL_Shopping_Dataset\30_1_crop.mp4,train,0,Reach to Shelf,1541,1573,30.0,4368
4248,30_1,dataset\raw\Videos_MERL_Shopping_Dataset\30_1_crop.mp4,train,0,Reach to Shelf,2238,2271,30.0,4368
4249,30_1,dataset\raw\Videos_MERL_Shopping_Dataset\30_1_crop.mp4,train,0,Reach to Shelf,2387,2455,30.0,4368
4250,30_1,dataset\raw\Videos_MERL_Shopping_Dataset\30_1_crop.mp4,train,0,Reach to Shelf,2566,2614,30.0,4368
4251,30_1,dataset\raw\Videos_MERL_Shopping_Dataset\30_1_crop.mp4,train,0,Reach to Shelf,3392,3418,30.0,4368
4252,30_1,dataset\raw\Videos_MERL_Shopping_Dataset\30_1_crop.mp4,train,0,Reach to Shelf,3898,3935,30.0,4368
4253,30_1,dataset\raw\Videos_MERL_Shopping_Dataset\30_1_crop.mp4,train,0,Reach to Shelf,729,762,30.0,4368
4254,30_1,dataset\raw\Videos_MERL_Shopping_Dataset\30_1_crop.mp4,train,0,Reach to Shelf,1267,1291,30.0,4368
4255,30_1,dataset\raw\Videos_MERL_Shopping_Dataset\30_1_crop.mp4,train,0,Reach to Shelf,1479,1516,30.0,4368
4256,30_1,dataset\raw\Videos_MERL_Shopping_Dataset\30_1_crop.mp4,train,0,Reach to Shelf,1884,1934,30.0,4368
4257,30_1,dataset\raw\Videos_MERL_Shopping_Dataset\30_1_crop.mp4,train,0,Reach to Shelf,2648,2678,30.0,4368
4258,30_1,dataset\raw\Videos_MERL_Shopping_Dataset\30_1_crop.mp4,train,0,Reach to Shelf,3025,3054,30.0,4368
4259,30_1,dataset\raw\Videos_MERL_Shopping_Dataset\30_1_crop.mp4,train,0,Reach to Shelf,3180,3205,30.0,4368
4260,30_1,dataset\raw\Videos_MERL_Shopping_Dataset\30_1_crop.mp4,train,0,Reach to Shelf,3519,3537,30.0,4368
4261,30_1,dataset\raw\Videos_MERL_Shopping_Dataset\30_1_crop.mp4,train,0,Reach to Shelf,3548,3568,30.0,4368
4262,30_1,dataset\raw\Videos_MERL_Shopping_Dataset\30_1_crop.mp4,train,1,Retract from Shelf,1514,1540,30.0,4368
4263,30_1,dataset\raw\Videos_MERL_Shopping_Dataset\30_1_crop.mp4,train,1,Retract from Shelf,2336,2384,30.0,4368
4264,30_1,dataset\raw\Videos_MERL_Shopping_Dataset\30_1_crop.mp4,train,1,Retract from Shelf,2541,2566,30.0,4368
4265,30_1,dataset\raw\Videos_MERL_Shopping_Dataset\30_1_crop.mp4,train,1,Retract from Shelf,3207,3233,30.0,4368
4266,30_1,dataset\raw\Videos_MERL_Shopping_Dataset\30_1_crop.mp4,train,1,Retract from Shelf,4180,4210,30.0,4368
4267,30_1,dataset\raw\Videos_MERL_Shopping_Dataset\30_1_crop.mp4,train,1,Retract from Shelf,468,519,30.0,4368
4268,30_1,dataset\raw\Videos_MERL_Shopping_Dataset\30_1_crop.mp4,train,1,Retract from Shelf,650,700,30.0,4368
4269,30_1,dataset\raw\Videos_MERL_Shopping_Dataset\30_1_crop.mp4,train,1,Retract from Shelf,787,812,30.0,4368
4270,30_1,dataset\raw\Videos_MERL_Shopping_Dataset\30_1_crop.mp4,train,1,Retract from Shelf,993,1044,30.0,4368
4271,30_1,dataset\raw\Videos_MERL_Shopping_Dataset\30_1_crop.mp4,train,1,Retract from Shelf,1183,1203,30.0,4368
4272,30_1,dataset\raw\Videos_MERL_Shopping_Dataset\30_1_crop.mp4,train,1,Retract from Shelf,1314,1346,30.0,4368
4273,30_1,dataset\raw\Videos_MERL_Shopping_Dataset\30_1_crop.mp4,train,1,Retract from Shelf,1575,1623,30.0,4368
4274,30_1,dataset\raw\Videos_MERL_Shopping_Dataset\30_1_crop.mp4,train,1,Retract from Shelf,2617,2647,30.0,4368
4275,30_1,dataset\raw\Videos_MERL_Shopping_Dataset\30_1_crop.mp4,train,1,Retract from Shelf,2732,2771,30.0,4368
4276,30_1,dataset\raw\Videos_MERL_Shopping_Dataset\30_1_crop.mp4,train,1,Retract from Shelf,3079,3118,30.0,4368
4277,30_1,dataset\raw\Videos_MERL_Shopping_Dataset\30_1_crop.mp4,train,1,Retract from Shelf,3418,3465,30.0,4368
4278,30_1,dataset\raw\Videos_MERL_Shopping_Dataset\30_1_crop.mp4,train,1,Retract from Shelf,3592,3630,30.0,4368
4279,30_1,dataset\raw\Videos_MERL_Shopping_Dataset\30_1_crop.mp4,train,2,Hand in Shelf,202,291,30.0,4368
4280,30_1,dataset\raw\Videos_MERL_Shopping_Dataset\30_1_crop.mp4,train,2,Hand in Shelf,292,381,30.0,4368
4281,30_1,dataset\raw\Videos_MERL_Shopping_Dataset\30_1_crop.mp4,train,2,Hand in Shelf,382,468,30.0,4368
4282,30_1,dataset\raw\Videos_MERL_Shopping_Dataset\30_1_crop.mp4,train,2,Hand in Shelf,762,786,30.0,4368
4283,30_1,dataset\raw\Videos_MERL_Shopping_Dataset\30_1_crop.mp4,train,2,Hand in Shelf,1292,1313,30.0,4368
4284,30_1,dataset\raw\Videos_MERL_Shopping_Dataset\30_1_crop.mp4,train,2,Hand in Shelf,2273,2333,30.0,4368
4285,30_1,dataset\raw\Videos_MERL_Shopping_Dataset\30_1_crop.mp4,train,2,Hand in Shelf,2457,2537,30.0,4368
4286,30_1,dataset\raw\Videos_MERL_Shopping_Dataset\30_1_crop.mp4,train,2,Hand in Shelf,2679,2730,30.0,4368
4287,30_1,dataset\raw\Videos_MERL_Shopping_Dataset\30_1_crop.mp4,train,2,Hand in Shelf,3055,3079,30.0,4368
4288,30_1,dataset\raw\Videos_MERL_Shopping_Dataset\30_1_crop.mp4,train,2,Hand in Shelf,3568,3591,30.0,4368
4289,30_1,dataset\raw\Videos_MERL_Shopping_Dataset\30_1_crop.mp4,train,2,Hand in Shelf,3936,4025,30.0,4368
4290,30_1,dataset\raw\Videos_MERL_Shopping_Dataset\30_1_crop.mp4,train,2,Hand in Shelf,4026,4115,30.0,4368
4291,30_1,dataset\raw\Videos_MERL_Shopping_Dataset\30_1_crop.mp4,train,2,Hand in Shelf,4116,4179,30.0,4368
4292,30_1,dataset\raw\Videos_MERL_Shopping_Dataset\30_1_crop.mp4,train,3,Inspect Product,521,559,30.0,4368
4293,30_1,dataset\raw\Videos_MERL_Shopping_Dataset\30_1_crop.mp4,train,3,Inspect Product,700,728,30.0,4368
4294,30_1,dataset\raw\Videos_MERL_Shopping_Dataset\30_1_crop.mp4,train,3,Inspect Product,814,903,30.0,4368
4295,30_1,dataset\raw\Videos_MERL_Shopping_Dataset\30_1_crop.mp4,train,3,Inspect Product,904,929,30.0,4368
4296,30_1,dataset\raw\Videos_MERL_Shopping_Dataset\30_1_crop.mp4,train,3,Inspect Product,1044,1096,30.0,4368
4297,30_1,dataset\raw\Videos_MERL_Shopping_Dataset\30_1_crop.mp4,train,3,Inspect Product,1205,1265,30.0,4368
4298,30_1,dataset\raw\Videos_MERL_Shopping_Dataset\30_1_crop.mp4,train,3,Inspect Product,1348,1437,30.0,4368
4299,30_1,dataset\raw\Videos_MERL_Shopping_Dataset\30_1_crop.mp4,train,3,Inspect Product,1438,1478,30.0,4368
4300,30_1,dataset\raw\Videos_MERL_Shopping_Dataset\30_1_crop.mp4,train,3,Inspect Product,1625,1714,30.0,4368
4301,30_1,dataset\raw\Videos_MERL_Shopping_Dataset\30_1_crop.mp4,train,3,Inspect Product,1715,1804,30.0,4368
4302,30_1,dataset\raw\Videos_MERL_Shopping_Dataset\30_1_crop.mp4,train,3,Inspect Product,1805,1881,30.0,4368
4303,30_1,dataset\raw\Videos_MERL_Shopping_Dataset\30_1_crop.mp4,train,3,Inspect Product,2775,2864,30.0,4368
4304,30_1,dataset\raw\Videos_MERL_Shopping_Dataset\30_1_crop.mp4,train,3,Inspect Product,2865,2954,30.0,4368
4305,30_1,dataset\raw\Videos_MERL_Shopping_Dataset\30_1_crop.mp4,train,3,Inspect Product,2955,3023,30.0,4368
4306,30_1,dataset\raw\Videos_MERL_Shopping_Dataset\30_1_crop.mp4,train,3,Inspect Product,3121,3181,30.0,4368
4307,30_1,dataset\raw\Videos_MERL_Shopping_Dataset\30_1_crop.mp4,train,3,Inspect Product,3235,3310,30.0,4368
4308,30_1,dataset\raw\Videos_MERL_Shopping_Dataset\30_1_crop.mp4,train,3,Inspect Product,3467,3518,30.0,4368
4309,30_1,dataset\raw\Videos_MERL_Shopping_Dataset\30_1_crop.mp4,train,3,Inspect Product,3632,3698,30.0,4368
4310,30_1,dataset\raw\Videos_MERL_Shopping_Dataset\30_1_crop.mp4,train,4,Inspect Shelf,565,642,30.0,4368
4311,30_1,dataset\raw\Videos_MERL_Shopping_Dataset\30_1_crop.mp4,train,4,Inspect Shelf,1102,1161,30.0,4368
4312,30_1,dataset\raw\Videos_MERL_Shopping_Dataset\30_1_crop.mp4,train,4,Inspect Shelf,3315,3390,30.0,4368
4313,30_1,dataset\raw\Videos_MERL_Shopping_Dataset\30_1_crop.mp4,train,4,Inspect Shelf,3702,3791,30.0,4368
4314,30_1,dataset\raw\Videos_MERL_Shopping_Dataset\30_1_crop.mp4,train,4,Inspect Shelf,3792,3881,30.0,4368
4315,30_1,dataset\raw\Videos_MERL_Shopping_Dataset\30_1_crop.mp4,train,4,Inspect Shelf,3882,3899,30.0,4368
4316,30_2,dataset\raw\Videos_MERL_Shopping_Dataset\30_2_crop.mp4,train,0,Reach to Shelf,253,279,30.0,4139
4317,30_2,dataset\raw\Videos_MERL_Shopping_Dataset\30_2_crop.mp4,train,0,Reach to Shelf,674,733,30.0,4139
4318,30_2,dataset\raw\Videos_MERL_Shopping_Dataset\30_2_crop.mp4,train,0,Reach to Shelf,1587,1626,30.0,4139
4319,30_2,dataset\raw\Videos_MERL_Shopping_Dataset\30_2_crop.mp4,train,0,Reach to Shelf,2414,2473,30.0,4139
4320,30_2,dataset\raw\Videos_MERL_Shopping_Dataset\30_2_crop.mp4,train,0,Reach to Shelf,2653,2699,30.0,4139
4321,30_2,dataset\raw\Videos_MERL_Shopping_Dataset\30_2_crop.mp4,train,0,Reach to Shelf,3361,3390,30.0,4139
4322,30_2,dataset\raw\Videos_MERL_Shopping_Dataset\30_2_crop.mp4,train,0,Reach to Shelf,3536,3569,30.0,4139
4323,30_2,dataset\raw\Videos_MERL_Shopping_Dataset\30_2_crop.mp4,train,0,Reach to Shelf,3758,3794,30.0,4139
4324,30_2,dataset\raw\Videos_MERL_Shopping_Dataset\30_2_crop.mp4,train,0,Reach to Shelf,1433,1478,30.0,4139
4325,30_2,dataset\raw\Videos_MERL_Shopping_Dataset\30_2_crop.mp4,train,0,Reach to Shelf,2938,2994,30.0,4139
4326,30_2,dataset\raw\Videos_MERL_Shopping_Dataset\30_2_crop.mp4,train,0,Reach to Shelf,3823,3855,30.0,4139
4327,30_2,dataset\raw\Videos_MERL_Shopping_Dataset\30_2_crop.mp4,train,1,Retract from Shelf,1478,1510,30.0,4139
4328,30_2,dataset\raw\Videos_MERL_Shopping_Dataset\30_2_crop.mp4,train,1,Retract from Shelf,2561,2593,30.0,4139
4329,30_2,dataset\raw\Videos_MERL_Shopping_Dataset\30_2_crop.mp4,train,1,Retract from Shelf,3024,3051,30.0,4139
4330,30_2,dataset\raw\Videos_MERL_Shopping_Dataset\30_2_crop.mp4,train,1,Retract from Shelf,3479,3530,30.0,4139
4331,30_2,dataset\raw\Videos_MERL_Shopping_Dataset\30_2_crop.mp4,train,1,Retract from Shelf,3858,3886,30.0,4139
4332,30_2,dataset\raw\Videos_MERL_Shopping_Dataset\30_2_crop.mp4,train,1,Retract from Shelf,280,306,30.0,4139
4333,30_2,dataset\raw\Videos_MERL_Shopping_Dataset\30_2_crop.mp4,train,1,Retract from Shelf,734,766,30.0,4139
4334,30_2,dataset\raw\Videos_MERL_Shopping_Dataset\30_2_crop.mp4,train,1,Retract from Shelf,1680,1714,30.0,4139
4335,30_2,dataset\raw\Videos_MERL_Shopping_Dataset\30_2_crop.mp4,train,1,Retract from Shelf,2748,2799,30.0,4139
4336,30_2,dataset\raw\Videos_MERL_Shopping_Dataset\30_2_crop.mp4,train,1,Retract from Shelf,3103,3145,30.0,4139
4337,30_2,dataset\raw\Videos_MERL_Shopping_Dataset\30_2_crop.mp4,train,1,Retract from Shelf,3570,3627,30.0,4139
4338,30_2,dataset\raw\Videos_MERL_Shopping_Dataset\30_2_crop.mp4,train,1,Retract from Shelf,3794,3822,30.0,4139
4339,30_2,dataset\raw\Videos_MERL_Shopping_Dataset\30_2_crop.mp4,train,2,Hand in Shelf,1629,1678,30.0,4139
4340,30_2,dataset\raw\Videos_MERL_Shopping_Dataset\30_2_crop.mp4,train,2,Hand in Shelf,2478,2560,30.0,4139
4341,30_2,dataset\raw\Videos_MERL_Shopping_Dataset\30_2_crop.mp4,train,2,Hand in Shelf,2699,2747,30.0,4139
4342,30_2,dataset\raw\Videos_MERL_Shopping_Dataset\30_2_crop.mp4,train,2,Hand in Shelf,2995,3084,30.0,4139
4343,30_2,dataset\raw\Videos_MERL_Shopping_Dataset\30_2_crop.mp4,train,2,Hand in Shelf,3085,3102,30.0,4139
4344,30_2,dataset\raw\Videos_MERL_Shopping_Dataset\30_2_crop.mp4,train,2,Hand in Shelf,3390,3477,30.0,4139
4345,30_2,dataset\raw\Videos_MERL_Shopping_Dataset\30_2_crop.mp4,train,3,Inspect Product,308,397,30.0,4139
4346,30_2,dataset\raw\Videos_MERL_Shopping_Dataset\30_2_crop.mp4,train,3,Inspect Product,398,487,30.0,4139
4347,30_2,dataset\raw\Videos_MERL_Shopping_Dataset\30_2_crop.mp4,train,3,Inspect Product,488,577,30.0,4139
4348,30_2,dataset\raw\Videos_MERL_Shopping_Dataset\30_2_crop.mp4,train,3,Inspect Product,578,667,30.0,4139
4349,30_2,dataset\raw\Videos_MERL_Shopping_Dataset\30_2_crop.mp4,train,3,Inspect Product,766,855,30.0,4139
4350,30_2,dataset\raw\Videos_MERL_Shopping_Dataset\30_2_crop.mp4,train,3,Inspect Product,856,945,30.0,4139
4351,30_2,dataset\raw\Videos_MERL_Shopping_Dataset\30_2_crop.mp4,train,3,Inspect Product,946,1035,30.0,4139
4352,30_2,dataset\raw\Videos_MERL_Shopping_Dataset\30_2_crop.mp4,train,3,Inspect Product,1036,1125,30.0,4139
4353,30_2,dataset\raw\Videos_MERL_Shopping_Dataset\30_2_crop.mp4,train,3,Inspect Product,1126,1215,30.0,4139
4354,30_2,dataset\raw\Videos_MERL_Shopping_Dataset\30_2_crop.mp4,train,3,Inspect Product,1216,1305,30.0,4139
4355,30_2,dataset\raw\Videos_MERL_Shopping_Dataset\30_2_crop.mp4,train,3,Inspect Product,1306,1395,30.0,4139
4356,30_2,dataset\raw\Videos_MERL_Shopping_Dataset\30_2_crop.mp4,train,3,Inspect Product,1396,1431,30.0,4139
4357,30_2,dataset\raw\Videos_MERL_Shopping_Dataset\30_2_crop.mp4,train,3,Inspect Product,1716,1805,30.0,4139
4358,30_2,dataset\raw\Videos_MERL_Shopping_Dataset\30_2_crop.mp4,train,3,Inspect Product,1806,1833,30.0,4139
4359,30_2,dataset\raw\Videos_MERL_Shopping_Dataset\30_2_crop.mp4,train,3,Inspect Product,2798,2887,30.0,4139
4360,30_2,dataset\raw\Videos_MERL_Shopping_Dataset\30_2_crop.mp4,train,3,Inspect Product,2888,2939,30.0,4139
4361,30_2,dataset\raw\Videos_MERL_Shopping_Dataset\30_2_crop.mp4,train,3,Inspect Product,3146,3235,30.0,4139
4362,30_2,dataset\raw\Videos_MERL_Shopping_Dataset\30_2_crop.mp4,train,3,Inspect Product,3236,3325,30.0,4139
4363,30_2,dataset\raw\Videos_MERL_Shopping_Dataset\30_2_crop.mp4,train,3,Inspect Product,3326,3359,30.0,4139
4364,30_2,dataset\raw\Videos_MERL_Shopping_Dataset\30_2_crop.mp4,train,3,Inspect Product,3628,3684,30.0,4139
4365,30_2,dataset\raw\Videos_MERL_Shopping_Dataset\30_2_crop.mp4,train,4,Inspect Shelf,1510,1585,30.0,4139
4366,30_2,dataset\raw\Videos_MERL_Shopping_Dataset\30_2_crop.mp4,train,4,Inspect Shelf,1835,1902,30.0,4139
4367,30_2,dataset\raw\Videos_MERL_Shopping_Dataset\30_2_crop.mp4,train,4,Inspect Shelf,2596,2651,30.0,4139
4368,30_2,dataset\raw\Videos_MERL_Shopping_Dataset\30_2_crop.mp4,train,4,Inspect Shelf,3684,3757,30.0,4139
4369,30_3,dataset\raw\Videos_MERL_Shopping_Dataset\30_3_crop.mp4,train,0,Reach to Shelf,179,239,30.0,4441
4370,30_3,dataset\raw\Videos_MERL_Shopping_Dataset\30_3_crop.mp4,train,0,Reach to Shelf,442,496,30.0,4441
4371,30_3,dataset\raw\Videos_MERL_Shopping_Dataset\30_3_crop.mp4,train,0,Reach to Shelf,1344,1388,30.0,4441
4372,30_3,dataset\raw\Videos_MERL_Shopping_Dataset\30_3_crop.mp4,train,0,Reach to Shelf,1455,1488,30.0,4441
4373,30_3,dataset\raw\Videos_MERL_Shopping_Dataset\30_3_crop.mp4,train,0,Reach to Shelf,2578,2607,30.0,4441
4374,30_3,dataset\raw\Videos_MERL_Shopping_Dataset\30_3_crop.mp4,train,0,Reach to Shelf,2721,2744,30.0,4441
4375,30_3,dataset\raw\Videos_MERL_Shopping_Dataset\30_3_crop.mp4,train,0,Reach to Shelf,3613,3632,30.0,4441
4376,30_3,dataset\raw\Videos_MERL_Shopping_Dataset\30_3_crop.mp4,train,0,Reach to Shelf,3711,3730,30.0,4441
4377,30_3,dataset\raw\Videos_MERL_Shopping_Dataset\30_3_crop.mp4,train,0,Reach to Shelf,4032,4059,30.0,4441
4378,30_3,dataset\raw\Videos_MERL_Shopping_Dataset\30_3_crop.mp4,train,0,Reach to Shelf,550,609,30.0,4441
4379,30_3,dataset\raw\Videos_MERL_Shopping_Dataset\30_3_crop.mp4,train,0,Reach to Shelf,1221,1266,30.0,4441
4380,30_3,dataset\raw\Videos_MERL_Shopping_Dataset\30_3_crop.mp4,train,0,Reach to Shelf,1997,2050,30.0,4441
4381,30_3,dataset\raw\Videos_MERL_Shopping_Dataset\30_3_crop.mp4,train,0,Reach to Shelf,2079,2100,30.0,4441
4382,30_3,dataset\raw\Videos_MERL_Shopping_Dataset\30_3_crop.mp4,train,0,Reach to Shelf,3461,3497,30.0,4441
4383,30_3,dataset\raw\Videos_MERL_Shopping_Dataset\30_3_crop.mp4,train,0,Reach to Shelf,4084,4101,30.0,4441
4384,30_3,dataset\raw\Videos_MERL_Shopping_Dataset\30_3_crop.mp4,train,0,Reach to Shelf,4137,4156,30.0,4441
4385,30_3,dataset\raw\Videos_MERL_Shopping_Dataset\30_3_crop.mp4,train,1,Retract from Shelf,1268,1285,30.0,4441
4386,30_3,dataset\raw\Videos_MERL_Shopping_Dataset\30_3_crop.mp4,train,1,Retract from Shelf,2101,2126,30.0,4441
4387,30_3,dataset\raw\Videos_MERL_Shopping_Dataset\30_3_crop.mp4,train,1,Retract from Shelf,3498,3516,30.0,4441
4388,30_3,dataset\raw\Videos_MERL_Shopping_Dataset\30_3_crop.mp4,train,1,Retract from Shelf,4060,4085,30.0,4441
4389,30_3,dataset\raw\Videos_MERL_Shopping_Dataset\30_3_crop.mp4,train,1,Retract from Shelf,4156,4170,30.0,4441
4390,30_3,dataset\raw\Videos_MERL_Shopping_Dataset\30_3_crop.mp4,train,1,Retract from Shelf,243,291,30.0,4441
4391,30_3,dataset\raw\Videos_MERL_Shopping_Dataset\30_3_crop.mp4,train,1,Retract from Shelf,498,549,30.0,4441
4392,30_3,dataset\raw\Videos_MERL_Shopping_Dataset\30_3_crop.mp4,train,1,Retract from Shelf,843,876,30.0,4441
4393,30_3,dataset\raw\Videos_MERL_Shopping_Dataset\30_3_crop.mp4,train,1,Retract from Shelf,1391,1450,30.0,4441
4394,30_3,dataset\raw\Videos_MERL_Shopping_Dataset\30_3_crop.mp4,train,1,Retract from Shelf,1490,1544,30.0,4441
4395,30_3,dataset\raw\Videos_MERL_Shopping_Dataset\30_3_crop.mp4,train,1,Retract from Shelf,2053,2078,30.0,4441
4396,30_3,dataset\raw\Videos_MERL_Shopping_Dataset\30_3_crop.mp4,train,1,Retract from Shelf,2647,2683,30.0,4441
4397,30_3,dataset\raw\Videos_MERL_Shopping_Dataset\30_3_crop.mp4,train,1,Retract from Shelf,2790,2822,30.0,4441
4398,30_3,dataset\raw\Videos_MERL_Shopping_Dataset\30_3_crop.mp4,train,1,Retract from Shelf,3661,3707,30.0,4441
4399,30_3,dataset\raw\Videos_MERL_Shopping_Dataset\30_3_crop.mp4,train,1,Retract from Shelf,3750,3784,30.0,4441
4400,30_3,dataset\raw\Videos_MERL_Shopping_Dataset\30_3_crop.mp4,train,1,Retract from Shelf,4101,4115,30.0,4441
4401,30_3,dataset\raw\Videos_MERL_Shopping_Dataset\30_3_crop.mp4,train,2,Hand in Shelf,611,700,30.0,4441
4402,30_3,dataset\raw\Videos_MERL_Shopping_Dataset\30_3_crop.mp4,train,2,Hand in Shelf,701,790,30.0,4441
4403,30_3,dataset\raw\Videos_MERL_Shopping_Dataset\30_3_crop.mp4,train,2,Hand in Shelf,791,844,30.0,4441
4404,30_3,dataset\raw\Videos_MERL_Shopping_Dataset\30_3_crop.mp4,train,2,Hand in Shelf,2608,2643,30.0,4441
4405,30_3,dataset\raw\Videos_MERL_Shopping_Dataset\30_3_crop.mp4,train,2,Hand in Shelf,2746,2788,30.0,4441
4406,30_3,dataset\raw\Videos_MERL_Shopping_Dataset\30_3_crop.mp4,train,2,Hand in Shelf,3633,3660,30.0,4441
4407,30_3,dataset\raw\Videos_MERL_Shopping_Dataset\30_3_crop.mp4,train,2,Hand in Shelf,3731,3749,30.0,4441
4408,30_3,dataset\raw\Videos_MERL_Shopping_Dataset\30_3_crop.mp4,train,3,Inspect Product,295,357,30.0,4441
4409,30_3,dataset\raw\Videos_MERL_Shopping_Dataset\30_3_crop.mp4,train,3,Inspect Product,881,970,30.0,4441
4410,30_3,dataset\raw\Videos_MERL_Shopping_Dataset\30_3_crop.mp4,train,3,Inspect Product,971,1060,30.0,4441
4411,30_3,dataset\raw\Videos_MERL_Shopping_Dataset\30_3_crop.mp4,train,3,Inspect Product,1061,1137,30.0,4441
4412,30_3,dataset\raw\Videos_MERL_Shopping_Dataset\30_3_crop.mp4,train,3,Inspect Product,1546,1635,30.0,4441
4413,30_3,dataset\raw\Videos_MERL_Shopping_Dataset\30_3_crop.mp4,train,3,Inspect Product,1636,1725,30.0,4441
4414,30_3,dataset\raw\Videos_MERL_Shopping_Dataset\30_3_crop.mp4,train,3,Inspect Product,1726,1815,30.0,4441
4415,30_3,dataset\raw\Videos_MERL_Shopping_Dataset\30_3_crop.mp4,train,3,Inspect Product,1816,1905,30.0,4441
4416,30_3,dataset\raw\Videos_MERL_Shopping_Dataset\30_3_crop.mp4,train,3,Inspect Product,1906,1992,30.0,4441
4417,30_3,dataset\raw\Videos_MERL_Shopping_Dataset\30_3_crop.mp4,train,3,Inspect Product,2683,2720,30.0,4441
4418,30_3,dataset\raw\Videos_MERL_Shopping_Dataset\30_3_crop.mp4,train,3,Inspect Product,2824,2913,30.0,4441
4419,30_3,dataset\raw\Videos_MERL_Shopping_Dataset\30_3_crop.mp4,train,3,Inspect Product,2914,3003,30.0,4441
4420,30_3,dataset\raw\Videos_MERL_Shopping_Dataset\30_3_crop.mp4,train,3,Inspect Product,3004,3093,30.0,4441
4421,30_3,dataset\raw\Videos_MERL_Shopping_Dataset\30_3_crop.mp4,train,3,Inspect Product,3094,3183,30.0,4441
4422,30_3,dataset\raw\Videos_MERL_Shopping_Dataset\30_3_crop.mp4,train,3,Inspect Product,3184,3273,30.0,4441
4423,30_3,dataset\raw\Videos_MERL_Shopping_Dataset\30_3_crop.mp4,train,3,Inspect Product,3274,3363,30.0,4441
4424,30_3,dataset\raw\Videos_MERL_Shopping_Dataset\30_3_crop.mp4,train,3,Inspect Product,3364,3453,30.0,4441
4425,30_3,dataset\raw\Videos_MERL_Shopping_Dataset\30_3_crop.mp4,train,3,Inspect Product,3517,3532,30.0,4441
4426,30_3,dataset\raw\Videos_MERL_Shopping_Dataset\30_3_crop.mp4,train,3,Inspect Product,3784,3873,30.0,4441
4427,30_3,dataset\raw\Videos_MERL_Shopping_Dataset\30_3_crop.mp4,train,3,Inspect Product,3874,3963,30.0,4441
4428,30_3,dataset\raw\Videos_MERL_Shopping_Dataset\30_3_crop.mp4,train,3,Inspect Product,3964,3983,30.0,4441
4429,30_3,dataset\raw\Videos_MERL_Shopping_Dataset\30_3_crop.mp4,train,3,Inspect Product,4116,4136,30.0,4441
4430,30_3,dataset\raw\Videos_MERL_Shopping_Dataset\30_3_crop.mp4,train,4,Inspect Shelf,360,435,30.0,4441
4431,30_3,dataset\raw\Videos_MERL_Shopping_Dataset\30_3_crop.mp4,train,4,Inspect Shelf,1285,1343,30.0,4441
4432,30_3,dataset\raw\Videos_MERL_Shopping_Dataset\30_3_crop.mp4,train,4,Inspect Shelf,2509,2577,30.0,4441
4433,30_3,dataset\raw\Videos_MERL_Shopping_Dataset\30_3_crop.mp4,train,4,Inspect Shelf,3567,3609,30.0,4441
4434,30_3,dataset\raw\Videos_MERL_Shopping_Dataset\30_3_crop.mp4,train,4,Inspect Shelf,3985,4031,30.0,4441
4435,31_1,dataset\raw\Videos_MERL_Shopping_Dataset\31_1_crop.mp4,train,0,Reach to Shelf,195,227,30.0,4093
4436,31_1,dataset\raw\Videos_MERL_Shopping_Dataset\31_1_crop.mp4,train,0,Reach to Shelf,445,491,30.0,4093
4437,31_1,dataset\raw\Videos_MERL_Shopping_Dataset\31_1_crop.mp4,train,0,Reach to Shelf,718,759,30.0,4093
4438,31_1,dataset\raw\Videos_MERL_Shopping_Dataset\31_1_crop.mp4,train,0,Reach to Shelf,1234,1267,30.0,4093
4439,31_1,dataset\raw\Videos_MERL_Shopping_Dataset\31_1_crop.mp4,train,0,Reach to Shelf,1594,1623,30.0,4093
4440,31_1,dataset\raw\Videos_MERL_Shopping_Dataset\31_1_crop.mp4,train,0,Reach to Shelf,2339,2388,30.0,4093
4441,31_1,dataset\raw\Videos_MERL_Shopping_Dataset\31_1_crop.mp4,train,0,Reach to Shelf,2768,2796,30.0,4093
4442,31_1,dataset\raw\Videos_MERL_Shopping_Dataset\31_1_crop.mp4,train,0,Reach to Shelf,3151,3190,30.0,4093
4443,31_1,dataset\raw\Videos_MERL_Shopping_Dataset\31_1_crop.mp4,train,0,Reach to Shelf,3519,3550,30.0,4093
4444,31_1,dataset\raw\Videos_MERL_Shopping_Dataset\31_1_crop.mp4,train,0,Reach to Shelf,3799,3821,30.0,4093
4445,31_1,dataset\raw\Videos_MERL_Shopping_Dataset\31_1_crop.mp4,train,0,Reach to Shelf,339,377,30.0,4093
4446,31_1,dataset\raw\Videos_MERL_Shopping_Dataset\31_1_crop.mp4,train,0,Reach to Shelf,962,995,30.0,4093
4447,31_1,dataset\raw\Videos_MERL_Shopping_Dataset\31_1_crop.mp4,train,0,Reach to Shelf,1813,1849,30.0,4093
4448,31_1,dataset\raw\Videos_MERL_Shopping_Dataset\31_1_crop.mp4,train,0,Reach to Shelf,2631,2670,30.0,4093
4449,31_1,dataset\raw\Videos_MERL_Shopping_Dataset\31_1_crop.mp4,train,0,Reach to Shelf,3403,3430,30.0,4093
4450,31_1,dataset\raw\Videos_MERL_Shopping_Dataset\31_1_crop.mp4,train,0,Reach to Shelf,3882,3905,30.0,4093
4451,31_1,dataset\raw\Videos_MERL_Shopping_Dataset\31_1_crop.mp4,train,1,Retract from Shelf,380,417,30.0,4093
4452,31_1,dataset\raw\Videos_MERL_Shopping_Dataset\31_1_crop.mp4,train,1,Retract from Shelf,529,553,30.0,4093
4453,31_1,dataset\raw\Videos_MERL_Shopping_Dataset\31_1_crop.mp4,train,1,Retract from Shelf,995,1026,30.0,4093
4454,31_1,dataset\raw\Videos_MERL_Shopping_Dataset\31_1_crop.mp4,train,1,Retract from Shelf,1851,1877,30.0,4093
4455,31_1,dataset\raw\Videos_MERL_Shopping_Dataset\31_1_crop.mp4,train,1,Retract from Shelf,2733,2768,30.0,4093
4456,31_1,dataset\raw\Videos_MERL_Shopping_Dataset\31_1_crop.mp4,train,1,Retract from Shelf,3432,3462,30.0,4093
4457,31_1,dataset\raw\Videos_MERL_Shopping_Dataset\31_1_crop.mp4,train,1,Retract from Shelf,3905,3935,30.0,4093
4458,31_1,dataset\raw\Videos_MERL_Shopping_Dataset\31_1_crop.mp4,train,1,Retract from Shelf,283,311,30.0,4093
4459,31_1,dataset\raw\Videos_MERL_Shopping_Dataset\31_1_crop.mp4,train,1,Retract from Shelf,761,820,30.0,4093
4460,31_1,dataset\raw\Videos_MERL_Shopping_Dataset\31_1_crop.mp4,train,1,Retract from Shelf,1269,1307,30.0,4093
4461,31_1,dataset\raw\Videos_MERL_Shopping_Dataset\31_1_crop.mp4,train,1,Retract from Shelf,1668,1720,30.0,4093
4462,31_1,dataset\raw\Videos_MERL_Shopping_Dataset\31_1_crop.mp4,train,1,Retract from Shelf,2434,2462,30.0,4093
4463,31_1,dataset\raw\Videos_MERL_Shopping_Dataset\31_1_crop.mp4,train,1,Retract from Shelf,2849,2887,30.0,4093
4464,31_1,dataset\raw\Videos_MERL_Shopping_Dataset\31_1_crop.mp4,train,1,Retract from Shelf,3191,3230,30.0,4093
4465,31_1,dataset\raw\Videos_MERL_Shopping_Dataset\31_1_crop.mp4,train,1,Retract from Shelf,3551,3587,30.0,4093
4466,31_1,dataset\raw\Videos_MERL_Shopping_Dataset\31_1_crop.mp4,train,1,Retract from Shelf,3824,3862,30.0,4093
4467,31_1,dataset\raw\Videos_MERL_Shopping_Dataset\31_1_crop.mp4,train,2,Hand in Shelf,227,280,30.0,4093
4468,31_1,dataset\raw\Videos_MERL_Shopping_Dataset\31_1_crop.mp4,train,2,Hand in Shelf,493,529,30.0,4093
4469,31_1,dataset\raw\Videos_MERL_Shopping_Dataset\31_1_crop.mp4,train,2,Hand in Shelf,1625,1666,30.0,4093
4470,31_1,dataset\raw\Videos_MERL_Shopping_Dataset\31_1_crop.mp4,train,2,Hand in Shelf,2389,2433,30.0,4093
4471,31_1,dataset\raw\Videos_MERL_Shopping_Dataset\31_1_crop.mp4,train,2,Hand in Shelf,2673,2733,30.0,4093
4472,31_1,dataset\raw\Videos_MERL_Shopping_Dataset\31_1_crop.mp4,train,2,Hand in Shelf,2796,2848,30.0,4093
4473,31_1,dataset\raw\Videos_MERL_Shopping_Dataset\31_1_crop.mp4,train,3,Inspect Product,315,336,30.0,4093
4474,31_1,dataset\raw\Videos_MERL_Shopping_Dataset\31_1_crop.mp4,train,3,Inspect Product,819,908,30.0,4093
4475,31_1,dataset\raw\Videos_MERL_Shopping_Dataset\31_1_crop.mp4,train,3,Inspect Product,909,961,30.0,4093
4476,31_1,dataset\raw\Videos_MERL_Shopping_Dataset\31_1_crop.mp4,train,3,Inspect Product,1311,1400,30.0,4093
4477,31_1,dataset\raw\Videos_MERL_Shopping_Dataset\31_1_crop.mp4,train,3,Inspect Product,1721,1810,30.0,4093
4478,31_1,dataset\raw\Videos_MERL_Shopping_Dataset\31_1_crop.mp4,train,3,Inspect Product,2462,2551,30.0,4093
4479,31_1,dataset\raw\Videos_MERL_Shopping_Dataset\31_1_crop.mp4,train,3,Inspect Product,2552,2631,30.0,4093
4480,31_1,dataset\raw\Videos_MERL_Shopping_Dataset\31_1_crop.mp4,train,3,Inspect Product,3232,3321,30.0,4093
4481,31_1,dataset\raw\Videos_MERL_Shopping_Dataset\31_1_crop.mp4,train,3,Inspect Product,3322,3400,30.0,4093
4482,31_1,dataset\raw\Videos_MERL_Shopping_Dataset\31_1_crop.mp4,train,3,Inspect Product,3589,3678,30.0,4093
4483,31_1,dataset\raw\Videos_MERL_Shopping_Dataset\31_1_crop.mp4,train,3,Inspect Product,3863,3879,30.0,4093
4484,31_1,dataset\raw\Videos_MERL_Shopping_Dataset\31_1_crop.mp4,train,4,Inspect Shelf,555,644,30.0,4093
4485,31_1,dataset\raw\Videos_MERL_Shopping_Dataset\31_1_crop.mp4,train,4,Inspect Shelf,645,717,30.0,4093
4486,31_1,dataset\raw\Videos_MERL_Shopping_Dataset\31_1_crop.mp4,train,4,Inspect Shelf,1027,1116,30.0,4093
4487,31_1,dataset\raw\Videos_MERL_Shopping_Dataset\31_1_crop.mp4,train,4,Inspect Shelf,1117,1206,30.0,4093
4488,31_1,dataset\raw\Videos_MERL_Shopping_Dataset\31_1_crop.mp4,train,4,Inspect Shelf,1207,1232,30.0,4093
4489,31_1,dataset\raw\Videos_MERL_Shopping_Dataset\31_1_crop.mp4,train,4,Inspect Shelf,1412,1501,30.0,4093
4490,31_1,dataset\raw\Videos_MERL_Shopping_Dataset\31_1_crop.mp4,train,4,Inspect Shelf,1502,1591,30.0,4093
4491,31_1,dataset\raw\Videos_MERL_Shopping_Dataset\31_1_crop.mp4,train,4,Inspect Shelf,1878,1949,30.0,4093
4492,31_1,dataset\raw\Videos_MERL_Shopping_Dataset\31_1_crop.mp4,train,4,Inspect Shelf,2255,2337,30.0,4093
4493,31_1,dataset\raw\Videos_MERL_Shopping_Dataset\31_1_crop.mp4,train,4,Inspect Shelf,2889,2978,30.0,4093
4494,31_1,dataset\raw\Videos_MERL_Shopping_Dataset\31_1_crop.mp4,train,4,Inspect Shelf,2979,3068,30.0,4093
4495,31_1,dataset\raw\Videos_MERL_Shopping_Dataset\31_1_crop.mp4,train,4,Inspect Shelf,3069,3151,30.0,4093
4496,31_1,dataset\raw\Videos_MERL_Shopping_Dataset\31_1_crop.mp4,train,4,Inspect Shelf,3462,3517,30.0,4093
4497,31_1,dataset\raw\Videos_MERL_Shopping_Dataset\31_1_crop.mp4,train,4,Inspect Shelf,3695,3784,30.0,4093
4498,31_2,dataset\raw\Videos_MERL_Shopping_Dataset\31_2_crop.mp4,train,0,Reach to Shelf,218,249,30.0,4061
4499,31_2,dataset\raw\Videos_MERL_Shopping_Dataset\31_2_crop.mp4,train,0,Reach to Shelf,318,335,30.0,4061
4500,31_2,dataset\raw\Videos_MERL_Shopping_Dataset\31_2_crop.mp4,train,0,Reach to Shelf,716,742,30.0,4061
4501,31_2,dataset\raw\Videos_MERL_Shopping_Dataset\31_2_crop.mp4,train,0,Reach to Shelf,928,948,30.0,4061
4502,31_2,dataset\raw\Videos_MERL_Shopping_Dataset\31_2_crop.mp4,train,0,Reach to Shelf,1090,1114,30.0,4061
4503,31_2,dataset\raw\Videos_MERL_Shopping_Dataset\31_2_crop.mp4,train,0,Reach to Shelf,1149,1170,30.0,4061
4504,31_2,dataset\raw\Videos_MERL_Shopping_Dataset\31_2_crop.mp4,train,0,Reach to Shelf,1473,1498,30.0,4061
4505,31_2,dataset\raw\Videos_MERL_Shopping_Dataset\31_2_crop.mp4,train,0,Reach to Shelf,1821,1855,30.0,4061
4506,31_2,dataset\raw\Videos_MERL_Shopping_Dataset\31_2_crop.mp4,train,0,Reach to Shelf,1952,1985,30.0,4061
4507,31_2,dataset\raw\Videos_MERL_Shopping_Dataset\31_2_crop.mp4,train,0,Reach to Shelf,2037,2076,30.0,4061
4508,31_2,dataset\raw\Videos_MERL_Shopping_Dataset\31_2_crop.mp4,train,0,Reach to Shelf,2370,2402,30.0,4061
4509,31_2,dataset\raw\Videos_MERL_Shopping_Dataset\31_2_crop.mp4,train,0,Reach to Shelf,2437,2457,30.0,4061
4510,31_2,dataset\raw\Videos_MERL_Shopping_Dataset\31_2_crop.mp4,train,0,Reach to Shelf,2484,2514,30.0,4061
4511,31_2,dataset\raw\Videos_MERL_Shopping_Dataset\31_2_crop.mp4,train,0,Reach to Shelf,2641,2681,30.0,4061
4512,31_2,dataset\raw\Videos_MERL_Shopping_Dataset\31_2_crop.mp4,train,0,Reach to Shelf,2944,2983,30.0,4061
4513,31_2,dataset\raw\Videos_MERL_Shopping_Dataset\31_2_crop.mp4,train,0,Reach to Shelf,3100,3123,30.0,4061
4514,31_2,dataset\raw\Videos_MERL_Shopping_Dataset\31_2_crop.mp4,train,0,Reach to Shelf,3309,3339,30.0,4061
4515,31_2,dataset\raw\Videos_MERL_Shopping_Dataset\31_2_crop.mp4,train,0,Reach to Shelf,3353,3378,30.0,4061
4516,31_2,dataset\raw\Videos_MERL_Shopping_Dataset\31_2_crop.mp4,train,0,Reach to Shelf,3408,3428,30.0,4061
4517,31_2,dataset\raw\Videos_MERL_Shopping_Dataset\31_2_crop.mp4,train,0,Reach to Shelf,3521,3556,30.0,4061
4518,31_2,dataset\raw\Videos_MERL_Shopping_Dataset\31_2_crop.mp4,train,0,Reach to Shelf,3748,3771,30.0,4061
4519,31_2,dataset\raw\Videos_MERL_Shopping_Dataset\31_2_crop.mp4,train,0,Reach to Shelf,478,524,30.0,4061
4520,31_2,dataset\raw\Videos_MERL_Shopping_Dataset\31_2_crop.mp4,train,0,Reach to Shelf,1024,1054,30.0,4061
4521,31_2,dataset\raw\Videos_MERL_Shopping_Dataset\31_2_crop.mp4,train,0,Reach to Shelf,1578,1620,30.0,4061
4522,31_2,dataset\raw\Videos_MERL_Shopping_Dataset\31_2_crop.mp4,train,0,Reach to Shelf,1736,1770,30.0,4061
4523,31_2,dataset\raw\Videos_MERL_Shopping_Dataset\31_2_crop.mp4,train,0,Reach to Shelf,3029,3054,30.0,4061
4524,31_2,dataset\raw\Videos_MERL_Shopping_Dataset\31_2_crop.mp4,train,0,Reach to Shelf,3597,3630,30.0,4061
4525,31_2,dataset\raw\Videos_MERL_Shopping_Dataset\31_2_crop.mp4,train,0,Reach to Shelf,3814,3834,30.0,4061
4526,31_2,dataset\raw\Videos_MERL_Shopping_Dataset\31_2_crop.mp4,train,1,Retract from Shelf,292,317,30.0,4061
4527,31_2,dataset\raw\Videos_MERL_Shopping_Dataset\31_2_crop.mp4,train,1,Retract from Shelf,526,547,30.0,4061
4528,31_2,dataset\raw\Videos_MERL_Shopping_Dataset\31_2_crop.mp4,train,1,Retract from Shelf,812,829,30.0,4061
4529,31_2,dataset\raw\Videos_MERL_Shopping_Dataset\31_2_crop.mp4,train,1,Retract from Shelf,1053,1072,30.0,4061
4530,31_2,dataset\raw\Videos_MERL_Shopping_Dataset\31_2_crop.mp4,train,1,Retract from Shelf,1212,1239,30.0,4061
4531,31_2,dataset\raw\Videos_MERL_Shopping_Dataset\31_2_crop.mp4,train,1,Retract from Shelf,1771,1794,30.0,4061
4532,31_2,dataset\raw\Videos_MERL_Shopping_Dataset\31_2_crop.mp4,train,1,Retract from Shelf,1999,2026,30.0,4061
4533,31_2,dataset\raw\Videos_MERL_Shopping_Dataset\31_2_crop.mp4,train,1,Retract from Shelf,2418,2436,30.0,4061
4534,31_2,dataset\raw\Videos_MERL_Shopping_Dataset\31_2_crop.mp4,train,1,Retract from Shelf,2549,2576,30.0,4061
4535,31_2,dataset\raw\Videos_MERL_Shopping_Dataset\31_2_crop.mp4,train,1,Retract from Shelf,2687,2729,30.0,4061
4536,31_2,dataset\raw\Videos_MERL_Shopping_Dataset\31_2_crop.mp4,train,1,Retract from Shelf,3056,3095,30.0,4061
4537,31_2,dataset\raw\Videos_MERL_Shopping_Dataset\31_2_crop.mp4,train,1,Retract from Shelf,3146,3186,30.0,4061
4538,31_2,dataset\raw\Videos_MERL_Shopping_Dataset\31_2_crop.mp4,train,1,Retract from Shelf,3458,3494,30.0,4061
4539,31_2,dataset\raw\Videos_MERL_Shopping_Dataset\31_2_crop.mp4,train,1,Retract from Shelf,3630,3667,30.0,4061
4540,31_2,dataset\raw\Videos_MERL_Shopping_Dataset\31_2_crop.mp4,train,1,Retract from Shelf,3834,3862,30.0,4061
4541,31_2,dataset\raw\Videos_MERL_Shopping_Dataset\31_2_crop.mp4,train,1,Retract from Shelf,335,383,30.0,4061
4542,31_2,dataset\raw\Videos_MERL_Shopping_Dataset\31_2_crop.mp4,train,1,Retract from Shelf,950,979,30.0,4061
4543,31_2,dataset\raw\Videos_MERL_Shopping_Dataset\31_2_crop.mp4,train,1,Retract from Shelf,1500,1522,30.0,4061
4544,31_2,dataset\raw\Videos_MERL_Shopping_Dataset\31_2_crop.mp4,train,1,Retract from Shelf,1638,1661,30.0,4061
4545,31_2,dataset\raw\Videos_MERL_Shopping_Dataset\31_2_crop.mp4,train,1,Retract from Shelf,1853,1889,30.0,4061
4546,31_2,dataset\raw\Videos_MERL_Shopping_Dataset\31_2_crop.mp4,train,1,Retract from Shelf,2075,2108,30.0,4061
4547,31_2,dataset\raw\Videos_MERL_Shopping_Dataset\31_2_crop.mp4,train,1,Retract from Shelf,2983,3007,30.0,4061
4548,31_2,dataset\raw\Videos_MERL_Shopping_Dataset\31_2_crop.mp4,train,1,Retract from Shelf,3555,3596,30.0,4061
4549,31_2,dataset\raw\Videos_MERL_Shopping_Dataset\31_2_crop.mp4,train,1,Retract from Shelf,3772,3813,30.0,4061
4550,31_2,dataset\raw\Videos_MERL_Shopping_Dataset\31_2_crop.mp4,train,2,Hand in Shelf,254,292,30.0,4061
4551,31_2,dataset\raw\Videos_MERL_Shopping_Dataset\31_2_crop.mp4,train,2,Hand in Shelf,746,807,30.0,4061
4552,31_2,dataset\raw\Videos_MERL_Shopping_Dataset\31_2_crop.mp4,train,2,Hand in Shelf,1117,1149,30.0,4061
4553,31_2,dataset\raw\Videos_MERL_Shopping_Dataset\31_2_crop.mp4,train,2,Hand in Shelf,1171,1210,30.0,4061
4554,31_2,dataset\raw\Videos_MERL_Shopping_Dataset\31_2_crop.mp4,train,2,Hand in Shelf,1621,1638,30.0,4061
4555,31_2,dataset\raw\Videos_MERL_Shopping_Dataset\31_2_crop.mp4,train,2,Hand in Shelf,2404,2418,30.0,4061
4556,31_2,dataset\raw\Videos_MERL_Shopping_Dataset\31_2_crop.mp4,train,2,Hand in Shelf,2457,2484,30.0,4061
4557,31_2,dataset\raw\Videos_MERL_Shopping_Dataset\31_2_crop.mp4,train,2,Hand in Shelf,2515,2548,30.0,4061
4558,31_2,dataset\raw\Videos_MERL_Shopping_Dataset\31_2_crop.mp4,train,2,Hand in Shelf,3124,3147,30.0,4061
4559,31_2,dataset\raw\Videos_MERL_Shopping_Dataset\31_2_crop.mp4,train,2,Hand in Shelf,3339,3353,30.0,4061
4560,31_2,dataset\raw\Videos_MERL_Shopping_Dataset\31_2_crop.mp4,train,2,Hand in Shelf,3378,3407,30.0,4061
4561,31_2,dataset\raw\Videos_MERL_Shopping_Dataset\31_2_crop.mp4,train,2,Hand in Shelf,3429,3458,30.0,4061
4562,31_2,dataset\raw\Videos_MERL_Shopping_Dataset\31_2_crop.mp4,train,3,Inspect Product,386,475,30.0,4061
4563,31_2,dataset\raw\Videos_MERL_Shopping_Dataset\31_2_crop.mp4,train,3,Inspect Product,983,1021,30.0,4061
4564,31_2,dataset\raw\Videos_MERL_Shopping_Dataset\31_2_crop.mp4,train,3,Inspect Product,1525,1578,30.0,4061
4565,31_2,dataset\raw\Videos_MERL_Shopping_Dataset\31_2_crop.mp4,train,3,Inspect Product,1663,1734,30.0,4061
4566,31_2,dataset\raw\Videos_MERL_Shopping_Dataset\31_2_crop.mp4,train,3,Inspect Product,3008,3026,30.0,4061
4567,31_2,dataset\raw\Videos_MERL_Shopping_Dataset\31_2_crop.mp4,train,4,Inspect Shelf,556,645,30.0,4061
4568,31_2,dataset\raw\Videos_MERL_Shopping_Dataset\31_2_crop.mp4,train,4,Inspect Shelf,646,710,30.0,4061
4569,31_2,dataset\raw\Videos_MERL_Shopping_Dataset\31_2_crop.mp4,train,4,Inspect Shelf,835,924,30.0,4061
4570,31_2,dataset\raw\Videos_MERL_Shopping_Dataset\31_2_crop.mp4,train,4,Inspect Shelf,1247,1336,30.0,4061
4571,31_2,dataset\raw\Videos_MERL_Shopping_Dataset\31_2_crop.mp4,train,4,Inspect Shelf,1337,1426,30.0,4061
4572,31_2,dataset\raw\Videos_MERL_Shopping_Dataset\31_2_crop.mp4,train,4,Inspect Shelf,1427,1469,30.0,4061
4573,31_2,dataset\raw\Videos_MERL_Shopping_Dataset\31_2_crop.mp4,train,4,Inspect Shelf,1891,1954,30.0,4061
4574,31_2,dataset\raw\Videos_MERL_Shopping_Dataset\31_2_crop.mp4,train,4,Inspect Shelf,2580,2638,30.0,4061
4575,31_2,dataset\raw\Videos_MERL_Shopping_Dataset\31_2_crop.mp4,train,4,Inspect Shelf,2730,2819,30.0,4061
4576,31_2,dataset\raw\Videos_MERL_Shopping_Dataset\31_2_crop.mp4,train,4,Inspect Shelf,2820,2909,30.0,4061
4577,31_2,dataset\raw\Videos_MERL_Shopping_Dataset\31_2_crop.mp4,train,4,Inspect Shelf,2910,2942,30.0,4061
4578,31_2,dataset\raw\Videos_MERL_Shopping_Dataset\31_2_crop.mp4,train,4,Inspect Shelf,3187,3276,30.0,4061
4579,31_2,dataset\raw\Videos_MERL_Shopping_Dataset\31_2_crop.mp4,train,4,Inspect Shelf,3277,3307,30.0,4061
4580,31_2,dataset\raw\Videos_MERL_Shopping_Dataset\31_2_crop.mp4,train,4,Inspect Shelf,3495,3521,30.0,4061
4581,31_2,dataset\raw\Videos_MERL_Shopping_Dataset\31_2_crop.mp4,train,4,Inspect Shelf,3668,3749,30.0,4061
4634,32_1,dataset\raw\Videos_MERL_Shopping_Dataset\32_1_crop.mp4,train,0,Reach to Shelf,153,180,30.0,4202
4635,32_1,dataset\raw\Videos_MERL_Shopping_Dataset\32_1_crop.mp4,train,0,Reach to Shelf,325,351,30.0,4202
4636,32_1,dataset\raw\Videos_MERL_Shopping_Dataset\32_1_crop.mp4,train,0,Reach to Shelf,411,481,30.0,4202
4637,32_1,dataset\raw\Videos_MERL_Shopping_Dataset\32_1_crop.mp4,train,0,Reach to Shelf,563,612,30.0,4202
4638,32_1,dataset\raw\Videos_MERL_Shopping_Dataset\32_1_crop.mp4,train,0,Reach to Shelf,1028,1077,30.0,4202
4639,32_1,dataset\raw\Videos_MERL_Shopping_Dataset\32_1_crop.mp4,train,0,Reach to Shelf,1187,1254,30.0,4202
4640,32_1,dataset\raw\Videos_MERL_Shopping_Dataset\32_1_crop.mp4,train,0,Reach to Shelf,1660,1720,30.0,4202
4641,32_1,dataset\raw\Videos_MERL_Shopping_Dataset\32_1_crop.mp4,train,0,Reach to Shelf,2260,2304,30.0,4202
4642,32_1,dataset\raw\Videos_MERL_Shopping_Dataset\32_1_crop.mp4,train,0,Reach to Shelf,2426,2457,30.0,4202
4643,32_1,dataset\raw\Videos_MERL_Shopping_Dataset\32_1_crop.mp4,train,0,Reach to Shelf,2517,2544,30.0,4202
4644,32_1,dataset\raw\Videos_MERL_Shopping_Dataset\32_1_crop.mp4,train,0,Reach to Shelf,2919,2959,30.0,4202
4645,32_1,dataset\raw\Videos_MERL_Shopping_Dataset\32_1_crop.mp4,train,0,Reach to Shelf,3059,3124,30.0,4202
4646,32_1,dataset\raw\Videos_MERL_Shopping_Dataset\32_1_crop.mp4,train,0,Reach to Shelf,3170,3199,30.0,4202
4647,32_1,dataset\raw\Videos_MERL_Shopping_Dataset\32_1_crop.mp4,train,0,Reach to Shelf,3410,3461,30.0,4202
4648,32_1,dataset\raw\Videos_MERL_Shopping_Dataset\32_1_crop.mp4,train,0,Reach to Shelf,3555,3594,30.0,4202
4649,32_1,dataset\raw\Videos_MERL_Shopping_Dataset\32_1_crop.mp4,train,0,Reach to Shelf,2799,2834,30.0,4202
4650,32_1,dataset\raw\Videos_MERL_Shopping_Dataset\32_1_crop.mp4,train,0,Reach to Shelf,3752,3805,30.0,4202
4651,32_1,dataset\raw\Videos_MERL_Shopping_Dataset\32_1_crop.mp4,train,1,Retract from Shelf,539,564,30.0,4202
4652,32_1,dataset\raw\Videos_MERL_Shopping_Dataset\32_1_crop.mp4,train,1,Retract from Shelf,1615,1643,30.0,4202
4653,32_1,dataset\raw\Videos_MERL_Shopping_Dataset\32_1_crop.mp4,train,1,Retract from Shelf,2849,2872,30.0,4202
4654,32_1,dataset\raw\Videos_MERL_Shopping_Dataset\32_1_crop.mp4,train,1,Retract from Shelf,3900,3930,30.0,4202
4655,32_1,dataset\raw\Videos_MERL_Shopping_Dataset\32_1_crop.mp4,train,1,Retract from Shelf,199,236,30.0,4202
4656,32_1,dataset\raw\Videos_MERL_Shopping_Dataset\32_1_crop.mp4,train,1,Retract from Shelf,352,403,30.0,4202
4657,32_1,dataset\raw\Videos_MERL_Shopping_Dataset\32_1_crop.mp4,train,1,Retract from Shelf,675,732,30.0,4202
4658,32_1,dataset\raw\Videos_MERL_Shopping_Dataset\32_1_crop.mp4,train,1,Retract from Shelf,1096,1137,30.0,4202
4659,32_1,dataset\raw\Videos_MERL_Shopping_Dataset\32_1_crop.mp4,train,1,Retract from Shelf,1466,1495,30.0,4202
4660,32_1,dataset\raw\Videos_MERL_Shopping_Dataset\32_1_crop.mp4,train,1,Retract from Shelf,1882,1905,30.0,4202
4661,32_1,dataset\raw\Videos_MERL_Shopping_Dataset\32_1_crop.mp4,train,1,Retract from Shelf,2306,2348,30.0,4202
4662,32_1,dataset\raw\Videos_MERL_Shopping_Dataset\32_1_crop.mp4,train,1,Retract from Shelf,2458,2513,30.0,4202
4663,32_1,dataset\raw\Videos_MERL_Shopping_Dataset\32_1_crop.mp4,train,1,Retract from Shelf,2582,2611,30.0,4202
4664,32_1,dataset\raw\Videos_MERL_Shopping_Dataset\32_1_crop.mp4,train,1,Retract from Shelf,2961,3000,30.0,4202
4665,32_1,dataset\raw\Videos_MERL_Shopping_Dataset\32_1_crop.mp4,train,1,Retract from Shelf,3202,3241,30.0,4202
4666,32_1,dataset\raw\Videos_MERL_Shopping_Dataset\32_1_crop.mp4,train,1,Retract from Shelf,3675,3706,30.0,4202
4667,32_1,dataset\raw\Videos_MERL_Shopping_Dataset\32_1_crop.mp4,train,2,Hand in Shelf,182,196,30.0,4202
4668,32_1,dataset\raw\Videos_MERL_Shopping_Dataset\32_1_crop.mp4,train,2,Hand in Shelf,484,538,30.0,4202
4669,32_1,dataset\raw\Videos_MERL_Shopping_Dataset\32_1_crop.mp4,train,2,Hand in Shelf,612,674,30.0,4202
4670,32_1,dataset\raw\Videos_MERL_Shopping_Dataset\32_1_crop.mp4,train,2,Hand in Shelf,1077,1095,30.0,4202
4671,32_1,dataset\raw\Videos_MERL_Shopping_Dataset\32_1_crop.mp4,train,2,Hand in Shelf,1256,1345,30.0,4202
4672,32_1,dataset\raw\Videos_MERL_Shopping_Dataset\32_1_crop.mp4,train,2,Hand in Shelf,1346,1435,30.0,4202
4673,32_1,dataset\raw\Videos_MERL_Shopping_Dataset\32_1_crop.mp4,train,2,Hand in Shelf,1436,1465,30.0,4202
4674,32_1,dataset\raw\Videos_MERL_Shopping_Dataset\32_1_crop.mp4,train,2,Hand in Shelf,1722,1811,30.0,4202
4675,32_1,dataset\raw\Videos_MERL_Shopping_Dataset\32_1_crop.mp4,train,2,Hand in Shelf,1812,1880,30.0,4202
4676,32_1,dataset\raw\Videos_MERL_Shopping_Dataset\32_1_crop.mp4,train,2,Hand in Shelf,2546,2579,30.0,4202
4677,32_1,dataset\raw\Videos_MERL_Shopping_Dataset\32_1_crop.mp4,train,2,Hand in Shelf,3126,3169,30.0,4202
4678,32_1,dataset\raw\Videos_MERL_Shopping_Dataset\32_1_crop.mp4,train,2,Hand in Shelf,3463,3552,30.0,4202
4679,32_1,dataset\raw\Videos_MERL_Shopping_Dataset\32_1_crop.mp4,train,2,Hand in Shelf,3595,3675,30.0,4202
4680,32_1,dataset\raw\Videos_MERL_Shopping_Dataset\32_1_crop.mp4,train,2,Hand in Shelf,3805,3894,30.0,4202
4681,32_1,dataset\raw\Videos_MERL_Shopping_Dataset\32_1_crop.mp4,train,3,Inspect Product,327,349,30.0,4202
4682,32_1,dataset\raw\Videos_MERL_Shopping_Dataset\32_1_crop.mp4,train,3,Inspect Product,2762,2799,30.0,4202
4683,32_1,dataset\raw\Videos_MERL_Shopping_Dataset\32_1_crop.mp4,train,3,Inspect Product,3243,3332,30.0,4202
4684,32_1,dataset\raw\Videos_MERL_Shopping_Dataset\32_1_crop.mp4,train,3,Inspect Product,3333,3410,30.0,4202
4685,32_1,dataset\raw\Videos_MERL_Shopping_Dataset\32_1_crop.mp4,train,3,Inspect Product,3707,3751,30.0,4202
4686,32_1,dataset\raw\Videos_MERL_Shopping_Dataset\32_1_crop.mp4,train,4,Inspect Shelf,238,326,30.0,4202
4687,32_1,dataset\raw\Videos_MERL_Shopping_Dataset\32_1_crop.mp4,train,4,Inspect Shelf,737,826,30.0,4202
4688,32_1,dataset\raw\Videos_MERL_Shopping_Dataset\32_1_crop.mp4,train,4,Inspect Shelf,827,916,30.0,4202
4689,32_1,dataset\raw\Videos_MERL_Shopping_Dataset\32_1_crop.mp4,train,4,Inspect Shelf,917,1006,30.0,4202
4690,32_1,dataset\raw\Videos_MERL_Shopping_Dataset\32_1_crop.mp4,train,4,Inspect Shelf,1007,1026,30.0,4202
4691,32_1,dataset\raw\Videos_MERL_Shopping_Dataset\32_1_crop.mp4,train,4,Inspect Shelf,1139,1185,30.0,4202
4692,32_1,dataset\raw\Videos_MERL_Shopping_Dataset\32_1_crop.mp4,train,4,Inspect Shelf,1502,1591,30.0,4202
4693,32_1,dataset\raw\Videos_MERL_Shopping_Dataset\32_1_crop.mp4,train,4,Inspect Shelf,1592,1612,30.0,4202
4694,32_1,dataset\raw\Videos_MERL_Shopping_Dataset\32_1_crop.mp4,train,4,Inspect Shelf,2352,2424,30.0,4202
4695,32_1,dataset\raw\Videos_MERL_Shopping_Dataset\32_1_crop.mp4,train,4,Inspect Shelf,2613,2702,30.0,4202
4696,32_1,dataset\raw\Videos_MERL_Shopping_Dataset\32_1_crop.mp4,train,4,Inspect Shelf,2703,2762,30.0,4202
4697,32_1,dataset\raw\Videos_MERL_Shopping_Dataset\32_1_crop.mp4,train,4,Inspect Shelf,2874,2916,30.0,4202
4698,32_1,dataset\raw\Videos_MERL_Shopping_Dataset\32_1_crop.mp4,train,4,Inspect Shelf,3001,3059,30.0,4202
4699,32_2,dataset\raw\Videos_MERL_Shopping_Dataset\32_2_crop.mp4,train,0,Reach to Shelf,137,179,30.0,3863
4700,32_2,dataset\raw\Videos_MERL_Shopping_Dataset\32_2_crop.mp4,train,0,Reach to Shelf,260,281,30.0,3863
4701,32_2,dataset\raw\Videos_MERL_Shopping_Dataset\32_2_crop.mp4,train,0,Reach to Shelf,397,422,30.0,3863
4702,32_2,dataset\raw\Videos_MERL_Shopping_Dataset\32_2_crop.mp4,train,0,Reach to Shelf,858,892,30.0,3863
4703,32_2,dataset\raw\Videos_MERL_Shopping_Dataset\32_2_crop.mp4,train,0,Reach to Shelf,965,1001,30.0,3863
4704,32_2,dataset\raw\Videos_MERL_Shopping_Dataset\32_2_crop.mp4,train,0,Reach to Shelf,1670,1696,30.0,3863
4705,32_2,dataset\raw\Videos_MERL_Shopping_Dataset\32_2_crop.mp4,train,0,Reach to Shelf,2046,2075,30.0,3863
4706,32_2,dataset\raw\Videos_MERL_Shopping_Dataset\32_2_crop.mp4,train,0,Reach to Shelf,2463,2495,30.0,3863
4707,32_2,dataset\raw\Videos_MERL_Shopping_Dataset\32_2_crop.mp4,train,0,Reach to Shelf,2657,2685,30.0,3863
4708,32_2,dataset\raw\Videos_MERL_Shopping_Dataset\32_2_crop.mp4,train,0,Reach to Shelf,2751,2783,30.0,3863
4709,32_2,dataset\raw\Videos_MERL_Shopping_Dataset\32_2_crop.mp4,train,0,Reach to Shelf,3153,3192,30.0,3863
4710,32_2,dataset\raw\Videos_MERL_Shopping_Dataset\32_2_crop.mp4,train,0,Reach to Shelf,3302,3326,30.0,3863
4711,32_2,dataset\raw\Videos_MERL_Shopping_Dataset\32_2_crop.mp4,train,0,Reach to Shelf,1277,1308,30.0,3863
4712,32_2,dataset\raw\Videos_MERL_Shopping_Dataset\32_2_crop.mp4,train,0,Reach to Shelf,1610,1644,30.0,3863
4713,32_2,dataset\raw\Videos_MERL_Shopping_Dataset\32_2_crop.mp4,train,0,Reach to Shelf,1850,1873,30.0,3863
4714,32_2,dataset\raw\Videos_MERL_Shopping_Dataset\32_2_crop.mp4,train,0,Reach to Shelf,2323,2358,30.0,3863
4715,32_2,dataset\raw\Videos_MERL_Shopping_Dataset\32_2_crop.mp4,train,0,Reach to Shelf,2883,2933,30.0,3863
4716,32_2,dataset\raw\Videos_MERL_Shopping_Dataset\32_2_crop.mp4,train,0,Reach to Shelf,3347,3381,30.0,3863
4717,32_2,dataset\raw\Videos_MERL_Shopping_Dataset\32_2_crop.mp4,train,0,Reach to Shelf,3501,3542,30.0,3863
4718,32_2,dataset\raw\Videos_MERL_Shopping_Dataset\32_2_crop.mp4,train,0,Reach to Shelf,3639,3672,30.0,3863
4719,32_2,dataset\raw\Videos_MERL_Shopping_Dataset\32_2_crop.mp4,train,1,Retract from Shelf,1873,1890,30.0,3863
4720,32_2,dataset\raw\Videos_MERL_Shopping_Dataset\32_2_crop.mp4,train,1,Retract from Shelf,2358,2395,30.0,3863
4721,32_2,dataset\raw\Videos_MERL_Shopping_Dataset\32_2_crop.mp4,train,1,Retract from Shelf,2517,2553,30.0,3863
4722,32_2,dataset\raw\Videos_MERL_Shopping_Dataset\32_2_crop.mp4,train,1,Retract from Shelf,2936,2996,30.0,3863
4723,32_2,dataset\raw\Videos_MERL_Shopping_Dataset\32_2_crop.mp4,train,1,Retract from Shelf,221,254,30.0,3863
4724,32_2,dataset\raw\Videos_MERL_Shopping_Dataset\32_2_crop.mp4,train,1,Retract from Shelf,299,326,30.0,3863
4725,32_2,dataset\raw\Videos_MERL_Shopping_Dataset\32_2_crop.mp4,train,1,Retract from Shelf,437,469,30.0,3863
4726,32_2,dataset\raw\Videos_MERL_Shopping_Dataset\32_2_crop.mp4,train,1,Retract from Shelf,902,933,30.0,3863
4727,32_2,dataset\raw\Videos_MERL_Shopping_Dataset\32_2_crop.mp4,train,1,Retract from Shelf,1003,1038,30.0,3863
4728,32_2,dataset\raw\Videos_MERL_Shopping_Dataset\32_2_crop.mp4,train,1,Retract from Shelf,1354,1382,30.0,3863
4729,32_2,dataset\raw\Videos_MERL_Shopping_Dataset\32_2_crop.mp4,train,1,Retract from Shelf,1785,1802,30.0,3863
4730,32_2,dataset\raw\Videos_MERL_Shopping_Dataset\32_2_crop.mp4,train,1,Retract from Shelf,2083,2115,30.0,3863
4731,32_2,dataset\raw\Videos_MERL_Shopping_Dataset\32_2_crop.mp4,train,1,Retract from Shelf,2716,2750,30.0,3863
4732,32_2,dataset\raw\Videos_MERL_Shopping_Dataset\32_2_crop.mp4,train,1,Retract from Shelf,2795,2816,30.0,3863
4733,32_2,dataset\raw\Videos_MERL_Shopping_Dataset\32_2_crop.mp4,train,1,Retract from Shelf,3277,3301,30.0,3863
4734,32_2,dataset\raw\Videos_MERL_Shopping_Dataset\32_2_crop.mp4,train,1,Retract from Shelf,3326,3346,30.0,3863
4735,32_2,dataset\raw\Videos_MERL_Shopping_Dataset\32_2_crop.mp4,train,1,Retract from Shelf,3409,3446,30.0,3863
4736,32_2,dataset\raw\Videos_MERL_Shopping_Dataset\32_2_crop.mp4,train,1,Retract from Shelf,3580,3610,30.0,3863
4737,32_2,dataset\raw\Videos_MERL_Shopping_Dataset\32_2_crop.mp4,train,2,Hand in Shelf,181,219,30.0,3863
4738,32_2,dataset\raw\Videos_MERL_Shopping_Dataset\32_2_crop.mp4,train,2,Hand in Shelf,282,297,30.0,3863
4739,32_2,dataset\raw\Videos_MERL_Shopping_Dataset\32_2_crop.mp4,train,2,Hand in Shelf,1311,1353,30.0,3863
4740,32_2,dataset\raw\Videos_MERL_Shopping_Dataset\32_2_crop.mp4,train,2,Hand in Shelf,1644,1670,30.0,3863
4741,32_2,dataset\raw\Videos_MERL_Shopping_Dataset\32_2_crop.mp4,train,2,Hand in Shelf,1696,1784,30.0,3863
4742,32_2,dataset\raw\Videos_MERL_Shopping_Dataset\32_2_crop.mp4,train,2,Hand in Shelf,2498,2515,30.0,3863
4743,32_2,dataset\raw\Videos_MERL_Shopping_Dataset\32_2_crop.mp4,train,2,Hand in Shelf,2686,2716,30.0,3863
4744,32_2,dataset\raw\Videos_MERL_Shopping_Dataset\32_2_crop.mp4,train,2,Hand in Shelf,3194,3276,30.0,3863
4745,32_2,dataset\raw\Videos_MERL_Shopping_Dataset\32_2_crop.mp4,train,2,Hand in Shelf,3382,3408,30.0,3863
4746,32_2,dataset\raw\Videos_MERL_Shopping_Dataset\32_2_crop.mp4,train,2,Hand in Shelf,3543,3580,30.0,3863
4747,32_2,dataset\raw\Videos_MERL_Shopping_Dataset\32_2_crop.mp4,train,3,Inspect Product,1041,1130,30.0,3863
4748,32_2,dataset\raw\Videos_MERL_Shopping_Dataset\32_2_crop.mp4,train,3,Inspect Product,1131,1220,30.0,3863
4749,32_2,dataset\raw\Videos_MERL_Shopping_Dataset\32_2_crop.mp4,train,3,Inspect Product,1221,1277,30.0,3863
4750,32_2,dataset\raw\Videos_MERL_Shopping_Dataset\32_2_crop.mp4,train,3,Inspect Product,1384,1473,30.0,3863
4751,32_2,dataset\raw\Videos_MERL_Shopping_Dataset\32_2_crop.mp4,train,3,Inspect Product,1474,1563,30.0,3863
4752,32_2,dataset\raw\Videos_MERL_Shopping_Dataset\32_2_crop.mp4,train,3,Inspect Product,1564,1605,30.0,3863
4753,32_2,dataset\raw\Videos_MERL_Shopping_Dataset\32_2_crop.mp4,train,3,Inspect Product,1803,1849,30.0,3863
4754,32_2,dataset\raw\Videos_MERL_Shopping_Dataset\32_2_crop.mp4,train,3,Inspect Product,2120,2209,30.0,3863
4755,32_2,dataset\raw\Videos_MERL_Shopping_Dataset\32_2_crop.mp4,train,3,Inspect Product,2210,2299,30.0,3863
4756,32_2,dataset\raw\Videos_MERL_Shopping_Dataset\32_2_crop.mp4,train,3,Inspect Product,2300,2316,30.0,3863
4757,32_2,dataset\raw\Videos_MERL_Shopping_Dataset\32_2_crop.mp4,train,3,Inspect Product,2820,2879,30.0,3863
4758,32_2,dataset\raw\Videos_MERL_Shopping_Dataset\32_2_crop.mp4,train,3,Inspect Product,3450,3502,30.0,3863
4759,32_2,dataset\raw\Videos_MERL_Shopping_Dataset\32_2_crop.mp4,train,3,Inspect Product,3613,3640,30.0,3863
4760,32_2,dataset\raw\Videos_MERL_Shopping_Dataset\32_2_crop.mp4,train,4,Inspect Shelf,327,396,30.0,3863
4761,32_2,dataset\raw\Videos_MERL_Shopping_Dataset\32_2_crop.mp4,train,4,Inspect Shelf,471,560,30.0,3863
4762,32_2,dataset\raw\Videos_MERL_Shopping_Dataset\32_2_crop.mp4,train,4,Inspect Shelf,561,650,30.0,3863
4763,32_2,dataset\raw\Videos_MERL_Shopping_Dataset\32_2_crop.mp4,train,4,Inspect Shelf,651,740,30.0,3863
4764,32_2,dataset\raw\Videos_MERL_Shopping_Dataset\32_2_crop.mp4,train,4,Inspect Shelf,741,830,30.0,3863
4765,32_2,dataset\raw\Videos_MERL_Shopping_Dataset\32_2_crop.mp4,train,4,Inspect Shelf,831,855,30.0,3863
4766,32_2,dataset\raw\Videos_MERL_Shopping_Dataset\32_2_crop.mp4,train,4,Inspect Shelf,935,963,30.0,3863
4767,32_2,dataset\raw\Videos_MERL_Shopping_Dataset\32_2_crop.mp4,train,4,Inspect Shelf,2397,2463,30.0,3863
4768,32_2,dataset\raw\Videos_MERL_Shopping_Dataset\32_2_crop.mp4,train,4,Inspect Shelf,2557,2646,30.0,3863
4769,32_2,dataset\raw\Videos_MERL_Shopping_Dataset\32_2_crop.mp4,train,4,Inspect Shelf,2997,3086,30.0,3863
4770,32_2,dataset\raw\Videos_MERL_Shopping_Dataset\32_2_crop.mp4,train,4,Inspect Shelf,3087,3153,30.0,3863
4771,32_2,dataset\raw\Videos_MERL_Shopping_Dataset\32_2_crop.mp4,train,4,Inspect Shelf,3674,3743,30.0,3863
4897,34_1,dataset\raw\Videos_MERL_Shopping_Dataset\34_1_crop.mp4,train,0,Reach to Shelf,275,305,30.0,3986
4898,34_1,dataset\raw\Videos_MERL_Shopping_Dataset\34_1_crop.mp4,train,0,Reach to Shelf,600,628,30.0,3986
4899,34_1,dataset\raw\Videos_MERL_Shopping_Dataset\34_1_crop.mp4,train,0,Reach to Shelf,983,1019,30.0,3986
4900,34_1,dataset\raw\Videos_MERL_Shopping_Dataset\34_1_crop.mp4,train,0,Reach to Shelf,1356,1394,30.0,3986
4901,34_1,dataset\raw\Videos_MERL_Shopping_Dataset\34_1_crop.mp4,train,0,Reach to Shelf,1886,1937,30.0,3986
4902,34_1,dataset\raw\Videos_MERL_Shopping_Dataset\34_1_crop.mp4,train,0,Reach to Shelf,2309,2348,30.0,3986
4903,34_1,dataset\raw\Videos_MERL_Shopping_Dataset\34_1_crop.mp4,train,0,Reach to Shelf,2774,2800,30.0,3986
4904,34_1,dataset\raw\Videos_MERL_Shopping_Dataset\34_1_crop.mp4,train,0,Reach to Shelf,3235,3272,30.0,3986
4905,34_1,dataset\raw\Videos_MERL_Shopping_Dataset\34_1_crop.mp4,train,0,Reach to Shelf,3506,3532,30.0,3986
4906,34_1,dataset\raw\Videos_MERL_Shopping_Dataset\34_1_crop.mp4,train,0,Reach to Shelf,519,556,30.0,3986
4907,34_1,dataset\raw\Videos_MERL_Shopping_Dataset\34_1_crop.mp4,train,0,Reach to Shelf,1093,1140,30.0,3986
4908,34_1,dataset\raw\Videos_MERL_Shopping_Dataset\34_1_crop.mp4,train,0,Reach to Shelf,1487,1531,30.0,3986
4909,34_1,dataset\raw\Videos_MERL_Shopping_Dataset\34_1_crop.mp4,train,0,Reach to Shelf,2522,2573,30.0,3986
4910,34_1,dataset\raw\Videos_MERL_Shopping_Dataset\34_1_crop.mp4,train,0,Reach to Shelf,3015,3094,30.0,3986
4911,34_1,dataset\raw\Videos_MERL_Shopping_Dataset\34_1_crop.mp4,train,0,Reach to Shelf,3385,3430,30.0,3986
4912,34_1,dataset\raw\Videos_MERL_Shopping_Dataset\34_1_crop.mp4,train,0,Reach to Shelf,3718,3765,30.0,3986
4913,34_1,dataset\raw\Videos_MERL_Shopping_Dataset\34_1_crop.mp4,train,1,Retract from Shelf,583,599,30.0,3986
4914,34_1,dataset\raw\Videos_MERL_Shopping_Dataset\34_1_crop.mp4,train,1,Retract from Shelf,663,693,30.0,3986
4915,34_1,dataset\raw\Videos_MERL_Shopping_Dataset\34_1_crop.mp4,train,1,Retract from Shelf,1140,1156,30.0,3986
4916,34_1,dataset\raw\Videos_MERL_Shopping_Dataset\34_1_crop.mp4,train,1,Retract from Shelf,1532,1566,30.0,3986
4917,34_1,dataset\raw\Videos_MERL_Shopping_Dataset\34_1_crop.mp4,train,1,Retract from Shelf,2573,2604,30.0,3986
4918,34_1,dataset\raw\Videos_MERL_Shopping_Dataset\34_1_crop.mp4,train,1,Retract from Shelf,3096,3124,30.0,3986
4919,34_1,dataset\raw\Videos_MERL_Shopping_Dataset\34_1_crop.mp4,train,1,Retract from Shelf,3431,3464,30.0,3986
4920,34_1,dataset\raw\Videos_MERL_Shopping_Dataset\34_1_crop.mp4,train,1,Retract from Shelf,3766,3791,30.0,3986
4921,34_1,dataset\raw\Videos_MERL_Shopping_Dataset\34_1_crop.mp4,train,1,Retract from Shelf,308,344,30.0,3986
4922,34_1,dataset\raw\Videos_MERL_Shopping_Dataset\34_1_crop.mp4,train,1,Retract from Shelf,1020,1075,30.0,3986
4923,34_1,dataset\raw\Videos_MERL_Shopping_Dataset\34_1_crop.mp4,train,1,Retract from Shelf,1395,1432,30.0,3986
4924,34_1,dataset\raw\Videos_MERL_Shopping_Dataset\34_1_crop.mp4,train,1,Retract from Shelf,1939,1975,30.0,3986
4925,34_1,dataset\raw\Videos_MERL_Shopping_Dataset\34_1_crop.mp4,train,1,Retract from Shelf,2349,2385,30.0,3986
4926,34_1,dataset\raw\Videos_MERL_Shopping_Dataset\34_1_crop.mp4,train,1,Retract from Shelf,2803,2849,30.0,3986
4927,34_1,dataset\raw\Videos_MERL_Shopping_Dataset\34_1_crop.mp4,train,1,Retract from Shelf,3273,3304,30.0,3986
4928,34_1,dataset\raw\Videos_MERL_Shopping_Dataset\34_1_crop.mp4,train,1,Retract from Shelf,3533,3574,30.0,3986
4929,34_1,dataset\raw\Videos_MERL_Shopping_Dataset\34_1_crop.mp4,train,2,Hand in Shelf,557,582,30.0,3986
4930,34_1,dataset\raw\Videos_MERL_Shopping_Dataset\34_1_crop.mp4,train,2,Hand in Shelf,634,662,30.0,3986
4931,34_1,dataset\raw\Videos_MERL_Shopping_Dataset\34_1_crop.mp4,train,3,Inspect Product,344,433,30.0,3986
4932,34_1,dataset\raw\Videos_MERL_Shopping_Dataset\34_1_crop.mp4,train,3,Inspect Product,434,517,30.0,3986
4933,34_1,dataset\raw\Videos_MERL_Shopping_Dataset\34_1_crop.mp4,train,3,Inspect Product,1433,1485,30.0,3986
4934,34_1,dataset\raw\Videos_MERL_Shopping_Dataset\34_1_crop.mp4,train,3,Inspect Product,2388,2477,30.0,3986
4935,34_1,dataset\raw\Videos_MERL_Shopping_Dataset\34_1_crop.mp4,train,3,Inspect Product,2478,2518,30.0,3986
4936,34_1,dataset\raw\Videos_MERL_Shopping_Dataset\34_1_crop.mp4,train,3,Inspect Product,2851,2940,30.0,3986
4937,34_1,dataset\raw\Videos_MERL_Shopping_Dataset\34_1_crop.mp4,train,3,Inspect Product,2941,3014,30.0,3986
4938,34_1,dataset\raw\Videos_MERL_Shopping_Dataset\34_1_crop.mp4,train,3,Inspect Product,3305,3383,30.0,3986
4939,34_1,dataset\raw\Videos_MERL_Shopping_Dataset\34_1_crop.mp4,train,3,Inspect Product,3576,3665,30.0,3986
4940,34_1,dataset\raw\Videos_MERL_Shopping_Dataset\34_1_crop.mp4,train,3,Inspect Product,3666,3716,30.0,3986
4941,34_1,dataset\raw\Videos_MERL_Shopping_Dataset\34_1_crop.mp4,train,4,Inspect Shelf,695,784,30.0,3986
4942,34_1,dataset\raw\Videos_MERL_Shopping_Dataset\34_1_crop.mp4,train,4,Inspect Shelf,785,874,30.0,3986
4943,34_1,dataset\raw\Videos_MERL_Shopping_Dataset\34_1_crop.mp4,train,4,Inspect Shelf,875,964,30.0,3986
4944,34_1,dataset\raw\Videos_MERL_Shopping_Dataset\34_1_crop.mp4,train,4,Inspect Shelf,965,986,30.0,3986
4945,34_1,dataset\raw\Videos_MERL_Shopping_Dataset\34_1_crop.mp4,train,4,Inspect Shelf,1160,1249,30.0,3986
4946,34_1,dataset\raw\Videos_MERL_Shopping_Dataset\34_1_crop.mp4,train,4,Inspect Shelf,1250,1339,30.0,3986
4947,34_1,dataset\raw\Videos_MERL_Shopping_Dataset\34_1_crop.mp4,train,4,Inspect Shelf,1340,1354,30.0,3986
4948,34_1,dataset\raw\Videos_MERL_Shopping_Dataset\34_1_crop.mp4,train,4,Inspect Shelf,1569,1658,30.0,3986
4949,34_1,dataset\raw\Videos_MERL_Shopping_Dataset\34_1_crop.mp4,train,4,Inspect Shelf,1659,1748,30.0,3986
4950,34_1,dataset\raw\Videos_MERL_Shopping_Dataset\34_1_crop.mp4,train,4,Inspect Shelf,1749,1838,30.0,3986
4951,34_1,dataset\raw\Videos_MERL_Shopping_Dataset\34_1_crop.mp4,train,4,Inspect Shelf,1839,1885,30.0,3986
4952,34_1,dataset\raw\Videos_MERL_Shopping_Dataset\34_1_crop.mp4,train,4,Inspect Shelf,2606,2695,30.0,3986
4953,34_1,dataset\raw\Videos_MERL_Shopping_Dataset\34_1_crop.mp4,train,4,Inspect Shelf,2696,2774,30.0,3986
4954,34_1,dataset\raw\Videos_MERL_Shopping_Dataset\34_1_crop.mp4,train,4,Inspect Shelf,3128,3217,30.0,3986
4955,34_1,dataset\raw\Videos_MERL_Shopping_Dataset\34_1_crop.mp4,train,4,Inspect Shelf,3218,3235,30.0,3986
4956,34_1,dataset\raw\Videos_MERL_Shopping_Dataset\34_1_crop.mp4,train,4,Inspect Shelf,3464,3505,30.0,3986
4957,35_1,dataset\raw\Videos_MERL_Shopping_Dataset\35_1_crop.mp4,train,0,Reach to Shelf,274,326,30.0,3884
4958,35_1,dataset\raw\Videos_MERL_Shopping_Dataset\35_1_crop.mp4,train,0,Reach to Shelf,445,485,30.0,3884
4959,35_1,dataset\raw\Videos_MERL_Shopping_Dataset\35_1_crop.mp4,train,0,Reach to Shelf,1077,1139,30.0,3884
4960,35_1,dataset\raw\Videos_MERL_Shopping_Dataset\35_1_crop.mp4,train,0,Reach to Shelf,1377,1436,30.0,3884
4961,35_1,dataset\raw\Videos_MERL_Shopping_Dataset\35_1_crop.mp4,train,0,Reach to Shelf,1634,1664,30.0,3884
4962,35_1,dataset\raw\Videos_MERL_Shopping_Dataset\35_1_crop.mp4,train,0,Reach to Shelf,2479,2512,30.0,3884
4963,35_1,dataset\raw\Videos_MERL_Shopping_Dataset\35_1_crop.mp4,train,0,Reach to Shelf,2655,2683,30.0,3884
4964,35_1,dataset\raw\Videos_MERL_Shopping_Dataset\35_1_crop.mp4,train,0,Reach to Shelf,3191,3223,30.0,3884
4965,35_1,dataset\raw\Videos_MERL_Shopping_Dataset\35_1_crop.mp4,train,0,Reach to Shelf,3342,3389,30.0,3884
4966,35_1,dataset\raw\Videos_MERL_Shopping_Dataset\35_1_crop.mp4,train,0,Reach to Shelf,2849,2873,30.0,3884
4967,35_1,dataset\raw\Videos_MERL_Shopping_Dataset\35_1_crop.mp4,train,1,Retract from Shelf,550,604,30.0,3884
4968,35_1,dataset\raw\Videos_MERL_Shopping_Dataset\35_1_crop.mp4,train,1,Retract from Shelf,1499,1536,30.0,3884
4969,35_1,dataset\raw\Videos_MERL_Shopping_Dataset\35_1_crop.mp4,train,1,Retract from Shelf,1719,1739,30.0,3884
4970,35_1,dataset\raw\Videos_MERL_Shopping_Dataset\35_1_crop.mp4,train,1,Retract from Shelf,2875,2895,30.0,3884
4971,35_1,dataset\raw\Videos_MERL_Shopping_Dataset\35_1_crop.mp4,train,1,Retract from Shelf,327,409,30.0,3884
4972,35_1,dataset\raw\Videos_MERL_Shopping_Dataset\35_1_crop.mp4,train,1,Retract from Shelf,1141,1177,30.0,3884
4973,35_1,dataset\raw\Videos_MERL_Shopping_Dataset\35_1_crop.mp4,train,1,Retract from Shelf,2513,2564,30.0,3884
4974,35_1,dataset\raw\Videos_MERL_Shopping_Dataset\35_1_crop.mp4,train,1,Retract from Shelf,2791,2826,30.0,3884
4975,35_1,dataset\raw\Videos_MERL_Shopping_Dataset\35_1_crop.mp4,train,1,Retract from Shelf,3223,3255,30.0,3884
4976,35_1,dataset\raw\Videos_MERL_Shopping_Dataset\35_1_crop.mp4,train,1,Retract from Shelf,3391,3430,30.0,3884
4977,35_1,dataset\raw\Videos_MERL_Shopping_Dataset\35_1_crop.mp4,train,2,Hand in Shelf,1441,1495,30.0,3884
4978,35_1,dataset\raw\Videos_MERL_Shopping_Dataset\35_1_crop.mp4,train,2,Hand in Shelf,1664,1717,30.0,3884
4979,35_1,dataset\raw\Videos_MERL_Shopping_Dataset\35_1_crop.mp4,train,2,Hand in Shelf,2687,2776,30.0,3884
4980,35_1,dataset\raw\Videos_MERL_Shopping_Dataset\35_1_crop.mp4,train,3,Inspect Product,487,549,30.0,3884
4981,35_1,dataset\raw\Videos_MERL_Shopping_Dataset\35_1_crop.mp4,train,3,Inspect Product,1180,1263,30.0,3884
4982,35_1,dataset\raw\Videos_MERL_Shopping_Dataset\35_1_crop.mp4,train,3,Inspect Product,2830,2847,30.0,3884
4983,35_1,dataset\raw\Videos_MERL_Shopping_Dataset\35_1_crop.mp4,train,3,Inspect Product,3254,3289,30.0,3884
4984,35_1,dataset\raw\Videos_MERL_Shopping_Dataset\35_1_crop.mp4,train,4,Inspect Shelf,413,446,30.0,3884
4985,35_1,dataset\raw\Videos_MERL_Shopping_Dataset\35_1_crop.mp4,train,4,Inspect Shelf,1265,1354,30.0,3884
4986,35_1,dataset\raw\Videos_MERL_Shopping_Dataset\35_1_crop.mp4,train,4,Inspect Shelf,1355,1375,30.0,3884
4987,35_1,dataset\raw\Videos_MERL_Shopping_Dataset\35_1_crop.mp4,train,4,Inspect Shelf,1539,1628,30.0,3884
4988,35_1,dataset\raw\Videos_MERL_Shopping_Dataset\35_1_crop.mp4,train,4,Inspect Shelf,1741,1830,30.0,3884
4989,35_1,dataset\raw\Videos_MERL_Shopping_Dataset\35_1_crop.mp4,train,4,Inspect Shelf,1831,1920,30.0,3884
4990,35_1,dataset\raw\Videos_MERL_Shopping_Dataset\35_1_crop.mp4,train,4,Inspect Shelf,1921,2010,30.0,3884
4991,35_1,dataset\raw\Videos_MERL_Shopping_Dataset\35_1_crop.mp4,train,4,Inspect Shelf,2397,2477,30.0,3884
4992,35_1,dataset\raw\Videos_MERL_Shopping_Dataset\35_1_crop.mp4,train,4,Inspect Shelf,2566,2655,30.0,3884
4993,35_1,dataset\raw\Videos_MERL_Shopping_Dataset\35_1_crop.mp4,train,4,Inspect Shelf,2897,2986,30.0,3884
4994,35_1,dataset\raw\Videos_MERL_Shopping_Dataset\35_1_crop.mp4,train,4,Inspect Shelf,2987,3076,30.0,3884
4995,35_1,dataset\raw\Videos_MERL_Shopping_Dataset\35_1_crop.mp4,train,4,Inspect Shelf,3077,3166,30.0,3884
4996,35_1,dataset\raw\Videos_MERL_Shopping_Dataset\35_1_crop.mp4,train,4,Inspect Shelf,3167,3189,30.0,3884
4997,35_1,dataset\raw\Videos_MERL_Shopping_Dataset\35_1_crop.mp4,train,4,Inspect Shelf,3290,3342,30.0,3884
4998,35_1,dataset\raw\Videos_MERL_Shopping_Dataset\35_1_crop.mp4,train,4,Inspect Shelf,3430,3519,30.0,3884
4999,35_1,dataset\raw\Videos_MERL_Shopping_Dataset\35_1_crop.mp4,train,4,Inspect Shelf,3520,3609,30.0,3884
5000,35_1,dataset\raw\Videos_MERL_Shopping_Dataset\35_1_crop.mp4,train,4,Inspect Shelf,3610,3675,30.0,3884
5001,36_1,dataset\raw\Videos_MERL_Shopping_Dataset\36_1_crop.mp4,train,0,Reach to Shelf,269,297,30.0,3780
5002,36_1,dataset\raw\Videos_MERL_Shopping_Dataset\36_1_crop.mp4,train,0,Reach to Shelf,374,408,30.0,3780
5003,36_1,dataset\raw\Videos_MERL_Shopping_Dataset\36_1_crop.mp4,train,0,Reach to Shelf,530,567,30.0,3780
5004,36_1,dataset\raw\Videos_MERL_Shopping_Dataset\36_1_crop.mp4,train,0,Reach to Shelf,687,717,30.0,3780
5005,36_1,dataset\raw\Videos_MERL_Shopping_Dataset\36_1_crop.mp4,train,0,Reach to Shelf,896,933,30.0,3780
5006,36_1,dataset\raw\Videos_MERL_Shopping_Dataset\36_1_crop.mp4,train,0,Reach to Shelf,1064,1101,30.0,3780
5007,36_1,dataset\raw\Videos_MERL_Shopping_Dataset\36_1_crop.mp4,train,0,Reach to Shelf,1262,1295,30.0,3780
5008,36_1,dataset\raw\Videos_MERL_Shopping_Dataset\36_1_crop.mp4,train,0,Reach to Shelf,1545,1575,30.0,3780
5009,36_1,dataset\raw\Videos_MERL_Shopping_Dataset\36_1_crop.mp4,train,0,Reach to Shelf,2139,2169,30.0,3780
5010,36_1,dataset\raw\Videos_MERL_Shopping_Dataset\36_1_crop.mp4,train,0,Reach to Shelf,2264,2294,30.0,3780
5011,36_1,dataset\raw\Videos_MERL_Shopping_Dataset\36_1_crop.mp4,train,0,Reach to Shelf,2356,2381,30.0,3780
5012,36_1,dataset\raw\Videos_MERL_Shopping_Dataset\36_1_crop.mp4,train,0,Reach to Shelf,2492,2537,30.0,3780
5013,36_1,dataset\raw\Videos_MERL_Shopping_Dataset\36_1_crop.mp4,train,0,Reach to Shelf,2590,2625,30.0,3780
5014,36_1,dataset\raw\Videos_MERL_Shopping_Dataset\36_1_crop.mp4,train,0,Reach to Shelf,2761,2804,30.0,3780
5015,36_1,dataset\raw\Videos_MERL_Shopping_Dataset\36_1_crop.mp4,train,0,Reach to Shelf,2997,3027,30.0,3780
5016,36_1,dataset\raw\Videos_MERL_Shopping_Dataset\36_1_crop.mp4,train,0,Reach to Shelf,3107,3131,30.0,3780
5017,36_1,dataset\raw\Videos_MERL_Shopping_Dataset\36_1_crop.mp4,train,0,Reach to Shelf,3302,3339,30.0,3780
5018,36_1,dataset\raw\Videos_MERL_Shopping_Dataset\36_1_crop.mp4,train,1,Retract from Shelf,297,335,30.0,3780
5019,36_1,dataset\raw\Videos_MERL_Shopping_Dataset\36_1_crop.mp4,train,1,Retract from Shelf,411,449,30.0,3780
5020,36_1,dataset\raw\Videos_MERL_Shopping_Dataset\36_1_crop.mp4,train,1,Retract from Shelf,568,621,30.0,3780
5021,36_1,dataset\raw\Videos_MERL_Shopping_Dataset\36_1_crop.mp4,train,1,Retract from Shelf,758,816,30.0,3780
5022,36_1,dataset\raw\Videos_MERL_Shopping_Dataset\36_1_crop.mp4,train,1,Retract from Shelf,994,1059,30.0,3780
5023,36_1,dataset\raw\Videos_MERL_Shopping_Dataset\36_1_crop.mp4,train,1,Retract from Shelf,1104,1156,30.0,3780
5024,36_1,dataset\raw\Videos_MERL_Shopping_Dataset\36_1_crop.mp4,train,1,Retract from Shelf,1299,1339,30.0,3780
5025,36_1,dataset\raw\Videos_MERL_Shopping_Dataset\36_1_crop.mp4,train,1,Retract from Shelf,1575,1624,30.0,3780
5026,36_1,dataset\raw\Videos_MERL_Shopping_Dataset\36_1_crop.mp4,train,1,Retract from Shelf,2170,2225,30.0,3780
5027,36_1,dataset\raw\Videos_MERL_Shopping_Dataset\36_1_crop.mp4,train,1,Retract from Shelf,2310,2354,30.0,3780
5028,36_1,dataset\raw\Videos_MERL_Shopping_Dataset\36_1_crop.mp4,train,1,Retract from Shelf,2385,2423,30.0,3780
5029,36_1,dataset\raw\Videos_MERL_Shopping_Dataset\36_1_crop.mp4,train,1,Retract from Shelf,2539,2589,30.0,3780
5030,36_1,dataset\raw\Videos_MERL_Shopping_Dataset\36_1_crop.mp4,train,1,Retract from Shelf,2626,2668,30.0,3780
5031,36_1,dataset\raw\Videos_MERL_Shopping_Dataset\36_1_crop.mp4,train,1,Retract from Shelf,2805,2894,30.0,3780
5032,36_1,dataset\raw\Videos_MERL_Shopping_Dataset\36_1_crop.mp4,train,1,Retract from Shelf,2895,2909,30.0,3780
5033,36_1,dataset\raw\Videos_MERL_Shopping_Dataset\36_1_crop.mp4,train,1,Retract from Shelf,3028,3067,30.0,3780
5034,36_1,dataset\raw\Videos_MERL_Shopping_Dataset\36_1_crop.mp4,train,1,Retract from Shelf,3132,3184,30.0,3780
5035,36_1,dataset\raw\Videos_MERL_Shopping_Dataset\36_1_crop.mp4,train,1,Retract from Shelf,3340,3392,30.0,3780
5036,36_1,dataset\raw\Videos_MERL_Shopping_Dataset\36_1_crop.mp4,train,2,Hand in Shelf,718,756,30.0,3780
5037,36_1,dataset\raw\Videos_MERL_Shopping_Dataset\36_1_crop.mp4,train,2,Hand in Shelf,934,994,30.0,3780
5038,36_1,dataset\raw\Videos_MERL_Shopping_Dataset\36_1_crop.mp4,train,2,Hand in Shelf,2294,2311,30.0,3780
5039,36_1,dataset\raw\Videos_MERL_Shopping_Dataset\36_1_crop.mp4,train,4,Inspect Shelf,338,374,30.0,3780
5040,36_1,dataset\raw\Videos_MERL_Shopping_Dataset\36_1_crop.mp4,train,4,Inspect Shelf,450,527,30.0,3780
5041,36_1,dataset\raw\Videos_MERL_Shopping_Dataset\36_1_crop.mp4,train,4,Inspect Shelf,624,685,30.0,3780
5042,36_1,dataset\raw\Videos_MERL_Shopping_Dataset\36_1_crop.mp4,train,4,Inspect Shelf,820,895,30.0,3780
5043,36_1,dataset\raw\Videos_MERL_Shopping_Dataset\36_1_crop.mp4,train,4,Inspect Shelf,1160,1249,30.0,3780
5044,36_1,dataset\raw\Videos_MERL_Shopping_Dataset\36_1_crop.mp4,train,4,Inspect Shelf,1345,1434,30.0,3780
5045,36_1,dataset\raw\Videos_MERL_Shopping_Dataset\36_1_crop.mp4,train,4,Inspect Shelf,1435,1524,30.0,3780
5046,36_1,dataset\raw\Videos_MERL_Shopping_Dataset\36_1_crop.mp4,train,4,Inspect Shelf,1525,1544,30.0,3780
5047,36_1,dataset\raw\Videos_MERL_Shopping_Dataset\36_1_crop.mp4,train,4,Inspect Shelf,2226,2262,30.0,3780
5048,36_1,dataset\raw\Videos_MERL_Shopping_Dataset\36_1_crop.mp4,train,4,Inspect Shelf,2425,2492,30.0,3780
5049,36_1,dataset\raw\Videos_MERL_Shopping_Dataset\36_1_crop.mp4,train,4,Inspect Shelf,2671,2758,30.0,3780
5050,36_1,dataset\raw\Videos_MERL_Shopping_Dataset\36_1_crop.mp4,train,4,Inspect Shelf,2911,2992,30.0,3780
5051,36_1,dataset\raw\Videos_MERL_Shopping_Dataset\36_1_crop.mp4,train,4,Inspect Shelf,3071,3104,30.0,3780
5052,36_1,dataset\raw\Videos_MERL_Shopping_Dataset\36_1_crop.mp4,train,4,Inspect Shelf,3186,3275,30.0,3780
5053,36_1,dataset\raw\Videos_MERL_Shopping_Dataset\36_1_crop.mp4,train,4,Inspect Shelf,3276,3298,30.0,3780
5054,37_1,dataset\raw\Videos_MERL_Shopping_Dataset\37_1_crop.mp4,train,0,Reach to Shelf,199,242,30.0,4022
5055,37_1,dataset\raw\Videos_MERL_Shopping_Dataset\37_1_crop.mp4,train,0,Reach to Shelf,456,503,30.0,4022
5056,37_1,dataset\raw\Videos_MERL_Shopping_Dataset\37_1_crop.mp4,train,0,Reach to Shelf,840,861,30.0,4022
5057,37_1,dataset\raw\Videos_MERL_Shopping_Dataset\37_1_crop.mp4,train,0,Reach to Shelf,1182,1235,30.0,4022
5058,37_1,dataset\raw\Videos_MERL_Shopping_Dataset\37_1_crop.mp4,train,0,Reach to Shelf,1561,1586,30.0,4022
5059,37_1,dataset\raw\Videos_MERL_Shopping_Dataset\37_1_crop.mp4,train,0,Reach to Shelf,2542,2569,30.0,4022
5060,37_1,dataset\raw\Videos_MERL_Shopping_Dataset\37_1_crop.mp4,train,0,Reach to Shelf,2628,2655,30.0,4022
5061,37_1,dataset\raw\Videos_MERL_Shopping_Dataset\37_1_crop.mp4,train,0,Reach to Shelf,2699,2727,30.0,4022
5062,37_1,dataset\raw\Videos_MERL_Shopping_Dataset\37_1_crop.mp4,train,0,Reach to Shelf,2780,2807,30.0,4022
5063,37_1,dataset\raw\Videos_MERL_Shopping_Dataset\37_1_crop.mp4,train,0,Reach to Shelf,3265,3300,30.0,4022
5064,37_1,dataset\raw\Videos_MERL_Shopping_Dataset\37_1_crop.mp4,train,0,Reach to Shelf,3637,3681,30.0,4022
5065,37_1,dataset\raw\Videos_MERL_Shopping_Dataset\37_1_crop.mp4,train,0,Reach to Shelf,763,809,30.0,4022
5066,37_1,dataset\raw\Videos_MERL_Shopping_Dataset\37_1_crop.mp4,train,0,Reach to Shelf,1052,1141,30.0,4022
5067,37_1,dataset\raw\Videos_MERL_Shopping_Dataset\37_1_crop.mp4,train,0,Reach to Shelf,3027,3100,30.0,4022
5068,37_1,dataset\raw\Videos_MERL_Shopping_Dataset\37_1_crop.mp4,train,0,Reach to Shelf,3421,3481,30.0,4022
5069,37_1,dataset\raw\Videos_MERL_Shopping_Dataset\37_1_crop.mp4,train,1,Retract from Shelf,808,839,30.0,4022
5070,37_1,dataset\raw\Videos_MERL_Shopping_Dataset\37_1_crop.mp4,train,1,Retract from Shelf,1146,1179,30.0,4022
5071,37_1,dataset\raw\Videos_MERL_Shopping_Dataset\37_1_crop.mp4,train,1,Retract from Shelf,3211,3248,30.0,4022
5072,37_1,dataset\raw\Videos_MERL_Shopping_Dataset\37_1_crop.mp4,train,1,Retract from Shelf,3485,3514,30.0,4022
5073,37_1,dataset\raw\Videos_MERL_Shopping_Dataset\37_1_crop.mp4,train,1,Retract from Shelf,244,287,30.0,4022
5074,37_1,dataset\raw\Videos_MERL_Shopping_Dataset\37_1_crop.mp4,train,1,Retract from Shelf,504,570,30.0,4022
5075,37_1,dataset\raw\Videos_MERL_Shopping_Dataset\37_1_crop.mp4,train,1,Retract from Shelf,863,914,30.0,4022
5076,37_1,dataset\raw\Videos_MERL_Shopping_Dataset\37_1_crop.mp4,train,1,Retract from Shelf,1242,1331,30.0,4022
5077,37_1,dataset\raw\Videos_MERL_Shopping_Dataset\37_1_crop.mp4,train,1,Retract from Shelf,1590,1647,30.0,4022
5078,37_1,dataset\raw\Videos_MERL_Shopping_Dataset\37_1_crop.mp4,train,1,Retract from Shelf,1928,1973,30.0,4022
5079,37_1,dataset\raw\Videos_MERL_Shopping_Dataset\37_1_crop.mp4,train,1,Retract from Shelf,2571,2628,30.0,4022
5080,37_1,dataset\raw\Videos_MERL_Shopping_Dataset\37_1_crop.mp4,train,1,Retract from Shelf,2656,2698,30.0,4022
5081,37_1,dataset\raw\Videos_MERL_Shopping_Dataset\37_1_crop.mp4,train,1,Retract from Shelf,2729,2780,30.0,4022
5082,37_1,dataset\raw\Videos_MERL_Shopping_Dataset\37_1_crop.mp4,train,1,Retract from Shelf,2845,2885,30.0,4022
5083,37_1,dataset\raw\Videos_MERL_Shopping_Dataset\37_1_crop.mp4,train,1,Retract from Shelf,3300,3345,30.0,4022
5084,37_1,dataset\raw\Videos_MERL_Shopping_Dataset\37_1_crop.mp4,train,1,Retract from Shelf,3688,3739,30.0,4022
5085,37_1,dataset\raw\Videos_MERL_Shopping_Dataset\37_1_crop.mp4,train,2,Hand in Shelf,1652,1741,30.0,4022
5086,37_1,dataset\raw\Videos_MERL_Shopping_Dataset\37_1_crop.mp4,train,2,Hand in Shelf,1742,1831,30.0,4022
5087,37_1,dataset\raw\Videos_MERL_Shopping_Dataset\37_1_crop.mp4,train,2,Hand in Shelf,1832,1921,30.0,4022
5088,37_1,dataset\raw\Videos_MERL_Shopping_Dataset\37_1_crop.mp4,train,2,Hand in Shelf,2810,2844,30.0,4022
5089,37_1,dataset\raw\Videos_MERL_Shopping_Dataset\37_1_crop.mp4,train,2,Hand in Shelf,3102,3191,30.0,4022
5090,37_1,dataset\raw\Videos_MERL_Shopping_Dataset\37_1_crop.mp4,train,2,Hand in Shelf,3192,3210,30.0,4022
5091,37_1,dataset\raw\Videos_MERL_Shopping_Dataset\37_1_crop.mp4,train,3,Inspect Product,294,383,30.0,4022
5092,37_1,dataset\raw\Videos_MERL_Shopping_Dataset\37_1_crop.mp4,train,3,Inspect Product,384,451,30.0,4022
5093,37_1,dataset\raw\Videos_MERL_Shopping_Dataset\37_1_crop.mp4,train,3,Inspect Product,575,664,30.0,4022
5094,37_1,dataset\raw\Videos_MERL_Shopping_Dataset\37_1_crop.mp4,train,3,Inspect Product,665,754,30.0,4022
5095,37_1,dataset\raw\Videos_MERL_Shopping_Dataset\37_1_crop.mp4,train,3,Inspect Product,920,1009,30.0,4022
5096,37_1,dataset\raw\Videos_MERL_Shopping_Dataset\37_1_crop.mp4,train,3,Inspect Product,1010,1045,30.0,4022
5097,37_1,dataset\raw\Videos_MERL_Shopping_Dataset\37_1_crop.mp4,train,3,Inspect Product,1339,1428,30.0,4022
5098,37_1,dataset\raw\Videos_MERL_Shopping_Dataset\37_1_crop.mp4,train,3,Inspect Product,1429,1459,30.0,4022
5099,37_1,dataset\raw\Videos_MERL_Shopping_Dataset\37_1_crop.mp4,train,3,Inspect Product,1979,2021,30.0,4022
5100,37_1,dataset\raw\Videos_MERL_Shopping_Dataset\37_1_crop.mp4,train,3,Inspect Product,2888,2977,30.0,4022
5101,37_1,dataset\raw\Videos_MERL_Shopping_Dataset\37_1_crop.mp4,train,3,Inspect Product,2978,3026,30.0,4022
5102,37_1,dataset\raw\Videos_MERL_Shopping_Dataset\37_1_crop.mp4,train,3,Inspect Product,3347,3418,30.0,4022
5103,37_1,dataset\raw\Videos_MERL_Shopping_Dataset\37_1_crop.mp4,train,3,Inspect Product,3740,3792,30.0,4022
5104,37_1,dataset\raw\Videos_MERL_Shopping_Dataset\37_1_crop.mp4,train,4,Inspect Shelf,1463,1552,30.0,4022
5105,37_1,dataset\raw\Videos_MERL_Shopping_Dataset\37_1_crop.mp4,train,4,Inspect Shelf,2023,2112,30.0,4022
5106,37_1,dataset\raw\Videos_MERL_Shopping_Dataset\37_1_crop.mp4,train,4,Inspect Shelf,2113,2181,30.0,4022
5107,37_1,dataset\raw\Videos_MERL_Shopping_Dataset\37_1_crop.mp4,train,4,Inspect Shelf,3521,3610,30.0,4022
5108,37_1,dataset\raw\Videos_MERL_Shopping_Dataset\37_1_crop.mp4,train,4,Inspect Shelf,3611,3638,30.0,4022
5109,38_1,dataset\raw\Videos_MERL_Shopping_Dataset\38_1_crop.mp4,train,0,Reach to Shelf,201,236,30.0,3928
5110,38_1,dataset\raw\Videos_MERL_Shopping_Dataset\38_1_crop.mp4,train,0,Reach to Shelf,344,375,30.0,3928
5111,38_1,dataset\raw\Videos_MERL_Shopping_Dataset\38_1_crop.mp4,train,0,Reach to Shelf,420,455,30.0,3928
5112,38_1,dataset\raw\Videos_MERL_Shopping_Dataset\38_1_crop.mp4,train,0,Reach to Shelf,583,615,30.0,3928
5113,38_1,dataset\raw\Videos_MERL_Shopping_Dataset\38_1_crop.mp4,train,0,Reach to Shelf,855,890,30.0,3928
5114,38_1,dataset\raw\Videos_MERL_Shopping_Dataset\38_1_crop.mp4,train,0,Reach to Shelf,1321,1358,30.0,3928
5115,38_1,dataset\raw\Videos_MERL_Shopping_Dataset\38_1_crop.mp4,train,0,Reach to Shelf,1551,1598,30.0,3928
5116,38_1,dataset\raw\Videos_MERL_Shopping_Dataset\38_1_crop.mp4,train,0,Reach to Shelf,2225,2257,30.0,3928
5117,38_1,dataset\raw\Videos_MERL_Shopping_Dataset\38_1_crop.mp4,train,0,Reach to Shelf,2284,2311,30.0,3928
5118,38_1,dataset\raw\Videos_MERL_Shopping_Dataset\38_1_crop.mp4,train,0,Reach to Shelf,2430,2458,30.0,3928
5119,38_1,dataset\raw\Videos_MERL_Shopping_Dataset\38_1_crop.mp4,train,0,Reach to Shelf,2691,2716,30.0,3928
5120,38_1,dataset\raw\Videos_MERL_Shopping_Dataset\38_1_crop.mp4,train,0,Reach to Shelf,2812,2846,30.0,3928
5121,38_1,dataset\raw\Videos_MERL_Shopping_Dataset\38_1_crop.mp4,train,0,Reach to Shelf,3140,3183,30.0,3928
5122,38_1,dataset\raw\Videos_MERL_Shopping_Dataset\38_1_crop.mp4,train,0,Reach to Shelf,3327,3358,30.0,3928
5123,38_1,dataset\raw\Videos_MERL_Shopping_Dataset\38_1_crop.mp4,train,0,Reach to Shelf,3507,3562,30.0,3928
5124,38_1,dataset\raw\Videos_MERL_Shopping_Dataset\38_1_crop.mp4,train,1,Retract from Shelf,238,280,30.0,3928
5125,38_1,dataset\raw\Videos_MERL_Shopping_Dataset\38_1_crop.mp4,train,1,Retract from Shelf,389,414,30.0,3928
5126,38_1,dataset\raw\Videos_MERL_Shopping_Dataset\38_1_crop.mp4,train,1,Retract from Shelf,471,499,30.0,3928
5127,38_1,dataset\raw\Videos_MERL_Shopping_Dataset\38_1_crop.mp4,train,1,Retract from Shelf,638,675,30.0,3928
5128,38_1,dataset\raw\Videos_MERL_Shopping_Dataset\38_1_crop.mp4,train,1,Retract from Shelf,951,997,30.0,3928
5129,38_1,dataset\raw\Videos_MERL_Shopping_Dataset\38_1_crop.mp4,train,1,Retract from Shelf,1395,1429,30.0,3928
5130,38_1,dataset\raw\Videos_MERL_Shopping_Dataset\38_1_crop.mp4,train,1,Retract from Shelf,1614,1663,30.0,3928
5131,38_1,dataset\raw\Videos_MERL_Shopping_Dataset\38_1_crop.mp4,train,1,Retract from Shelf,2257,2284,30.0,3928
5132,38_1,dataset\raw\Videos_MERL_Shopping_Dataset\38_1_crop.mp4,train,1,Retract from Shelf,2320,2344,30.0,3928
5133,38_1,dataset\raw\Videos_MERL_Shopping_Dataset\38_1_crop.mp4,train,1,Retract from Shelf,2529,2558,30.0,3928
5134,38_1,dataset\raw\Videos_MERL_Shopping_Dataset\38_1_crop.mp4,train,1,Retract from Shelf,2725,2754,30.0,3928
5135,38_1,dataset\raw\Videos_MERL_Shopping_Dataset\38_1_crop.mp4,train,1,Retract from Shelf,2921,2969,30.0,3928
5136,38_1,dataset\raw\Videos_MERL_Shopping_Dataset\38_1_crop.mp4,train,1,Retract from Shelf,3186,3226,30.0,3928
5137,38_1,dataset\raw\Videos_MERL_Shopping_Dataset\38_1_crop.mp4,train,1,Retract from Shelf,3362,3408,30.0,3928
5138,38_1,dataset\raw\Videos_MERL_Shopping_Dataset\38_1_crop.mp4,train,1,Retract from Shelf,3562,3600,30.0,3928
5139,38_1,dataset\raw\Videos_MERL_Shopping_Dataset\38_1_crop.mp4,train,2,Hand in Shelf,375,389,30.0,3928
5140,38_1,dataset\raw\Videos_MERL_Shopping_Dataset\38_1_crop.mp4,train,2,Hand in Shelf,455,470,30.0,3928
5141,38_1,dataset\raw\Videos_MERL_Shopping_Dataset\38_1_crop.mp4,train,2,Hand in Shelf,616,638,30.0,3928
5142,38_1,dataset\raw\Videos_MERL_Shopping_Dataset\38_1_crop.mp4,train,2,Hand in Shelf,892,949,30.0,3928
5143,38_1,dataset\raw\Videos_MERL_Shopping_Dataset\38_1_crop.mp4,train,2,Hand in Shelf,1359,1395,30.0,3928
5144,38_1,dataset\raw\Videos_MERL_Shopping_Dataset\38_1_crop.mp4,train,2,Hand in Shelf,1599,1613,30.0,3928
5145,38_1,dataset\raw\Videos_MERL_Shopping_Dataset\38_1_crop.mp4,train,2,Hand in Shelf,2458,2528,30.0,3928
5146,38_1,dataset\raw\Videos_MERL_Shopping_Dataset\38_1_crop.mp4,train,2,Hand in Shelf,2846,2920,30.0,3928
5147,38_1,dataset\raw\Videos_MERL_Shopping_Dataset\38_1_crop.mp4,train,4,Inspect Shelf,282,343,30.0,3928
5148,38_1,dataset\raw\Videos_MERL_Shopping_Dataset\38_1_crop.mp4,train,4,Inspect Shelf,501,581,30.0,3928
5149,38_1,dataset\raw\Videos_MERL_Shopping_Dataset\38_1_crop.mp4,train,4,Inspect Shelf,678,767,30.0,3928
5150,38_1,dataset\raw\Videos_MERL_Shopping_Dataset\38_1_crop.mp4,train,4,Inspect Shelf,768,852,30.0,3928
5151,38_1,dataset\raw\Videos_MERL_Shopping_Dataset\38_1_crop.mp4,train,4,Inspect Shelf,1000,1089,30.0,3928
5152,38_1,dataset\raw\Videos_MERL_Shopping_Dataset\38_1_crop.mp4,train,4,Inspect Shelf,1090,1179,30.0,3928
5153,38_1,dataset\raw\Videos_MERL_Shopping_Dataset\38_1_crop.mp4,train,4,Inspect Shelf,1180,1269,30.0,3928
5154,38_1,dataset\raw\Videos_MERL_Shopping_Dataset\38_1_crop.mp4,train,4,Inspect Shelf,1270,1315,30.0,3928
5155,38_1,dataset\raw\Videos_MERL_Shopping_Dataset\38_1_crop.mp4,train,4,Inspect Shelf,1431,1520,30.0,3928
5156,38_1,dataset\raw\Videos_MERL_Shopping_Dataset\38_1_crop.mp4,train,4,Inspect Shelf,1521,1547,30.0,3928
5157,38_1,dataset\raw\Videos_MERL_Shopping_Dataset\38_1_crop.mp4,train,4,Inspect Shelf,2348,2428,30.0,3928
5158,38_1,dataset\raw\Videos_MERL_Shopping_Dataset\38_1_crop.mp4,train,4,Inspect Shelf,2560,2649,30.0,3928
5159,38_1,dataset\raw\Videos_MERL_Shopping_Dataset\38_1_crop.mp4,train,4,Inspect Shelf,2650,2689,30.0,3928
5160,38_1,dataset\raw\Videos_MERL_Shopping_Dataset\38_1_crop.mp4,train,4,Inspect Shelf,2757,2810,30.0,3928
5161,38_1,dataset\raw\Videos_MERL_Shopping_Dataset\38_1_crop.mp4,train,4,Inspect Shelf,2970,3059,30.0,3928
5162,38_1,dataset\raw\Videos_MERL_Shopping_Dataset\38_1_crop.mp4,train,4,Inspect Shelf,3060,3138,30.0,3928
5163,38_1,dataset\raw\Videos_MERL_Shopping_Dataset\38_1_crop.mp4,train,4,Inspect Shelf,3229,3318,30.0,3928
5164,38_1,dataset\raw\Videos_MERL_Shopping_Dataset\38_1_crop.mp4,train,4,Inspect Shelf,3410,3499,30.0,3928
5165,38_1,dataset\raw\Videos_MERL_Shopping_Dataset\38_1_crop.mp4,train,4,Inspect Shelf,3601,3690,30.0,3928
5166,38_1,dataset\raw\Videos_MERL_Shopping_Dataset\38_1_crop.mp4,train,4,Inspect Shelf,3691,3726,30.0,3928
5167,39_1,dataset\raw\Videos_MERL_Shopping_Dataset\39_1_crop.mp4,train,0,Reach to Shelf,301,337,30.0,3980
5168,39_1,dataset\raw\Videos_MERL_Shopping_Dataset\39_1_crop.mp4,train,0,Reach to Shelf,545,593,30.0,3980
5169,39_1,dataset\raw\Videos_MERL_Shopping_Dataset\39_1_crop.mp4,train,0,Reach to Shelf,728,766,30.0,3980
5170,39_1,dataset\raw\Videos_MERL_Shopping_Dataset\39_1_crop.mp4,train,0,Reach to Shelf,1025,1062,30.0,3980
5171,39_1,dataset\raw\Videos_MERL_Shopping_Dataset\39_1_crop.mp4,train,0,Reach to Shelf,1146,1181,30.0,3980
5172,39_1,dataset\raw\Videos_MERL_Shopping_Dataset\39_1_crop.mp4,train,0,Reach to Shelf,2332,2375,30.0,3980
5173,39_1,dataset\raw\Videos_MERL_Shopping_Dataset\39_1_crop.mp4,train,0,Reach to Shelf,2734,2781,30.0,3980
5174,39_1,dataset\raw\Videos_MERL_Shopping_Dataset\39_1_crop.mp4,train,0,Reach to Shelf,2922,2956,30.0,3980
5175,39_1,dataset\raw\Videos_MERL_Shopping_Dataset\39_1_crop.mp4,train,0,Reach to Shelf,3048,3089,30.0,3980
5176,39_1,dataset\raw\Videos_MERL_Shopping_Dataset\39_1_crop.mp4,train,0,Reach to Shelf,3482,3520,30.0,3980
5177,39_1,dataset\raw\Videos_MERL_Shopping_Dataset\39_1_crop.mp4,train,0,Reach to Shelf,3750,3776,30.0,3980
5178,39_1,dataset\raw\Videos_MERL_Shopping_Dataset\39_1_crop.mp4,train,0,Reach to Shelf,422,467,30.0,3980
5179,39_1,dataset\raw\Videos_MERL_Shopping_Dataset\39_1_crop.mp4,train,0,Reach to Shelf,1429,1478,30.0,3980
5180,39_1,dataset\raw\Videos_MERL_Shopping_Dataset\39_1_crop.mp4,train,0,Reach to Shelf,1702,1747,30.0,3980
5181,39_1,dataset\raw\Videos_MERL_Shopping_Dataset\39_1_crop.mp4,train,0,Reach to Shelf,3116,3150,30.0,3980
5182,39_1,dataset\raw\Videos_MERL_Shopping_Dataset\39_1_crop.mp4,train,1,Retract from Shelf,471,494,30.0,3980
5183,39_1,dataset\raw\Videos_MERL_Shopping_Dataset\39_1_crop.mp4,train,1,Retract from Shelf,342,419,30.0,3980
5184,39_1,dataset\raw\Videos_MERL_Shopping_Dataset\39_1_crop.mp4,train,1,Retract from Shelf,617,679,30.0,3980
5185,39_1,dataset\raw\Videos_MERL_Shopping_Dataset\39_1_crop.mp4,train,1,Retract from Shelf,771,833,30.0,3980
5186,39_1,dataset\raw\Videos_MERL_Shopping_Dataset\39_1_crop.mp4,train,1,Retract from Shelf,1063,1110,30.0,3980
5187,39_1,dataset\raw\Videos_MERL_Shopping_Dataset\39_1_crop.mp4,train,1,Retract from Shelf,1198,1235,30.0,3980
5188,39_1,dataset\raw\Videos_MERL_Shopping_Dataset\39_1_crop.mp4,train,1,Retract from Shelf,1509,1543,30.0,3980
5189,39_1,dataset\raw\Videos_MERL_Shopping_Dataset\39_1_crop.mp4,train,1,Retract from Shelf,1749,1807,30.0,3980
5190,39_1,dataset\raw\Videos_MERL_Shopping_Dataset\39_1_crop.mp4,train,1,Retract from Shelf,2376,2417,30.0,3980
5191,39_1,dataset\raw\Videos_MERL_Shopping_Dataset\39_1_crop.mp4,train,1,Retract from Shelf,2787,2822,30.0,3980
5192,39_1,dataset\raw\Videos_MERL_Shopping_Dataset\39_1_crop.mp4,train,1,Retract from Shelf,2964,2993,30.0,3980
5193,39_1,dataset\raw\Videos_MERL_Shopping_Dataset\39_1_crop.mp4,train,1,Retract from Shelf,3091,3115,30.0,3980
5194,39_1,dataset\raw\Videos_MERL_Shopping_Dataset\39_1_crop.mp4,train,1,Retract from Shelf,3154,3197,30.0,3980
5195,39_1,dataset\raw\Videos_MERL_Shopping_Dataset\39_1_crop.mp4,train,1,Retract from Shelf,3584,3620,30.0,3980
5196,39_1,dataset\raw\Videos_MERL_Shopping_Dataset\39_1_crop.mp4,train,1,Retract from Shelf,3778,3826,30.0,3980
5197,39_1,dataset\raw\Videos_MERL_Shopping_Dataset\39_1_crop.mp4,train,2,Hand in Shelf,596,614,30.0,3980
5198,39_1,dataset\raw\Videos_MERL_Shopping_Dataset\39_1_crop.mp4,train,2,Hand in Shelf,1183,1198,30.0,3980
5199,39_1,dataset\raw\Videos_MERL_Shopping_Dataset\39_1_crop.mp4,train,2,Hand in Shelf,1481,1508,30.0,3980
5200,39_1,dataset\raw\Videos_MERL_Shopping_Dataset\39_1_crop.mp4,train,2,Hand in Shelf,3524,3586,30.0,3980
5201,39_1,dataset\raw\Videos_MERL_Shopping_Dataset\39_1_crop.mp4,train,3,Inspect Product,681,700,30.0,3980
5202,39_1,dataset\raw\Videos_MERL_Shopping_Dataset\39_1_crop.mp4,train,3,Inspect Product,833,859,30.0,3980
5203,39_1,dataset\raw\Videos_MERL_Shopping_Dataset\39_1_crop.mp4,train,3,Inspect Product,2418,2456,30.0,3980
5204,39_1,dataset\raw\Videos_MERL_Shopping_Dataset\39_1_crop.mp4,train,4,Inspect Shelf,497,543,30.0,3980
5205,39_1,dataset\raw\Videos_MERL_Shopping_Dataset\39_1_crop.mp4,train,4,Inspect Shelf,861,950,30.0,3980
5206,39_1,dataset\raw\Videos_MERL_Shopping_Dataset\39_1_crop.mp4,train,4,Inspect Shelf,951,1022,30.0,3980
5207,39_1,dataset\raw\Videos_MERL_Shopping_Dataset\39_1_crop.mp4,train,4,Inspect Shelf,1111,1145,30.0,3980
5208,39_1,dataset\raw\Videos_MERL_Shopping_Dataset\39_1_crop.mp4,train,4,Inspect Shelf,1238,1327,30.0,3980
5209,39_1,dataset\raw\Videos_MERL_Shopping_Dataset\39_1_crop.mp4,train,4,Inspect Shelf,1328,1417,30.0,3980
5210,39_1,dataset\raw\Videos_MERL_Shopping_Dataset\39_1_crop.mp4,train,4,Inspect Shelf,1545,1634,30.0,3980
5211,39_1,dataset\raw\Videos_MERL_Shopping_Dataset\39_1_crop.mp4,train,4,Inspect Shelf,1635,1697,30.0,3980
5212,39_1,dataset\raw\Videos_MERL_Shopping_Dataset\39_1_crop.mp4,train,4,Inspect Shelf,2459,2548,30.0,3980
5213,39_1,dataset\raw\Videos_MERL_Shopping_Dataset\39_1_crop.mp4,train,4,Inspect Shelf,2549,2638,30.0,3980
5214,39_1,dataset\raw\Videos_MERL_Shopping_Dataset\39_1_crop.mp4,train,4,Inspect Shelf,2639,2728,30.0,3980
5215,39_1,dataset\raw\Videos_MERL_Shopping_Dataset\39_1_crop.mp4,train,4,Inspect Shelf,2826,2915,30.0,3980
5216,39_1,dataset\raw\Videos_MERL_Shopping_Dataset\39_1_crop.mp4,train,4,Inspect Shelf,2996,3048,30.0,3980
5217,39_1,dataset\raw\Videos_MERL_Shopping_Dataset\39_1_crop.mp4,train,4,Inspect Shelf,3198,3287,30.0,3980
5218,39_1,dataset\raw\Videos_MERL_Shopping_Dataset\39_1_crop.mp4,train,4,Inspect Shelf,3288,3377,30.0,3980
5219,39_1,dataset\raw\Videos_MERL_Shopping_Dataset\39_1_crop.mp4,train,4,Inspect Shelf,3378,3467,30.0,3980
5220,39_1,dataset\raw\Videos_MERL_Shopping_Dataset\39_1_crop.mp4,train,4,Inspect Shelf,3625,3714,30.0,3980
5221,39_1,dataset\raw\Videos_MERL_Shopping_Dataset\39_1_crop.mp4,train,4,Inspect Shelf,3715,3747,30.0,3980
5222,39_1,dataset\raw\Videos_MERL_Shopping_Dataset\39_1_crop.mp4,train,4,Inspect Shelf,3827,3856,30.0,3980
5331,3_3,dataset\raw\Videos_MERL_Shopping_Dataset\3_3_crop.mp4,train,0,Reach to Shelf,277,298,30.0,3506
5332,3_3,dataset\raw\Videos_MERL_Shopping_Dataset\3_3_crop.mp4,train,0,Reach to Shelf,691,719,30.0,3506
5333,3_3,dataset\raw\Videos_MERL_Shopping_Dataset\3_3_crop.mp4,train,0,Reach to Shelf,840,878,30.0,3506
5334,3_3,dataset\raw\Videos_MERL_Shopping_Dataset\3_3_crop.mp4,train,0,Reach to Shelf,1107,1130,30.0,3506
5335,3_3,dataset\raw\Videos_MERL_Shopping_Dataset\3_3_crop.mp4,train,0,Reach to Shelf,1418,1460,30.0,3506
5336,3_3,dataset\raw\Videos_MERL_Shopping_Dataset\3_3_crop.mp4,train,0,Reach to Shelf,1552,1578,30.0,3506
5337,3_3,dataset\raw\Videos_MERL_Shopping_Dataset\3_3_crop.mp4,train,0,Reach to Shelf,1668,1690,30.0,3506
5338,3_3,dataset\raw\Videos_MERL_Shopping_Dataset\3_3_crop.mp4,train,0,Reach to Shelf,2089,2119,30.0,3506
5339,3_3,dataset\raw\Videos_MERL_Shopping_Dataset\3_3_crop.mp4,train,0,Reach to Shelf,2229,2249,30.0,3506
5340,3_3,dataset\raw\Videos_MERL_Shopping_Dataset\3_3_crop.mp4,train,0,Reach to Shelf,2310,2336,30.0,3506
5341,3_3,dataset\raw\Videos_MERL_Shopping_Dataset\3_3_crop.mp4,train,0,Reach to Shelf,2781,2808,30.0,3506
5342,3_3,dataset\raw\Videos_MERL_Shopping_Dataset\3_3_crop.mp4,train,0,Reach to Shelf,3077,3100,30.0,3506
5343,3_3,dataset\raw\Videos_MERL_Shopping_Dataset\3_3_crop.mp4,train,0,Reach to Shelf,3102,3116,30.0,3506
5344,3_3,dataset\raw\Videos_MERL_Shopping_Dataset\3_3_crop.mp4,train,0,Reach to Shelf,473,531,30.0,3506
5345,3_3,dataset\raw\Videos_MERL_Shopping_Dataset\3_3_crop.mp4,train,0,Reach to Shelf,2458,2488,30.0,3506
5346,3_3,dataset\raw\Videos_MERL_Shopping_Dataset\3_3_crop.mp4,train,0,Reach to Shelf,2538,2571,30.0,3506
5347,3_3,dataset\raw\Videos_MERL_Shopping_Dataset\3_3_crop.mp4,train,0,Reach to Shelf,3192,3226,30.0,3506
5348,3_3,dataset\raw\Videos_MERL_Shopping_Dataset\3_3_crop.mp4,train,1,Retract from Shelf,537,574,30.0,3506
5349,3_3,dataset\raw\Videos_MERL_Shopping_Dataset\3_3_crop.mp4,train,1,Retract from Shelf,1740,1755,30.0,3506
5350,3_3,dataset\raw\Videos_MERL_Shopping_Dataset\3_3_crop.mp4,train,1,Retract from Shelf,2572,2592,30.0,3506
5351,3_3,dataset\raw\Videos_MERL_Shopping_Dataset\3_3_crop.mp4,train,1,Retract from Shelf,3313,3338,30.0,3506
5352,3_3,dataset\raw\Videos_MERL_Shopping_Dataset\3_3_crop.mp4,train,1,Retract from Shelf,301,324,30.0,3506
5353,3_3,dataset\raw\Videos_MERL_Shopping_Dataset\3_3_crop.mp4,train,1,Retract from Shelf,720,765,30.0,3506
5354,3_3,dataset\raw\Videos_MERL_Shopping_Dataset\3_3_crop.mp4,train,1,Retract from Shelf,878,931,30.0,3506
5355,3_3,dataset\raw\Videos_MERL_Shopping_Dataset\3_3_crop.mp4,train,1,Retract from Shelf,1131,1172,30.0,3506
5356,3_3,dataset\raw\Videos_MERL_Shopping_Dataset\3_3_crop.mp4,train,1,Retract from Shelf,1527,1551,30.0,3506
5357,3_3,dataset\raw\Videos_MERL_Shopping_Dataset\3_3_crop.mp4,train,1,Retract from Shelf,1597,1625,30.0,3506
5358,3_3,dataset\raw\Videos_MERL_Shopping_Dataset\3_3_crop.mp4,train,1,Retract from Shelf,2120,2144,30.0,3506
5359,3_3,dataset\raw\Videos_MERL_Shopping_Dataset\3_3_crop.mp4,train,1,Retract from Shelf,2249,2267,30.0,3506
5360,3_3,dataset\raw\Videos_MERL_Shopping_Dataset\3_3_crop.mp4,train,1,Retract from Shelf,2336,2360,30.0,3506
5361,3_3,dataset\raw\Videos_MERL_Shopping_Dataset\3_3_crop.mp4,train,1,Retract from Shelf,2489,2511,30.0,3506
5362,3_3,dataset\raw\Videos_MERL_Shopping_Dataset\3_3_crop.mp4,train,1,Retract from Shelf,2840,2871,30.0,3506
5363,3_3,dataset\raw\Videos_MERL_Shopping_Dataset\3_3_crop.mp4,train,1,Retract from Shelf,3138,3168,30.0,3506
5364,3_3,dataset\raw\Videos_MERL_Shopping_Dataset\3_3_crop.mp4,train,2,Hand in Shelf,1463,1525,30.0,3506
5365,3_3,dataset\raw\Videos_MERL_Shopping_Dataset\3_3_crop.mp4,train,2,Hand in Shelf,1579,1596,30.0,3506
5366,3_3,dataset\raw\Videos_MERL_Shopping_Dataset\3_3_crop.mp4,train,2,Hand in Shelf,1691,1739,30.0,3506
5367,3_3,dataset\raw\Videos_MERL_Shopping_Dataset\3_3_crop.mp4,train,2,Hand in Shelf,2810,2840,30.0,3506
5368,3_3,dataset\raw\Videos_MERL_Shopping_Dataset\3_3_crop.mp4,train,2,Hand in Shelf,3116,3137,30.0,3506
5369,3_3,dataset\raw\Videos_MERL_Shopping_Dataset\3_3_crop.mp4,train,2,Hand in Shelf,3227,3310,30.0,3506
5370,3_3,dataset\raw\Videos_MERL_Shopping_Dataset\3_3_crop.mp4,train,3,Inspect Product,326,415,30.0,3506
5371,3_3,dataset\raw\Videos_MERL_Shopping_Dataset\3_3_crop.mp4,train,3,Inspect Product,416,470,30.0,3506
5372,3_3,dataset\raw\Videos_MERL_Shopping_Dataset\3_3_crop.mp4,train,3,Inspect Product,931,982,30.0,3506
5373,3_3,dataset\raw\Videos_MERL_Shopping_Dataset\3_3_crop.mp4,train,3,Inspect Product,1174,1238,30.0,3506
5374,3_3,dataset\raw\Videos_MERL_Shopping_Dataset\3_3_crop.mp4,train,3,Inspect Product,1628,1644,30.0,3506
5375,3_3,dataset\raw\Videos_MERL_Shopping_Dataset\3_3_crop.mp4,train,3,Inspect Product,2144,2204,30.0,3506
5376,3_3,dataset\raw\Videos_MERL_Shopping_Dataset\3_3_crop.mp4,train,3,Inspect Product,2363,2452,30.0,3506
5377,3_3,dataset\raw\Videos_MERL_Shopping_Dataset\3_3_crop.mp4,train,3,Inspect Product,2512,2537,30.0,3506
5378,3_3,dataset\raw\Videos_MERL_Shopping_Dataset\3_3_crop.mp4,train,3,Inspect Product,3169,3191,30.0,3506
5379,3_3,dataset\raw\Videos_MERL_Shopping_Dataset\3_3_crop.mp4,train,4,Inspect Shelf,574,663,30.0,3506
5380,3_3,dataset\raw\Videos_MERL_Shopping_Dataset\3_3_crop.mp4,train,4,Inspect Shelf,664,690,30.0,3506
5381,3_3,dataset\raw\Videos_MERL_Shopping_Dataset\3_3_crop.mp4,train,4,Inspect Shelf,765,838,30.0,3506
5382,3_3,dataset\raw\Videos_MERL_Shopping_Dataset\3_3_crop.mp4,train,4,Inspect Shelf,1014,1103,30.0,3506
5383,3_3,dataset\raw\Videos_MERL_Shopping_Dataset\3_3_crop.mp4,train,4,Inspect Shelf,1280,1369,30.0,3506
5384,3_3,dataset\raw\Videos_MERL_Shopping_Dataset\3_3_crop.mp4,train,4,Inspect Shelf,1370,1415,30.0,3506
5385,3_3,dataset\raw\Videos_MERL_Shopping_Dataset\3_3_crop.mp4,train,4,Inspect Shelf,2270,2310,30.0,3506
5386,3_3,dataset\raw\Videos_MERL_Shopping_Dataset\3_3_crop.mp4,train,4,Inspect Shelf,2593,2682,30.0,3506
5387,3_3,dataset\raw\Videos_MERL_Shopping_Dataset\3_3_crop.mp4,train,4,Inspect Shelf,2683,2772,30.0,3506
5388,3_3,dataset\raw\Videos_MERL_Shopping_Dataset\3_3_crop.mp4,train,4,Inspect Shelf,2873,2962,30.0,3506
5389,3_3,dataset\raw\Videos_MERL_Shopping_Dataset\3_3_crop.mp4,train,4,Inspect Shelf,2963,3052,30.0,3506
5390,3_3,dataset\raw\Videos_MERL_Shopping_Dataset\3_3_crop.mp4,train,4,Inspect Shelf,3053,3077,30.0,3506
5391,40_1,dataset\raw\Videos_MERL_Shopping_Dataset\40_1_crop.mp4,train,0,Reach to Shelf,351,390,30.0,4020
5392,40_1,dataset\raw\Videos_MERL_Shopping_Dataset\40_1_crop.mp4,train,0,Reach to Shelf,525,560,30.0,4020
5393,40_1,dataset\raw\Videos_MERL_Shopping_Dataset\40_1_crop.mp4,train,0,Reach to Shelf,705,742,30.0,4020
5394,40_1,dataset\raw\Videos_MERL_Shopping_Dataset\40_1_crop.mp4,train,0,Reach to Shelf,887,918,30.0,4020
5395,40_1,dataset\raw\Videos_MERL_Shopping_Dataset\40_1_crop.mp4,train,0,Reach to Shelf,1133,1175,30.0,4020
5396,40_1,dataset\raw\Videos_MERL_Shopping_Dataset\40_1_crop.mp4,train,0,Reach to Shelf,1509,1546,30.0,4020
5397,40_1,dataset\raw\Videos_MERL_Shopping_Dataset\40_1_crop.mp4,train,0,Reach to Shelf,2644,2678,30.0,4020
5398,40_1,dataset\raw\Videos_MERL_Shopping_Dataset\40_1_crop.mp4,train,0,Reach to Shelf,3141,3166,30.0,4020
5399,40_1,dataset\raw\Videos_MERL_Shopping_Dataset\40_1_crop.mp4,train,0,Reach to Shelf,3549,3588,30.0,4020
5400,40_1,dataset\raw\Videos_MERL_Shopping_Dataset\40_1_crop.mp4,train,1,Retract from Shelf,1810,1839,30.0,4020
5401,40_1,dataset\raw\Videos_MERL_Shopping_Dataset\40_1_crop.mp4,train,1,Retract from Shelf,393,446,30.0,4020
5402,40_1,dataset\raw\Videos_MERL_Shopping_Dataset\40_1_crop.mp4,train,1,Retract from Shelf,595,624,30.0,4020
5403,40_1,dataset\raw\Videos_MERL_Shopping_Dataset\40_1_crop.mp4,train,1,Retract from Shelf,768,797,30.0,4020
5404,40_1,dataset\raw\Videos_MERL_Shopping_Dataset\40_1_crop.mp4,train,1,Retract from Shelf,939,977,30.0,4020
5405,40_1,dataset\raw\Videos_MERL_Shopping_Dataset\40_1_crop.mp4,train,1,Retract from Shelf,1215,1261,30.0,4020
5406,40_1,dataset\raw\Videos_MERL_Shopping_Dataset\40_1_crop.mp4,train,1,Retract from Shelf,2922,2980,30.0,4020
5407,40_1,dataset\raw\Videos_MERL_Shopping_Dataset\40_1_crop.mp4,train,1,Retract from Shelf,3167,3219,30.0,4020
5408,40_1,dataset\raw\Videos_MERL_Shopping_Dataset\40_1_crop.mp4,train,1,Retract from Shelf,3668,3714,30.0,4020
5409,40_1,dataset\raw\Videos_MERL_Shopping_Dataset\40_1_crop.mp4,train,2,Hand in Shelf,563,593,30.0,4020
5410,40_1,dataset\raw\Videos_MERL_Shopping_Dataset\40_1_crop.mp4,train,2,Hand in Shelf,745,767,30.0,4020
5411,40_1,dataset\raw\Videos_MERL_Shopping_Dataset\40_1_crop.mp4,train,2,Hand in Shelf,919,938,30.0,4020
5412,40_1,dataset\raw\Videos_MERL_Shopping_Dataset\40_1_crop.mp4,train,2,Hand in Shelf,1176,1213,30.0,4020
5413,40_1,dataset\raw\Videos_MERL_Shopping_Dataset\40_1_crop.mp4,train,2,Hand in Shelf,1548,1637,30.0,4020
5414,40_1,dataset\raw\Videos_MERL_Shopping_Dataset\40_1_crop.mp4,train,2,Hand in Shelf,1638,1727,30.0,4020
5415,40_1,dataset\raw\Videos_MERL_Shopping_Dataset\40_1_crop.mp4,train,2,Hand in Shelf,1728,1809,30.0,4020
5416,40_1,dataset\raw\Videos_MERL_Shopping_Dataset\40_1_crop.mp4,train,2,Hand in Shelf,2682,2771,30.0,4020
5417,40_1,dataset\raw\Videos_MERL_Shopping_Dataset\40_1_crop.mp4,train,2,Hand in Shelf,2772,2861,30.0,4020
5418,40_1,dataset\raw\Videos_MERL_Shopping_Dataset\40_1_crop.mp4,train,2,Hand in Shelf,2862,2918,30.0,4020
5419,40_1,dataset\raw\Videos_MERL_Shopping_Dataset\40_1_crop.mp4,train,2,Hand in Shelf,3587,3667,30.0,4020
5420,40_1,dataset\raw\Videos_MERL_Shopping_Dataset\40_1_crop.mp4,train,4,Inspect Shelf,213,302,30.0,4020
5421,40_1,dataset\raw\Videos_MERL_Shopping_Dataset\40_1_crop.mp4,train,4,Inspect Shelf,303,348,30.0,4020
5422,40_1,dataset\raw\Videos_MERL_Shopping_Dataset\40_1_crop.mp4,train,4,Inspect Shelf,450,524,30.0,4020
5423,40_1,dataset\raw\Videos_MERL_Shopping_Dataset\40_1_crop.mp4,train,4,Inspect Shelf,634,699,30.0,4020
5424,40_1,dataset\raw\Videos_MERL_Shopping_Dataset\40_1_crop.mp4,train,4,Inspect Shelf,805,891,30.0,4020
5425,40_1,dataset\raw\Videos_MERL_Shopping_Dataset\40_1_crop.mp4,train,4,Inspect Shelf,981,1070,30.0,4020
5426,40_1,dataset\raw\Videos_MERL_Shopping_Dataset\40_1_crop.mp4,train,4,Inspect Shelf,1071,1134,30.0,4020
5427,40_1,dataset\raw\Videos_MERL_Shopping_Dataset\40_1_crop.mp4,train,4,Inspect Shelf,1268,1357,30.0,4020
5428,40_1,dataset\raw\Videos_MERL_Shopping_Dataset\40_1_crop.mp4,train,4,Inspect Shelf,1358,1447,30.0,4020
5429,40_1,dataset\raw\Videos_MERL_Shopping_Dataset\40_1_crop.mp4,train,4,Inspect Shelf,1448,1510,30.0,4020
5430,40_1,dataset\raw\Videos_MERL_Shopping_Dataset\40_1_crop.mp4,train,4,Inspect Shelf,2487,2576,30.0,4020
5431,40_1,dataset\raw\Videos_MERL_Shopping_Dataset\40_1_crop.mp4,train,4,Inspect Shelf,2577,2647,30.0,4020
5432,40_1,dataset\raw\Videos_MERL_Shopping_Dataset\40_1_crop.mp4,train,4,Inspect Shelf,2985,3074,30.0,4020
5433,40_1,dataset\raw\Videos_MERL_Shopping_Dataset\40_1_crop.mp4,train,4,Inspect Shelf,3075,3139,30.0,4020
5434,40_1,dataset\raw\Videos_MERL_Shopping_Dataset\40_1_crop.mp4,train,4,Inspect Shelf,3227,3316,30.0,4020
5435,40_1,dataset\raw\Videos_MERL_Shopping_Dataset\40_1_crop.mp4,train,4,Inspect Shelf,3317,3406,30.0,4020
5436,40_1,dataset\raw\Videos_MERL_Shopping_Dataset\40_1_crop.mp4,train,4,Inspect Shelf,3407,3496,30.0,4020
5437,40_1,dataset\raw\Videos_MERL_Shopping_Dataset\40_1_crop.mp4,train,4,Inspect Shelf,3497,3547,30.0,4020
5438,40_1,dataset\raw\Videos_MERL_Shopping_Dataset\40_1_crop.mp4,train,4,Inspect Shelf,3719,3808,30.0,4020
5545,4_1,dataset\raw\Videos_MERL_Shopping_Dataset\4_1_crop.mp4,train,0,Reach to Shelf,293,326,30.0,3969
5546,4_1,dataset\raw\Videos_MERL_Shopping_Dataset\4_1_crop.mp4,train,0,Reach to Shelf,606,638,30.0,3969
5547,4_1,dataset\raw\Videos_MERL_Shopping_Dataset\4_1_crop.mp4,train,0,Reach to Shelf,806,835,30.0,3969
5548,4_1,dataset\raw\Videos_MERL_Shopping_Dataset\4_1_crop.mp4,train,0,Reach to Shelf,1174,1208,30.0,3969
5549,4_1,dataset\raw\Videos_MERL_Shopping_Dataset\4_1_crop.mp4,train,0,Reach to Shelf,1669,1709,30.0,3969
5550,4_1,dataset\raw\Videos_MERL_Shopping_Dataset\4_1_crop.mp4,train,0,Reach to Shelf,2658,2684,30.0,3969
5551,4_1,dataset\raw\Videos_MERL_Shopping_Dataset\4_1_crop.mp4,train,0,Reach to Shelf,2722,2764,30.0,3969
5552,4_1,dataset\raw\Videos_MERL_Shopping_Dataset\4_1_crop.mp4,train,0,Reach to Shelf,3037,3071,30.0,3969
5553,4_1,dataset\raw\Videos_MERL_Shopping_Dataset\4_1_crop.mp4,train,0,Reach to Shelf,3147,3172,30.0,3969
5554,4_1,dataset\raw\Videos_MERL_Shopping_Dataset\4_1_crop.mp4,train,0,Reach to Shelf,3622,3649,30.0,3969
5555,4_1,dataset\raw\Videos_MERL_Shopping_Dataset\4_1_crop.mp4,train,0,Reach to Shelf,947,992,30.0,3969
5556,4_1,dataset\raw\Videos_MERL_Shopping_Dataset\4_1_crop.mp4,train,1,Retract from Shelf,1002,1016,30.0,3969
5557,4_1,dataset\raw\Videos_MERL_Shopping_Dataset\4_1_crop.mp4,train,1,Retract from Shelf,383,421,30.0,3969
5558,4_1,dataset\raw\Videos_MERL_Shopping_Dataset\4_1_crop.mp4,train,1,Retract from Shelf,646,724,30.0,3969
5559,4_1,dataset\raw\Videos_MERL_Shopping_Dataset\4_1_crop.mp4,train,1,Retract from Shelf,869,905,30.0,3969
5560,4_1,dataset\raw\Videos_MERL_Shopping_Dataset\4_1_crop.mp4,train,1,Retract from Shelf,1212,1229,30.0,3969
5561,4_1,dataset\raw\Videos_MERL_Shopping_Dataset\4_1_crop.mp4,train,1,Retract from Shelf,1717,1757,30.0,3969
5562,4_1,dataset\raw\Videos_MERL_Shopping_Dataset\4_1_crop.mp4,train,1,Retract from Shelf,2690,2716,30.0,3969
5563,4_1,dataset\raw\Videos_MERL_Shopping_Dataset\4_1_crop.mp4,train,1,Retract from Shelf,2769,2811,30.0,3969
5564,4_1,dataset\raw\Videos_MERL_Shopping_Dataset\4_1_crop.mp4,train,1,Retract from Shelf,3078,3138,30.0,3969
5565,4_1,dataset\raw\Videos_MERL_Shopping_Dataset\4_1_crop.mp4,train,1,Retract from Shelf,3175,3212,30.0,3969
5566,4_1,dataset\raw\Videos_MERL_Shopping_Dataset\4_1_crop.mp4,train,1,Retract from Shelf,3706,3737,30.0,3969
5567,4_1,dataset\raw\Videos_MERL_Shopping_Dataset\4_1_crop.mp4,train,2,Hand in Shelf,334,371,30.0,3969
5568,4_1,dataset\raw\Videos_MERL_Shopping_Dataset\4_1_crop.mp4,train,3,Inspect Product,438,490,30.0,3969
5569,4_1,dataset\raw\Videos_MERL_Shopping_Dataset\4_1_crop.mp4,train,3,Inspect Product,914,941,30.0,3969
5570,4_1,dataset\raw\Videos_MERL_Shopping_Dataset\4_1_crop.mp4,train,3,Inspect Product,1233,1322,30.0,3969
5571,4_1,dataset\raw\Videos_MERL_Shopping_Dataset\4_1_crop.mp4,train,3,Inspect Product,1323,1412,30.0,3969
5572,4_1,dataset\raw\Videos_MERL_Shopping_Dataset\4_1_crop.mp4,train,3,Inspect Product,1413,1454,30.0,3969
5573,4_1,dataset\raw\Videos_MERL_Shopping_Dataset\4_1_crop.mp4,train,3,Inspect Product,1785,1874,30.0,3969
5574,4_1,dataset\raw\Videos_MERL_Shopping_Dataset\4_1_crop.mp4,train,3,Inspect Product,1875,1902,30.0,3969
5575,4_1,dataset\raw\Videos_MERL_Shopping_Dataset\4_1_crop.mp4,train,3,Inspect Product,3222,3258,30.0,3969
5576,4_1,dataset\raw\Videos_MERL_Shopping_Dataset\4_1_crop.mp4,train,3,Inspect Product,3383,3402,30.0,3969
5577,4_1,dataset\raw\Videos_MERL_Shopping_Dataset\4_1_crop.mp4,train,4,Inspect Shelf,558,602,30.0,3969
5578,4_1,dataset\raw\Videos_MERL_Shopping_Dataset\4_1_crop.mp4,train,4,Inspect Shelf,736,796,30.0,3969
5579,4_1,dataset\raw\Videos_MERL_Shopping_Dataset\4_1_crop.mp4,train,4,Inspect Shelf,1028,1117,30.0,3969
5580,4_1,dataset\raw\Videos_MERL_Shopping_Dataset\4_1_crop.mp4,train,4,Inspect Shelf,1118,1160,30.0,3969
5581,4_1,dataset\raw\Videos_MERL_Shopping_Dataset\4_1_crop.mp4,train,4,Inspect Shelf,1470,1559,30.0,3969
5582,4_1,dataset\raw\Videos_MERL_Shopping_Dataset\4_1_crop.mp4,train,4,Inspect Shelf,1560,1649,30.0,3969
5583,4_1,dataset\raw\Videos_MERL_Shopping_Dataset\4_1_crop.mp4,train,4,Inspect Shelf,1918,2007,30.0,3969
5584,4_1,dataset\raw\Videos_MERL_Shopping_Dataset\4_1_crop.mp4,train,4,Inspect Shelf,2008,2097,30.0,3969
5585,4_1,dataset\raw\Videos_MERL_Shopping_Dataset\4_1_crop.mp4,train,4,Inspect Shelf,2098,2129,30.0,3969
5586,4_1,dataset\raw\Videos_MERL_Shopping_Dataset\4_1_crop.mp4,train,4,Inspect Shelf,2568,2642,30.0,3969
5587,4_1,dataset\raw\Videos_MERL_Shopping_Dataset\4_1_crop.mp4,train,4,Inspect Shelf,2825,2914,30.0,3969
5588,4_1,dataset\raw\Videos_MERL_Shopping_Dataset\4_1_crop.mp4,train,4,Inspect Shelf,2915,3004,30.0,3969
5589,4_1,dataset\raw\Videos_MERL_Shopping_Dataset\4_1_crop.mp4,train,4,Inspect Shelf,3005,3026,30.0,3969
5590,4_1,dataset\raw\Videos_MERL_Shopping_Dataset\4_1_crop.mp4,train,4,Inspect Shelf,3448,3537,30.0,3969
5591,4_1,dataset\raw\Videos_MERL_Shopping_Dataset\4_1_crop.mp4,train,4,Inspect Shelf,3538,3581,30.0,3969
5645,4_3,dataset\raw\Videos_MERL_Shopping_Dataset\4_3_crop.mp4,train,0,Reach to Shelf,326,363,30.0,3770
5646,4_3,dataset\raw\Videos_MERL_Shopping_Dataset\4_3_crop.mp4,train,0,Reach to Shelf,684,726,30.0,3770
5647,4_3,dataset\raw\Videos_MERL_Shopping_Dataset\4_3_crop.mp4,train,0,Reach to Shelf,1017,1072,30.0,3770
5648,4_3,dataset\raw\Videos_MERL_Shopping_Dataset\4_3_crop.mp4,train,0,Reach to Shelf,1138,1170,30.0,3770
5649,4_3,dataset\raw\Videos_MERL_Shopping_Dataset\4_3_crop.mp4,train,0,Reach to Shelf,2313,2360,30.0,3770
5650,4_3,dataset\raw\Videos_MERL_Shopping_Dataset\4_3_crop.mp4,train,0,Reach to Shelf,2798,2840,30.0,3770
5651,4_3,dataset\raw\Videos_MERL_Shopping_Dataset\4_3_crop.mp4,train,0,Reach to Shelf,2995,3022,30.0,3770
5652,4_3,dataset\raw\Videos_MERL_Shopping_Dataset\4_3_crop.mp4,train,0,Reach to Shelf,3360,3389,30.0,3770
5653,4_3,dataset\raw\Videos_MERL_Shopping_Dataset\4_3_crop.mp4,train,0,Reach to Shelf,797,848,30.0,3770
5654,4_3,dataset\raw\Videos_MERL_Shopping_Dataset\4_3_crop.mp4,train,1,Retract from Shelf,848,878,30.0,3770
5655,4_3,dataset\raw\Videos_MERL_Shopping_Dataset\4_3_crop.mp4,train,1,Retract from Shelf,426,488,30.0,3770
5656,4_3,dataset\raw\Videos_MERL_Shopping_Dataset\4_3_crop.mp4,train,1,Retract from Shelf,756,793,30.0,3770
5657,4_3,dataset\raw\Videos_MERL_Shopping_Dataset\4_3_crop.mp4,train,1,Retract from Shelf,1073,1132,30.0,3770
5658,4_3,dataset\raw\Videos_MERL_Shopping_Dataset\4_3_crop.mp4,train,1,Retract from Shelf,1174,1240,30.0,3770
5659,4_3,dataset\raw\Videos_MERL_Shopping_Dataset\4_3_crop.mp4,train,1,Retract from Shelf,2362,2402,30.0,3770
5660,4_3,dataset\raw\Videos_MERL_Shopping_Dataset\4_3_crop.mp4,train,1,Retract from Shelf,2841,2897,30.0,3770
5661,4_3,dataset\raw\Videos_MERL_Shopping_Dataset\4_3_crop.mp4,train,1,Retract from Shelf,3026,3066,30.0,3770
5662,4_3,dataset\raw\Videos_MERL_Shopping_Dataset\4_3_crop.mp4,train,1,Retract from Shelf,3447,3474,30.0,3770
5663,4_3,dataset\raw\Videos_MERL_Shopping_Dataset\4_3_crop.mp4,train,2,Hand in Shelf,367,422,30.0,3770
5664,4_3,dataset\raw\Videos_MERL_Shopping_Dataset\4_3_crop.mp4,train,2,Hand in Shelf,726,755,30.0,3770
5665,4_3,dataset\raw\Videos_MERL_Shopping_Dataset\4_3_crop.mp4,train,2,Hand in Shelf,3391,3446,30.0,3770
5666,4_3,dataset\raw\Videos_MERL_Shopping_Dataset\4_3_crop.mp4,train,3,Inspect Product,2407,2496,30.0,3770
5667,4_3,dataset\raw\Videos_MERL_Shopping_Dataset\4_3_crop.mp4,train,3,Inspect Product,2497,2586,30.0,3770
5668,4_3,dataset\raw\Videos_MERL_Shopping_Dataset\4_3_crop.mp4,train,3,Inspect Product,2587,2676,30.0,3770
5669,4_3,dataset\raw\Videos_MERL_Shopping_Dataset\4_3_crop.mp4,train,3,Inspect Product,2677,2741,30.0,3770
5670,4_3,dataset\raw\Videos_MERL_Shopping_Dataset\4_3_crop.mp4,train,3,Inspect Product,3068,3157,30.0,3770
5671,4_3,dataset\raw\Videos_MERL_Shopping_Dataset\4_3_crop.mp4,train,3,Inspect Product,3158,3247,30.0,3770
5672,4_3,dataset\raw\Videos_MERL_Shopping_Dataset\4_3_crop.mp4,train,4,Inspect Shelf,231,319,30.0,3770
5673,4_3,dataset\raw\Videos_MERL_Shopping_Dataset\4_3_crop.mp4,train,4,Inspect Shelf,491,580,30.0,3770
5674,4_3,dataset\raw\Videos_MERL_Shopping_Dataset\4_3_crop.mp4,train,4,Inspect Shelf,581,670,30.0,3770
5675,4_3,dataset\raw\Videos_MERL_Shopping_Dataset\4_3_crop.mp4,train,4,Inspect Shelf,884,973,30.0,3770
5676,4_3,dataset\raw\Videos_MERL_Shopping_Dataset\4_3_crop.mp4,train,4,Inspect Shelf,974,1014,30.0,3770
5677,4_3,dataset\raw\Videos_MERL_Shopping_Dataset\4_3_crop.mp4,train,4,Inspect Shelf,1274,1363,30.0,3770
5678,4_3,dataset\raw\Videos_MERL_Shopping_Dataset\4_3_crop.mp4,train,4,Inspect Shelf,1364,1453,30.0,3770
5679,4_3,dataset\raw\Videos_MERL_Shopping_Dataset\4_3_crop.mp4,train,4,Inspect Shelf,1454,1543,30.0,3770
5680,4_3,dataset\raw\Videos_MERL_Shopping_Dataset\4_3_crop.mp4,train,4,Inspect Shelf,1544,1633,30.0,3770
5681,4_3,dataset\raw\Videos_MERL_Shopping_Dataset\4_3_crop.mp4,train,4,Inspect Shelf,1634,1723,30.0,3770
5682,4_3,dataset\raw\Videos_MERL_Shopping_Dataset\4_3_crop.mp4,train,4,Inspect Shelf,1724,1813,30.0,3770
5683,4_3,dataset\raw\Videos_MERL_Shopping_Dataset\4_3_crop.mp4,train,4,Inspect Shelf,2159,2248,30.0,3770
5684,4_3,dataset\raw\Videos_MERL_Shopping_Dataset\4_3_crop.mp4,train,4,Inspect Shelf,2249,2312,30.0,3770
5685,4_3,dataset\raw\Videos_MERL_Shopping_Dataset\4_3_crop.mp4,train,4,Inspect Shelf,2771,2795,30.0,3770
5686,4_3,dataset\raw\Videos_MERL_Shopping_Dataset\4_3_crop.mp4,train,4,Inspect Shelf,2901,2990,30.0,3770
5687,4_3,dataset\raw\Videos_MERL_Shopping_Dataset\4_3_crop.mp4,train,4,Inspect Shelf,3319,3361,30.0,3770
5688,4_3,dataset\raw\Videos_MERL_Shopping_Dataset\4_3_crop.mp4,train,4,Inspect Shelf,3478,3567,30.0,3770
5689,4_3,dataset\raw\Videos_MERL_Shopping_Dataset\4_3_crop.mp4,train,4,Inspect Shelf,3568,3607,30.0,3770
5797,5_3,dataset\raw\Videos_MERL_Shopping_Dataset\5_3_crop.mp4,train,0,Reach to Shelf,180,217,30.0,4232
5798,5_3,dataset\raw\Videos_MERL_Shopping_Dataset\5_3_crop.mp4,train,0,Reach to Shelf,336,378,30.0,4232
5799,5_3,dataset\raw\Videos_MERL_Shopping_Dataset\5_3_crop.mp4,train,0,Reach to Shelf,516,551,30.0,4232
5800,5_3,dataset\raw\Videos_MERL_Shopping_Dataset\5_3_crop.mp4,train,0,Reach to Shelf,613,662,30.0,4232
5801,5_3,dataset\raw\Videos_MERL_Shopping_Dataset\5_3_crop.mp4,train,0,Reach to Shelf,1173,1218,30.0,4232
5802,5_3,dataset\raw\Videos_MERL_Shopping_Dataset\5_3_crop.mp4,train,0,Reach to Shelf,1272,1306,30.0,4232
5803,5_3,dataset\raw\Videos_MERL_Shopping_Dataset\5_3_crop.mp4,train,0,Reach to Shelf,2498,2533,30.0,4232
5804,5_3,dataset\raw\Videos_MERL_Shopping_Dataset\5_3_crop.mp4,train,0,Reach to Shelf,2783,2828,30.0,4232
5805,5_3,dataset\raw\Videos_MERL_Shopping_Dataset\5_3_crop.mp4,train,0,Reach to Shelf,3177,3224,30.0,4232
5806,5_3,dataset\raw\Videos_MERL_Shopping_Dataset\5_3_crop.mp4,train,0,Reach to Shelf,3518,3561,30.0,4232
5807,5_3,dataset\raw\Videos_MERL_Shopping_Dataset\5_3_crop.mp4,train,0,Reach to Shelf,3838,3876,30.0,4232
5808,5_3,dataset\raw\Videos_MERL_Shopping_Dataset\5_3_crop.mp4,train,0,Reach to Shelf,2095,2152,30.0,4232
5809,5_3,dataset\raw\Videos_MERL_Shopping_Dataset\5_3_crop.mp4,train,1,Retract from Shelf,2152,2192,30.0,4232
5810,5_3,dataset\raw\Videos_MERL_Shopping_Dataset\5_3_crop.mp4,train,1,Retract from Shelf,222,282,30.0,4232
5811,5_3,dataset\raw\Videos_MERL_Shopping_Dataset\5_3_crop.mp4,train,1,Retract from Shelf,380,412,30.0,4232
5812,5_3,dataset\raw\Videos_MERL_Shopping_Dataset\5_3_crop.mp4,train,1,Retract from Shelf,553,578,30.0,4232
5813,5_3,dataset\raw\Videos_MERL_Shopping_Dataset\5_3_crop.mp4,train,1,Retract from Shelf,661,695,30.0,4232
5814,5_3,dataset\raw\Videos_MERL_Shopping_Dataset\5_3_crop.mp4,train,1,Retract from Shelf,1217,1269,30.0,4232
5815,5_3,dataset\raw\Videos_MERL_Shopping_Dataset\5_3_crop.mp4,train,1,Retract from Shelf,1308,1342,30.0,4232
5816,5_3,dataset\raw\Videos_MERL_Shopping_Dataset\5_3_crop.mp4,train,1,Retract from Shelf,2537,2584,30.0,4232
5817,5_3,dataset\raw\Videos_MERL_Shopping_Dataset\5_3_crop.mp4,train,1,Retract from Shelf,2832,2884,30.0,4232
5818,5_3,dataset\raw\Videos_MERL_Shopping_Dataset\5_3_crop.mp4,train,1,Retract from Shelf,3228,3296,30.0,4232
5819,5_3,dataset\raw\Videos_MERL_Shopping_Dataset\5_3_crop.mp4,train,1,Retract from Shelf,3562,3620,30.0,4232
5820,5_3,dataset\raw\Videos_MERL_Shopping_Dataset\5_3_crop.mp4,train,1,Retract from Shelf,3876,3954,30.0,4232
5821,5_3,dataset\raw\Videos_MERL_Shopping_Dataset\5_3_crop.mp4,train,3,Inspect Product,700,789,30.0,4232
5822,5_3,dataset\raw\Videos_MERL_Shopping_Dataset\5_3_crop.mp4,train,3,Inspect Product,790,879,30.0,4232
5823,5_3,dataset\raw\Videos_MERL_Shopping_Dataset\5_3_crop.mp4,train,3,Inspect Product,880,946,30.0,4232
5824,5_3,dataset\raw\Videos_MERL_Shopping_Dataset\5_3_crop.mp4,train,3,Inspect Product,1346,1435,30.0,4232
5825,5_3,dataset\raw\Videos_MERL_Shopping_Dataset\5_3_crop.mp4,train,3,Inspect Product,1436,1525,30.0,4232
5826,5_3,dataset\raw\Videos_MERL_Shopping_Dataset\5_3_crop.mp4,train,3,Inspect Product,1526,1615,30.0,4232
5827,5_3,dataset\raw\Videos_MERL_Shopping_Dataset\5_3_crop.mp4,train,3,Inspect Product,1616,1705,30.0,4232
5828,5_3,dataset\raw\Videos_MERL_Shopping_Dataset\5_3_crop.mp4,train,3,Inspect Product,1706,1795,30.0,4232
5829,5_3,dataset\raw\Videos_MERL_Shopping_Dataset\5_3_crop.mp4,train,3,Inspect Product,1796,1885,30.0,4232
5830,5_3,dataset\raw\Videos_MERL_Shopping_Dataset\5_3_crop.mp4,train,3,Inspect Product,1886,1975,30.0,4232
5831,5_3,dataset\raw\Videos_MERL_Shopping_Dataset\5_3_crop.mp4,train,3,Inspect Product,1976,2065,30.0,4232
5832,5_3,dataset\raw\Videos_MERL_Shopping_Dataset\5_3_crop.mp4,train,3,Inspect Product,2066,2094,30.0,4232
5833,5_3,dataset\raw\Videos_MERL_Shopping_Dataset\5_3_crop.mp4,train,3,Inspect Product,2585,2639,30.0,4232
5834,5_3,dataset\raw\Videos_MERL_Shopping_Dataset\5_3_crop.mp4,train,3,Inspect Product,2888,2977,30.0,4232
5835,5_3,dataset\raw\Videos_MERL_Shopping_Dataset\5_3_crop.mp4,train,3,Inspect Product,2978,3067,30.0,4232
5836,5_3,dataset\raw\Videos_MERL_Shopping_Dataset\5_3_crop.mp4,train,3,Inspect Product,3623,3661,30.0,4232
5837,5_3,dataset\raw\Videos_MERL_Shopping_Dataset\5_3_crop.mp4,train,3,Inspect Product,3955,4044,30.0,4232
5838,5_3,dataset\raw\Videos_MERL_Shopping_Dataset\5_3_crop.mp4,train,4,Inspect Shelf,308,332,30.0,4232
5839,5_3,dataset\raw\Videos_MERL_Shopping_Dataset\5_3_crop.mp4,train,4,Inspect Shelf,456,514,30.0,4232
5840,5_3,dataset\raw\Videos_MERL_Shopping_Dataset\5_3_crop.mp4,train,4,Inspect Shelf,581,614,30.0,4232
5841,5_3,dataset\raw\Videos_MERL_Shopping_Dataset\5_3_crop.mp4,train,4,Inspect Shelf,1021,1110,30.0,4232
5842,5_3,dataset\raw\Videos_MERL_Shopping_Dataset\5_3_crop.mp4,train,4,Inspect Shelf,1111,1172,30.0,4232
5843,5_3,dataset\raw\Videos_MERL_Shopping_Dataset\5_3_crop.mp4,train,4,Inspect Shelf,2676,2765,30.0,4232
5844,5_3,dataset\raw\Videos_MERL_Shopping_Dataset\5_3_crop.mp4,train,4,Inspect Shelf,2766,2781,30.0,4232
5845,5_3,dataset\raw\Videos_MERL_Shopping_Dataset\5_3_crop.mp4,train,4,Inspect Shelf,3116,3175,30.0,4232
5846,5_3,dataset\raw\Videos_MERL_Shopping_Dataset\5_3_crop.mp4,train,4,Inspect Shelf,3351,3440,30.0,4232
5847,5_3,dataset\raw\Videos_MERL_Shopping_Dataset\5_3_crop.mp4,train,4,Inspect Shelf,3441,3517,30.0,4232
5848,5_3,dataset\raw\Videos_MERL_Shopping_Dataset\5_3_crop.mp4,train,4,Inspect Shelf,3663,3752,30.0,4232
5849,5_3,dataset\raw\Videos_MERL_Shopping_Dataset\5_3_crop.mp4,train,4,Inspect Shelf,3753,3835,30.0,4232
5850,5_3,dataset\raw\Videos_MERL_Shopping_Dataset\5_3_crop.mp4,train,4,Inspect Shelf,4057,4099,30.0,4232
5899,6_2,dataset\raw\Videos_MERL_Shopping_Dataset\6_2_crop.mp4,train,0,Reach to Shelf,230,257,30.0,3908
5900,6_2,dataset\raw\Videos_MERL_Shopping_Dataset\6_2_crop.mp4,train,0,Reach to Shelf,425,457,30.0,3908
5901,6_2,dataset\raw\Videos_MERL_Shopping_Dataset\6_2_crop.mp4,train,0,Reach to Shelf,645,682,30.0,3908
5902,6_2,dataset\raw\Videos_MERL_Shopping_Dataset\6_2_crop.mp4,train,0,Reach to Shelf,1195,1238,30.0,3908
5903,6_2,dataset\raw\Videos_MERL_Shopping_Dataset\6_2_crop.mp4,train,0,Reach to Shelf,1658,1706,30.0,3908
5904,6_2,dataset\raw\Videos_MERL_Shopping_Dataset\6_2_crop.mp4,train,0,Reach to Shelf,2255,2281,30.0,3908
5905,6_2,dataset\raw\Videos_MERL_Shopping_Dataset\6_2_crop.mp4,train,0,Reach to Shelf,2427,2473,30.0,3908
5906,6_2,dataset\raw\Videos_MERL_Shopping_Dataset\6_2_crop.mp4,train,0,Reach to Shelf,2702,2738,30.0,3908
5907,6_2,dataset\raw\Videos_MERL_Shopping_Dataset\6_2_crop.mp4,train,0,Reach to Shelf,2969,3013,30.0,3908
5908,6_2,dataset\raw\Videos_MERL_Shopping_Dataset\6_2_crop.mp4,train,0,Reach to Shelf,3463,3497,30.0,3908
5909,6_2,dataset\raw\Videos_MERL_Shopping_Dataset\6_2_crop.mp4,train,1,Retract from Shelf,262,326,30.0,3908
5910,6_2,dataset\raw\Videos_MERL_Shopping_Dataset\6_2_crop.mp4,train,1,Retract from Shelf,461,530,30.0,3908
5911,6_2,dataset\raw\Videos_MERL_Shopping_Dataset\6_2_crop.mp4,train,1,Retract from Shelf,685,740,30.0,3908
5912,6_2,dataset\raw\Videos_MERL_Shopping_Dataset\6_2_crop.mp4,train,1,Retract from Shelf,1241,1307,30.0,3908
5913,6_2,dataset\raw\Videos_MERL_Shopping_Dataset\6_2_crop.mp4,train,1,Retract from Shelf,1712,1795,30.0,3908
5914,6_2,dataset\raw\Videos_MERL_Shopping_Dataset\6_2_crop.mp4,train,1,Retract from Shelf,2282,2308,30.0,3908
5915,6_2,dataset\raw\Videos_MERL_Shopping_Dataset\6_2_crop.mp4,train,1,Retract from Shelf,2474,2521,30.0,3908
5916,6_2,dataset\raw\Videos_MERL_Shopping_Dataset\6_2_crop.mp4,train,1,Retract from Shelf,2742,2800,30.0,3908
5917,6_2,dataset\raw\Videos_MERL_Shopping_Dataset\6_2_crop.mp4,train,1,Retract from Shelf,3013,3077,30.0,3908
5918,6_2,dataset\raw\Videos_MERL_Shopping_Dataset\6_2_crop.mp4,train,1,Retract from Shelf,3501,3545,30.0,3908
5919,6_2,dataset\raw\Videos_MERL_Shopping_Dataset\6_2_crop.mp4,train,3,Inspect Product,3082,3160,30.0,3908
5920,6_2,dataset\raw\Videos_MERL_Shopping_Dataset\6_2_crop.mp4,train,3,Inspect Product,3556,3614,30.0,3908
5921,6_2,dataset\raw\Videos_MERL_Shopping_Dataset\6_2_crop.mp4,train,4,Inspect Shelf,326,415,30.0,3908
5922,6_2,dataset\raw\Videos_MERL_Shopping_Dataset\6_2_crop.mp4,train,4,Inspect Shelf,534,623,30.0,3908
5923,6_2,dataset\raw\Videos_MERL_Shopping_Dataset\6_2_crop.mp4,train,4,Inspect Shelf,624,642,30.0,3908
5924,6_2,dataset\raw\Videos_MERL_Shopping_Dataset\6_2_crop.mp4,train,4,Inspect Shelf,748,837,30.0,3908
5925,6_2,dataset\raw\Videos_MERL_Shopping_Dataset\6_2_crop.mp4,train,4,Inspect Shelf,838,927,30.0,3908
5926,6_2,dataset\raw\Videos_MERL_Shopping_Dataset\6_2_crop.mp4,train,4,Inspect Shelf,928,1017,30.0,3908
5927,6_2,dataset\raw\Videos_MERL_Shopping_Dataset\6_2_crop.mp4,train,4,Inspect Shelf,1018,1107,30.0,3908
5928,6_2,dataset\raw\Videos_MERL_Shopping_Dataset\6_2_crop.mp4,train,4,Inspect Shelf,1108,1190,30.0,3908
5929,6_2,dataset\raw\Videos_MERL_Shopping_Dataset\6_2_crop.mp4,train,4,Inspect Shelf,1315,1404,30.0,3908
5930,6_2,dataset\raw\Videos_MERL_Shopping_Dataset\6_2_crop.mp4,train,4,Inspect Shelf,1405,1494,30.0,3908
5931,6_2,dataset\raw\Videos_MERL_Shopping_Dataset\6_2_crop.mp4,train,4,Inspect Shelf,1495,1584,30.0,3908
5932,6_2,dataset\raw\Videos_MERL_Shopping_Dataset\6_2_crop.mp4,train,4,Inspect Shelf,1585,1652,30.0,3908
5933,6_2,dataset\raw\Videos_MERL_Shopping_Dataset\6_2_crop.mp4,train,4,Inspect Shelf,2313,2402,30.0,3908
5934,6_2,dataset\raw\Videos_MERL_Shopping_Dataset\6_2_crop.mp4,train,4,Inspect Shelf,2403,2425,30.0,3908
5935,6_2,dataset\raw\Videos_MERL_Shopping_Dataset\6_2_crop.mp4,train,4,Inspect Shelf,2529,2618,30.0,3908
5936,6_2,dataset\raw\Videos_MERL_Shopping_Dataset\6_2_crop.mp4,train,4,Inspect Shelf,2619,2696,30.0,3908
5937,6_2,dataset\raw\Videos_MERL_Shopping_Dataset\6_2_crop.mp4,train,4,Inspect Shelf,2804,2893,30.0,3908
5938,6_2,dataset\raw\Videos_MERL_Shopping_Dataset\6_2_crop.mp4,train,4,Inspect Shelf,2894,2969,30.0,3908
5939,6_2,dataset\raw\Videos_MERL_Shopping_Dataset\6_2_crop.mp4,train,4,Inspect Shelf,3170,3259,30.0,3908
5940,6_2,dataset\raw\Videos_MERL_Shopping_Dataset\6_2_crop.mp4,train,4,Inspect Shelf,3260,3349,30.0,3908
5941,6_2,dataset\raw\Videos_MERL_Shopping_Dataset\6_2_crop.mp4,train,4,Inspect Shelf,3350,3439,30.0,3908
5942,6_2,dataset\raw\Videos_MERL_Shopping_Dataset\6_2_crop.mp4,train,4,Inspect Shelf,3440,3460,30.0,3908
5998,7_1,dataset\raw\Videos_MERL_Shopping_Dataset\7_1_crop.mp4,train,0,Reach to Shelf,214,246,30.0,3850
5999,7_1,dataset\raw\Videos_MERL_Shopping_Dataset\7_1_crop.mp4,train,0,Reach to Shelf,549,573,30.0,3850
6000,7_1,dataset\raw\Videos_MERL_Shopping_Dataset\7_1_crop.mp4,train,0,Reach to Shelf,761,787,30.0,3850
6001,7_1,dataset\raw\Videos_MERL_Shopping_Dataset\7_1_crop.mp4,train,0,Reach to Shelf,1024,1043,30.0,3850
6002,7_1,dataset\raw\Videos_MERL_Shopping_Dataset\7_1_crop.mp4,train,0,Reach to Shelf,1421,1443,30.0,3850
6003,7_1,dataset\raw\Videos_MERL_Shopping_Dataset\7_1_crop.mp4,train,0,Reach to Shelf,1482,1513,30.0,3850
6004,7_1,dataset\raw\Videos_MERL_Shopping_Dataset\7_1_crop.mp4,train,0,Reach to Shelf,1895,1921,30.0,3850
6005,7_1,dataset\raw\Videos_MERL_Shopping_Dataset\7_1_crop.mp4,train,0,Reach to Shelf,2270,2301,30.0,3850
6006,7_1,dataset\raw\Videos_MERL_Shopping_Dataset\7_1_crop.mp4,train,0,Reach to Shelf,2422,2447,30.0,3850
6007,7_1,dataset\raw\Videos_MERL_Shopping_Dataset\7_1_crop.mp4,train,0,Reach to Shelf,2651,2669,30.0,3850
6008,7_1,dataset\raw\Videos_MERL_Shopping_Dataset\7_1_crop.mp4,train,0,Reach to Shelf,2913,2934,30.0,3850
6009,7_1,dataset\raw\Videos_MERL_Shopping_Dataset\7_1_crop.mp4,train,0,Reach to Shelf,427,448,30.0,3850
6010,7_1,dataset\raw\Videos_MERL_Shopping_Dataset\7_1_crop.mp4,train,0,Reach to Shelf,705,731,30.0,3850
6011,7_1,dataset\raw\Videos_MERL_Shopping_Dataset\7_1_crop.mp4,train,0,Reach to Shelf,1236,1275,30.0,3850
6012,7_1,dataset\raw\Videos_MERL_Shopping_Dataset\7_1_crop.mp4,train,0,Reach to Shelf,1690,1734,30.0,3850
6013,7_1,dataset\raw\Videos_MERL_Shopping_Dataset\7_1_crop.mp4,train,0,Reach to Shelf,2369,2395,30.0,3850
6014,7_1,dataset\raw\Videos_MERL_Shopping_Dataset\7_1_crop.mp4,train,0,Reach to Shelf,2566,2601,30.0,3850
6015,7_1,dataset\raw\Videos_MERL_Shopping_Dataset\7_1_crop.mp4,train,0,Reach to Shelf,2782,2810,30.0,3850
6016,7_1,dataset\raw\Videos_MERL_Shopping_Dataset\7_1_crop.mp4,train,0,Reach to Shelf,3218,3240,30.0,3850
6017,7_1,dataset\raw\Videos_MERL_Shopping_Dataset\7_1_crop.mp4,train,0,Reach to Shelf,3415,3441,30.0,3850
6018,7_1,dataset\raw\Videos_MERL_Shopping_Dataset\7_1_crop.mp4,train,0,Reach to Shelf,3610,3642,30.0,3850
6019,7_1,dataset\raw\Videos_MERL_Shopping_Dataset\7_1_crop.mp4,train,1,Retract from Shelf,475,502,30.0,3850
6020,7_1,dataset\raw\Videos_MERL_Shopping_Dataset\7_1_crop.mp4,train,1,Retract from Shelf,736,757,30.0,3850
6021,7_1,dataset\raw\Videos_MERL_Shopping_Dataset\7_1_crop.mp4,train,1,Retract from Shelf,928,945,30.0,3850
6022,7_1,dataset\raw\Videos_MERL_Shopping_Dataset\7_1_crop.mp4,train,1,Retract from Shelf,1279,1296,30.0,3850
6023,7_1,dataset\raw\Videos_MERL_Shopping_Dataset\7_1_crop.mp4,train,1,Retract from Shelf,1740,1769,30.0,3850
6024,7_1,dataset\raw\Videos_MERL_Shopping_Dataset\7_1_crop.mp4,train,1,Retract from Shelf,2606,2622,30.0,3850
6025,7_1,dataset\raw\Videos_MERL_Shopping_Dataset\7_1_crop.mp4,train,1,Retract from Shelf,2817,2850,30.0,3850
6026,7_1,dataset\raw\Videos_MERL_Shopping_Dataset\7_1_crop.mp4,train,1,Retract from Shelf,3244,3276,30.0,3850
6027,7_1,dataset\raw\Videos_MERL_Shopping_Dataset\7_1_crop.mp4,train,1,Retract from Shelf,3447,3463,30.0,3850
6028,7_1,dataset\raw\Videos_MERL_Shopping_Dataset\7_1_crop.mp4,train,1,Retract from Shelf,271,308,30.0,3850
6029,7_1,dataset\raw\Videos_MERL_Shopping_Dataset\7_1_crop.mp4,train,1,Retract from Shelf,585,623,30.0,3850
6030,7_1,dataset\raw\Videos_MERL_Shopping_Dataset\7_1_crop.mp4,train,1,Retract from Shelf,1150,1179,30.0,3850
6031,7_1,dataset\raw\Videos_MERL_Shopping_Dataset\7_1_crop.mp4,train,1,Retract from Shelf,1587,1622,30.0,3850
6032,7_1,dataset\raw\Videos_MERL_Shopping_Dataset\7_1_crop.mp4,train,1,Retract from Shelf,1926,1958,30.0,3850
6033,7_1,dataset\raw\Videos_MERL_Shopping_Dataset\7_1_crop.mp4,train,1,Retract from Shelf,2310,2340,30.0,3850
6034,7_1,dataset\raw\Videos_MERL_Shopping_Dataset\7_1_crop.mp4,train,1,Retract from Shelf,2450,2503,30.0,3850
6035,7_1,dataset\raw\Videos_MERL_Shopping_Dataset\7_1_crop.mp4,train,1,Retract from Shelf,2719,2764,30.0,3850
6036,7_1,dataset\raw\Videos_MERL_Shopping_Dataset\7_1_crop.mp4,train,1,Retract from Shelf,2958,2989,30.0,3850
6037,7_1,dataset\raw\Videos_MERL_Shopping_Dataset\7_1_crop.mp4,train,1,Retract from Shelf,3161,3192,30.0,3850
6038,7_1,dataset\raw\Videos_MERL_Shopping_Dataset\7_1_crop.mp4,train,1,Retract from Shelf,3351,3378,30.0,3850
6039,7_1,dataset\raw\Videos_MERL_Shopping_Dataset\7_1_crop.mp4,train,1,Retract from Shelf,3552,3594,30.0,3850
6040,7_1,dataset\raw\Videos_MERL_Shopping_Dataset\7_1_crop.mp4,train,2,Hand in Shelf,818,907,30.0,3850
6041,7_1,dataset\raw\Videos_MERL_Shopping_Dataset\7_1_crop.mp4,train,2,Hand in Shelf,1047,1136,30.0,3850
6042,7_1,dataset\raw\Videos_MERL_Shopping_Dataset\7_1_crop.mp4,train,2,Hand in Shelf,1449,1481,30.0,3850
6043,7_1,dataset\raw\Videos_MERL_Shopping_Dataset\7_1_crop.mp4,train,2,Hand in Shelf,1515,1585,30.0,3850
6044,7_1,dataset\raw\Videos_MERL_Shopping_Dataset\7_1_crop.mp4,train,2,Hand in Shelf,2408,2422,30.0,3850
6045,7_1,dataset\raw\Videos_MERL_Shopping_Dataset\7_1_crop.mp4,train,2,Hand in Shelf,2676,2714,30.0,3850
6046,7_1,dataset\raw\Videos_MERL_Shopping_Dataset\7_1_crop.mp4,train,2,Hand in Shelf,2935,2955,30.0,3850
6047,7_1,dataset\raw\Videos_MERL_Shopping_Dataset\7_1_crop.mp4,train,2,Hand in Shelf,3143,3158,30.0,3850
6048,7_1,dataset\raw\Videos_MERL_Shopping_Dataset\7_1_crop.mp4,train,2,Hand in Shelf,3335,3349,30.0,3850
6049,7_1,dataset\raw\Videos_MERL_Shopping_Dataset\7_1_crop.mp4,train,3,Inspect Product,310,399,30.0,3850
6050,7_1,dataset\raw\Videos_MERL_Shopping_Dataset\7_1_crop.mp4,train,3,Inspect Product,400,421,30.0,3850
6051,7_1,dataset\raw\Videos_MERL_Shopping_Dataset\7_1_crop.mp4,train,3,Inspect Product,628,699,30.0,3850
6052,7_1,dataset\raw\Videos_MERL_Shopping_Dataset\7_1_crop.mp4,train,3,Inspect Product,1183,1236,30.0,3850
6053,7_1,dataset\raw\Videos_MERL_Shopping_Dataset\7_1_crop.mp4,train,3,Inspect Product,1626,1686,30.0,3850
6054,7_1,dataset\raw\Videos_MERL_Shopping_Dataset\7_1_crop.mp4,train,3,Inspect Product,2340,2364,30.0,3850
6055,7_1,dataset\raw\Videos_MERL_Shopping_Dataset\7_1_crop.mp4,train,3,Inspect Product,2506,2565,30.0,3850
6056,7_1,dataset\raw\Videos_MERL_Shopping_Dataset\7_1_crop.mp4,train,3,Inspect Product,2766,2781,30.0,3850
6057,7_1,dataset\raw\Videos_MERL_Shopping_Dataset\7_1_crop.mp4,train,3,Inspect Product,2993,3075,30.0,3850
6058,7_1,dataset\raw\Videos_MERL_Shopping_Dataset\7_1_crop.mp4,train,3,Inspect Product,3195,3217,30.0,3850
6059,7_1,dataset\raw\Videos_MERL_Shopping_Dataset\7_1_crop.mp4,train,3,Inspect Product,3381,3412,30.0,3850
6060,7_1,dataset\raw\Videos_MERL_Shopping_Dataset\7_1_crop.mp4,train,3,Inspect Product,3513,3548,30.0,3850
6061,7_1,dataset\raw\Videos_MERL_Shopping_Dataset\7_1_crop.mp4,train,4,Inspect Shelf,502,548,30.0,3850
6062,7_1,dataset\raw\Videos_MERL_Shopping_Dataset\7_1_crop.mp4,train,4,Inspect Shelf,955,1016,30.0,3850
6063,7_1,dataset\raw\Videos_MERL_Shopping_Dataset\7_1_crop.mp4,train,4,Inspect Shelf,1302,1391,30.0,3850
6064,7_1,dataset\raw\Videos_MERL_Shopping_Dataset\7_1_crop.mp4,train,4,Inspect Shelf,1392,1416,30.0,3850
6065,7_1,dataset\raw\Videos_MERL_Shopping_Dataset\7_1_crop.mp4,train,4,Inspect Shelf,1777,1866,30.0,3850
6066,7_1,dataset\raw\Videos_MERL_Shopping_Dataset\7_1_crop.mp4,train,4,Inspect Shelf,1867,1888,30.0,3850
6067,7_1,dataset\raw\Videos_MERL_Shopping_Dataset\7_1_crop.mp4,train,4,Inspect Shelf,2626,2647,30.0,3850
6068,7_1,dataset\raw\Videos_MERL_Shopping_Dataset\7_1_crop.mp4,train,4,Inspect Shelf,2856,2908,30.0,3850
6069,7_1,dataset\raw\Videos_MERL_Shopping_Dataset\7_1_crop.mp4,train,4,Inspect Shelf,3080,3123,30.0,3850
6070,7_1,dataset\raw\Videos_MERL_Shopping_Dataset\7_1_crop.mp4,train,4,Inspect Shelf,3279,3316,30.0,3850
6071,7_1,dataset\raw\Videos_MERL_Shopping_Dataset\7_1_crop.mp4,train,4,Inspect Shelf,3468,3489,30.0,3850
6072,7_2,dataset\raw\Videos_MERL_Shopping_Dataset\7_2_crop.mp4,train,0,Reach to Shelf,162,188,30.0,3919
6073,7_2,dataset\raw\Videos_MERL_Shopping_Dataset\7_2_crop.mp4,train,0,Reach to Shelf,344,381,30.0,3919
6074,7_2,dataset\raw\Videos_MERL_Shopping_Dataset\7_2_crop.mp4,train,0,Reach to Shelf,577,604,30.0,3919
6075,7_2,dataset\raw\Videos_MERL_Shopping_Dataset\7_2_crop.mp4,train,0,Reach to Shelf,839,874,30.0,3919
6076,7_2,dataset\raw\Videos_MERL_Shopping_Dataset\7_2_crop.mp4,train,0,Reach to Shelf,1056,1090,30.0,3919
6077,7_2,dataset\raw\Videos_MERL_Shopping_Dataset\7_2_crop.mp4,train,0,Reach to Shelf,1349,1382,30.0,3919
6078,7_2,dataset\raw\Videos_MERL_Shopping_Dataset\7_2_crop.mp4,train,0,Reach to Shelf,1565,1595,30.0,3919
6079,7_2,dataset\raw\Videos_MERL_Shopping_Dataset\7_2_crop.mp4,train,0,Reach to Shelf,1751,1787,30.0,3919
6080,7_2,dataset\raw\Videos_MERL_Shopping_Dataset\7_2_crop.mp4,train,0,Reach to Shelf,1966,1998,30.0,3919
6081,7_2,dataset\raw\Videos_MERL_Shopping_Dataset\7_2_crop.mp4,train,0,Reach to Shelf,2271,2308,30.0,3919
6082,7_2,dataset\raw\Videos_MERL_Shopping_Dataset\7_2_crop.mp4,train,0,Reach to Shelf,2517,2553,30.0,3919
6083,7_2,dataset\raw\Videos_MERL_Shopping_Dataset\7_2_crop.mp4,train,0,Reach to Shelf,2770,2799,30.0,3919
6084,7_2,dataset\raw\Videos_MERL_Shopping_Dataset\7_2_crop.mp4,train,0,Reach to Shelf,3094,3123,30.0,3919
6085,7_2,dataset\raw\Videos_MERL_Shopping_Dataset\7_2_crop.mp4,train,0,Reach to Shelf,3355,3387,30.0,3919
6086,7_2,dataset\raw\Videos_MERL_Shopping_Dataset\7_2_crop.mp4,train,0,Reach to Shelf,3565,3598,30.0,3919
6087,7_2,dataset\raw\Videos_MERL_Shopping_Dataset\7_2_crop.mp4,train,0,Reach to Shelf,248,288,30.0,3919
6088,7_2,dataset\raw\Videos_MERL_Shopping_Dataset\7_2_crop.mp4,train,0,Reach to Shelf,509,542,30.0,3919
6089,7_2,dataset\raw\Videos_MERL_Shopping_Dataset\7_2_crop.mp4,train,0,Reach to Shelf,729,760,30.0,3919
6090,7_2,dataset\raw\Videos_MERL_Shopping_Dataset\7_2_crop.mp4,train,0,Reach to Shelf,977,1019,30.0,3919
6091,7_2,dataset\raw\Videos_MERL_Shopping_Dataset\7_2_crop.mp4,train,0,Reach to Shelf,1172,1222,30.0,3919
6092,7_2,dataset\raw\Videos_MERL_Shopping_Dataset\7_2_crop.mp4,train,0,Reach to Shelf,1446,1482,30.0,3919
6093,7_2,dataset\raw\Videos_MERL_Shopping_Dataset\7_2_crop.mp4,train,0,Reach to Shelf,1631,1679,30.0,3919
6094,7_2,dataset\raw\Videos_MERL_Shopping_Dataset\7_2_crop.mp4,train,0,Reach to Shelf,1866,1896,30.0,3919
6095,7_2,dataset\raw\Videos_MERL_Shopping_Dataset\7_2_crop.mp4,train,0,Reach to Shelf,2405,2454,30.0,3919
6096,7_2,dataset\raw\Videos_MERL_Shopping_Dataset\7_2_crop.mp4,train,0,Reach to Shelf,2469,2493,30.0,3919
6097,7_2,dataset\raw\Videos_MERL_Shopping_Dataset\7_2_crop.mp4,train,0,Reach to Shelf,2690,2727,30.0,3919
6098,7_2,dataset\raw\Videos_MERL_Shopping_Dataset\7_2_crop.mp4,train,0,Reach to Shelf,3008,3045,30.0,3919
6099,7_2,dataset\raw\Videos_MERL_Shopping_Dataset\7_2_crop.mp4,train,0,Reach to Shelf,3257,3298,30.0,3919
6100,7_2,dataset\raw\Videos_MERL_Shopping_Dataset\7_2_crop.mp4,train,0,Reach to Shelf,3704,3746,30.0,3919
6101,7_2,dataset\raw\Videos_MERL_Shopping_Dataset\7_2_crop.mp4,train,1,Retract from Shelf,290,309,30.0,3919
6102,7_2,dataset\raw\Videos_MERL_Shopping_Dataset\7_2_crop.mp4,train,1,Retract from Shelf,545,564,30.0,3919
6103,7_2,dataset\raw\Videos_MERL_Shopping_Dataset\7_2_crop.mp4,train,1,Retract from Shelf,763,790,30.0,3919
6104,7_2,dataset\raw\Videos_MERL_Shopping_Dataset\7_2_crop.mp4,train,1,Retract from Shelf,1021,1043,30.0,3919
6105,7_2,dataset\raw\Videos_MERL_Shopping_Dataset\7_2_crop.mp4,train,1,Retract from Shelf,1224,1251,30.0,3919
6106,7_2,dataset\raw\Videos_MERL_Shopping_Dataset\7_2_crop.mp4,train,1,Retract from Shelf,1483,1505,30.0,3919
6107,7_2,dataset\raw\Videos_MERL_Shopping_Dataset\7_2_crop.mp4,train,1,Retract from Shelf,1682,1710,30.0,3919
6108,7_2,dataset\raw\Videos_MERL_Shopping_Dataset\7_2_crop.mp4,train,1,Retract from Shelf,1899,1919,30.0,3919
6109,7_2,dataset\raw\Videos_MERL_Shopping_Dataset\7_2_crop.mp4,train,1,Retract from Shelf,2494,2514,30.0,3919
6110,7_2,dataset\raw\Videos_MERL_Shopping_Dataset\7_2_crop.mp4,train,1,Retract from Shelf,2728,2750,30.0,3919
6111,7_2,dataset\raw\Videos_MERL_Shopping_Dataset\7_2_crop.mp4,train,1,Retract from Shelf,3046,3074,30.0,3919
6112,7_2,dataset\raw\Videos_MERL_Shopping_Dataset\7_2_crop.mp4,train,1,Retract from Shelf,3300,3325,30.0,3919
6113,7_2,dataset\raw\Videos_MERL_Shopping_Dataset\7_2_crop.mp4,train,1,Retract from Shelf,3747,3773,30.0,3919
6114,7_2,dataset\raw\Videos_MERL_Shopping_Dataset\7_2_crop.mp4,train,1,Retract from Shelf,215,250,30.0,3919
6115,7_2,dataset\raw\Videos_MERL_Shopping_Dataset\7_2_crop.mp4,train,1,Retract from Shelf,380,415,30.0,3919
6116,7_2,dataset\raw\Videos_MERL_Shopping_Dataset\7_2_crop.mp4,train,1,Retract from Shelf,605,663,30.0,3919
6117,7_2,dataset\raw\Videos_MERL_Shopping_Dataset\7_2_crop.mp4,train,1,Retract from Shelf,875,902,30.0,3919
6118,7_2,dataset\raw\Videos_MERL_Shopping_Dataset\7_2_crop.mp4,train,1,Retract from Shelf,1093,1128,30.0,3919
6119,7_2,dataset\raw\Videos_MERL_Shopping_Dataset\7_2_crop.mp4,train,1,Retract from Shelf,1383,1431,30.0,3919
6120,7_2,dataset\raw\Videos_MERL_Shopping_Dataset\7_2_crop.mp4,train,1,Retract from Shelf,1598,1629,30.0,3919
6121,7_2,dataset\raw\Videos_MERL_Shopping_Dataset\7_2_crop.mp4,train,1,Retract from Shelf,1789,1804,30.0,3919
6122,7_2,dataset\raw\Videos_MERL_Shopping_Dataset\7_2_crop.mp4,train,1,Retract from Shelf,2000,2025,30.0,3919
6123,7_2,dataset\raw\Videos_MERL_Shopping_Dataset\7_2_crop.mp4,train,1,Retract from Shelf,2309,2342,30.0,3919
6124,7_2,dataset\raw\Videos_MERL_Shopping_Dataset\7_2_crop.mp4,train,1,Retract from Shelf,2583,2610,30.0,3919
6125,7_2,dataset\raw\Videos_MERL_Shopping_Dataset\7_2_crop.mp4,train,1,Retract from Shelf,2871,2911,30.0,3919
6126,7_2,dataset\raw\Videos_MERL_Shopping_Dataset\7_2_crop.mp4,train,1,Retract from Shelf,3148,3171,30.0,3919
6127,7_2,dataset\raw\Videos_MERL_Shopping_Dataset\7_2_crop.mp4,train,1,Retract from Shelf,3387,3437,30.0,3919
6128,7_2,dataset\raw\Videos_MERL_Shopping_Dataset\7_2_crop.mp4,train,1,Retract from Shelf,3599,3667,30.0,3919
6129,7_2,dataset\raw\Videos_MERL_Shopping_Dataset\7_2_crop.mp4,train,2,Hand in Shelf,190,214,30.0,3919
6130,7_2,dataset\raw\Videos_MERL_Shopping_Dataset\7_2_crop.mp4,train,2,Hand in Shelf,2555,2582,30.0,3919
6131,7_2,dataset\raw\Videos_MERL_Shopping_Dataset\7_2_crop.mp4,train,2,Hand in Shelf,2802,2871,30.0,3919
6132,7_2,dataset\raw\Videos_MERL_Shopping_Dataset\7_2_crop.mp4,train,2,Hand in Shelf,3123,3147,30.0,3919
6133,7_2,dataset\raw\Videos_MERL_Shopping_Dataset\7_2_crop.mp4,train,3,Inspect Product,419,506,30.0,3919
6134,7_2,dataset\raw\Videos_MERL_Shopping_Dataset\7_2_crop.mp4,train,3,Inspect Product,666,729,30.0,3919
6135,7_2,dataset\raw\Videos_MERL_Shopping_Dataset\7_2_crop.mp4,train,3,Inspect Product,905,975,30.0,3919
6136,7_2,dataset\raw\Videos_MERL_Shopping_Dataset\7_2_crop.mp4,train,3,Inspect Product,1130,1171,30.0,3919
6137,7_2,dataset\raw\Videos_MERL_Shopping_Dataset\7_2_crop.mp4,train,3,Inspect Product,1807,1866,30.0,3919
6138,7_2,dataset\raw\Videos_MERL_Shopping_Dataset\7_2_crop.mp4,train,3,Inspect Product,2343,2402,30.0,3919
6139,7_2,dataset\raw\Videos_MERL_Shopping_Dataset\7_2_crop.mp4,train,3,Inspect Product,2613,2686,30.0,3919
6140,7_2,dataset\raw\Videos_MERL_Shopping_Dataset\7_2_crop.mp4,train,3,Inspect Product,2912,3001,30.0,3919
6141,7_2,dataset\raw\Videos_MERL_Shopping_Dataset\7_2_crop.mp4,train,3,Inspect Product,3173,3256,30.0,3919
6142,7_2,dataset\raw\Videos_MERL_Shopping_Dataset\7_2_crop.mp4,train,3,Inspect Product,3438,3491,30.0,3919
6143,7_2,dataset\raw\Videos_MERL_Shopping_Dataset\7_2_crop.mp4,train,3,Inspect Product,3669,3703,30.0,3919
6144,7_2,dataset\raw\Videos_MERL_Shopping_Dataset\7_2_crop.mp4,train,4,Inspect Shelf,311,343,30.0,3919
6145,7_2,dataset\raw\Videos_MERL_Shopping_Dataset\7_2_crop.mp4,train,4,Inspect Shelf,791,838,30.0,3919
6146,7_2,dataset\raw\Videos_MERL_Shopping_Dataset\7_2_crop.mp4,train,4,Inspect Shelf,1252,1341,30.0,3919
6147,7_2,dataset\raw\Videos_MERL_Shopping_Dataset\7_2_crop.mp4,train,4,Inspect Shelf,1505,1564,30.0,3919
6148,7_2,dataset\raw\Videos_MERL_Shopping_Dataset\7_2_crop.mp4,train,4,Inspect Shelf,1712,1750,30.0,3919
6149,7_2,dataset\raw\Videos_MERL_Shopping_Dataset\7_2_crop.mp4,train,4,Inspect Shelf,1920,1964,30.0,3919
6150,7_2,dataset\raw\Videos_MERL_Shopping_Dataset\7_2_crop.mp4,train,4,Inspect Shelf,2751,2769,30.0,3919
6151,7_2,dataset\raw\Videos_MERL_Shopping_Dataset\7_2_crop.mp4,train,4,Inspect Shelf,3326,3354,30.0,3919
6152,7_2,dataset\raw\Videos_MERL_Shopping_Dataset\7_2_crop.mp4,train,4,Inspect Shelf,3492,3563,30.0,3919
6219,8_1,dataset\raw\Videos_MERL_Shopping_Dataset\8_1_crop.mp4,train,0,Reach to Shelf,270,296,30.0,3633
6220,8_1,dataset\raw\Videos_MERL_Shopping_Dataset\8_1_crop.mp4,train,0,Reach to Shelf,378,396,30.0,3633
6221,8_1,dataset\raw\Videos_MERL_Shopping_Dataset\8_1_crop.mp4,train,0,Reach to Shelf,879,905,30.0,3633
6222,8_1,dataset\raw\Videos_MERL_Shopping_Dataset\8_1_crop.mp4,train,0,Reach to Shelf,1072,1101,30.0,3633
6223,8_1,dataset\raw\Videos_MERL_Shopping_Dataset\8_1_crop.mp4,train,0,Reach to Shelf,1542,1561,30.0,3633
6224,8_1,dataset\raw\Videos_MERL_Shopping_Dataset\8_1_crop.mp4,train,0,Reach to Shelf,2093,2110,30.0,3633
6225,8_1,dataset\raw\Videos_MERL_Shopping_Dataset\8_1_crop.mp4,train,0,Reach to Shelf,2388,2407,30.0,3633
6226,8_1,dataset\raw\Videos_MERL_Shopping_Dataset\8_1_crop.mp4,train,0,Reach to Shelf,2732,2772,30.0,3633
6227,8_1,dataset\raw\Videos_MERL_Shopping_Dataset\8_1_crop.mp4,train,0,Reach to Shelf,3114,3134,30.0,3633
6228,8_1,dataset\raw\Videos_MERL_Shopping_Dataset\8_1_crop.mp4,train,0,Reach to Shelf,626,660,30.0,3633
6229,8_1,dataset\raw\Videos_MERL_Shopping_Dataset\8_1_crop.mp4,train,0,Reach to Shelf,2304,2335,30.0,3633
6230,8_1,dataset\raw\Videos_MERL_Shopping_Dataset\8_1_crop.mp4,train,1,Retract from Shelf,1625,1646,30.0,3633
6231,8_1,dataset\raw\Videos_MERL_Shopping_Dataset\8_1_crop.mp4,train,1,Retract from Shelf,2337,2371,30.0,3633
6232,8_1,dataset\raw\Videos_MERL_Shopping_Dataset\8_1_crop.mp4,train,1,Retract from Shelf,3009,3034,30.0,3633
6233,8_1,dataset\raw\Videos_MERL_Shopping_Dataset\8_1_crop.mp4,train,1,Retract from Shelf,324,344,30.0,3633
6234,8_1,dataset\raw\Videos_MERL_Shopping_Dataset\8_1_crop.mp4,train,1,Retract from Shelf,408,435,30.0,3633
6235,8_1,dataset\raw\Videos_MERL_Shopping_Dataset\8_1_crop.mp4,train,1,Retract from Shelf,923,960,30.0,3633
6236,8_1,dataset\raw\Videos_MERL_Shopping_Dataset\8_1_crop.mp4,train,1,Retract from Shelf,1115,1163,30.0,3633
6237,8_1,dataset\raw\Videos_MERL_Shopping_Dataset\8_1_crop.mp4,train,1,Retract from Shelf,2116,2165,30.0,3633
6238,8_1,dataset\raw\Videos_MERL_Shopping_Dataset\8_1_crop.mp4,train,1,Retract from Shelf,2411,2489,30.0,3633
6239,8_1,dataset\raw\Videos_MERL_Shopping_Dataset\8_1_crop.mp4,train,1,Retract from Shelf,3137,3152,30.0,3633
6240,8_1,dataset\raw\Videos_MERL_Shopping_Dataset\8_1_crop.mp4,train,2,Hand in Shelf,1563,1624,30.0,3633
6241,8_1,dataset\raw\Videos_MERL_Shopping_Dataset\8_1_crop.mp4,train,2,Hand in Shelf,2787,2876,30.0,3633
6242,8_1,dataset\raw\Videos_MERL_Shopping_Dataset\8_1_crop.mp4,train,2,Hand in Shelf,2877,2966,30.0,3633
6243,8_1,dataset\raw\Videos_MERL_Shopping_Dataset\8_1_crop.mp4,train,2,Hand in Shelf,2967,3008,30.0,3633
6244,8_1,dataset\raw\Videos_MERL_Shopping_Dataset\8_1_crop.mp4,train,3,Inspect Product,438,527,30.0,3633
6245,8_1,dataset\raw\Videos_MERL_Shopping_Dataset\8_1_crop.mp4,train,3,Inspect Product,528,617,30.0,3633
6246,8_1,dataset\raw\Videos_MERL_Shopping_Dataset\8_1_crop.mp4,train,3,Inspect Product,967,1022,30.0,3633
6247,8_1,dataset\raw\Videos_MERL_Shopping_Dataset\8_1_crop.mp4,train,3,Inspect Product,2171,2260,30.0,3633
6248,8_1,dataset\raw\Videos_MERL_Shopping_Dataset\8_1_crop.mp4,train,3,Inspect Product,2261,2300,30.0,3633
6249,8_1,dataset\raw\Videos_MERL_Shopping_Dataset\8_1_crop.mp4,train,3,Inspect Product,2497,2572,30.0,3633
6250,8_1,dataset\raw\Videos_MERL_Shopping_Dataset\8_1_crop.mp4,train,3,Inspect Product,3154,3217,30.0,3633
6251,8_1,dataset\raw\Videos_MERL_Shopping_Dataset\8_1_crop.mp4,train,3,Inspect Product,3295,3375,30.0,3633
6252,8_1,dataset\raw\Videos_MERL_Shopping_Dataset\8_1_crop.mp4,train,4,Inspect Shelf,693,782,30.0,3633
6253,8_1,dataset\raw\Videos_MERL_Shopping_Dataset\8_1_crop.mp4,train,4,Inspect Shelf,783,832,30.0,3633
6254,8_1,dataset\raw\Videos_MERL_Shopping_Dataset\8_1_crop.mp4,train,4,Inspect Shelf,1187,1276,30.0,3633
6255,8_1,dataset\raw\Videos_MERL_Shopping_Dataset\8_1_crop.mp4,train,4,Inspect Shelf,1277,1366,30.0,3633
6256,8_1,dataset\raw\Videos_MERL_Shopping_Dataset\8_1_crop.mp4,train,4,Inspect Shelf,1367,1456,30.0,3633
6257,8_1,dataset\raw\Videos_MERL_Shopping_Dataset\8_1_crop.mp4,train,4,Inspect Shelf,1457,1542,30.0,3633
6258,8_1,dataset\raw\Videos_MERL_Shopping_Dataset\8_1_crop.mp4,train,4,Inspect Shelf,2592,2681,30.0,3633
6259,8_1,dataset\raw\Videos_MERL_Shopping_Dataset\8_1_crop.mp4,train,4,Inspect Shelf,2682,2731,30.0,3633
6260,8_1,dataset\raw\Videos_MERL_Shopping_Dataset\8_1_crop.mp4,train,4,Inspect Shelf,3040,3110,30.0,3633
6261,8_2,dataset\raw\Videos_MERL_Shopping_Dataset\8_2_crop.mp4,train,0,Reach to Shelf,334,375,30.0,4858
6262,8_2,dataset\raw\Videos_MERL_Shopping_Dataset\8_2_crop.mp4,train,0,Reach to Shelf,753,799,30.0,4858
6263,8_2,dataset\raw\Videos_MERL_Shopping_Dataset\8_2_crop.mp4,train,0,Reach to Shelf,1473,1490,30.0,4858
6264,8_2,dataset\raw\Videos_MERL_Shopping_Dataset\8_2_crop.mp4,train,0,Reach to Shelf,1623,1647,30.0,4858
6265,8_2,dataset\raw\Videos_MERL_Shopping_Dataset\8_2_crop.mp4,train,0,Reach to Shelf,1949,1978,30.0,4858
6266,8_2,dataset\raw\Videos_MERL_Shopping_Dataset\8_2_crop.mp4,train,0,Reach to Shelf,2055,2070,30.0,4858
6267,8_2,dataset\raw\Videos_MERL_Shopping_Dataset\8_2_crop.mp4,train,0,Reach to Shelf,2092,2111,30.0,4858
6268,8_2,dataset\raw\Videos_MERL_Shopping_Dataset\8_2_crop.mp4,train,0,Reach to Shelf,2844,2879,30.0,4858
6269,8_2,dataset\raw\Videos_MERL_Shopping_Dataset\8_2_crop.mp4,train,0,Reach to Shelf,3743,3793,30.0,4858
6270,8_2,dataset\raw\Videos_MERL_Shopping_Dataset\8_2_crop.mp4,train,0,Reach to Shelf,3837,3875,30.0,4858
6271,8_2,dataset\raw\Videos_MERL_Shopping_Dataset\8_2_crop.mp4,train,0,Reach to Shelf,553,604,30.0,4858
6272,8_2,dataset\raw\Videos_MERL_Shopping_Dataset\8_2_crop.mp4,train,0,Reach to Shelf,1289,1333,30.0,4858
6273,8_2,dataset\raw\Videos_MERL_Shopping_Dataset\8_2_crop.mp4,train,0,Reach to Shelf,1516,1534,30.0,4858
6274,8_2,dataset\raw\Videos_MERL_Shopping_Dataset\8_2_crop.mp4,train,0,Reach to Shelf,1922,1946,30.0,4858
6275,8_2,dataset\raw\Videos_MERL_Shopping_Dataset\8_2_crop.mp4,train,0,Reach to Shelf,2006,2033,30.0,4858
6276,8_2,dataset\raw\Videos_MERL_Shopping_Dataset\8_2_crop.mp4,train,0,Reach to Shelf,3491,3570,30.0,4858
6277,8_2,dataset\raw\Videos_MERL_Shopping_Dataset\8_2_crop.mp4,train,0,Reach to Shelf,4644,4677,30.0,4858
6278,8_2,dataset\raw\Videos_MERL_Shopping_Dataset\8_2_crop.mp4,train,1,Retract from Shelf,607,637,30.0,4858
6279,8_2,dataset\raw\Videos_MERL_Shopping_Dataset\8_2_crop.mp4,train,1,Retract from Shelf,1336,1376,30.0,4858
6280,8_2,dataset\raw\Videos_MERL_Shopping_Dataset\8_2_crop.mp4,train,1,Retract from Shelf,1538,1561,30.0,4858
6281,8_2,dataset\raw\Videos_MERL_Shopping_Dataset\8_2_crop.mp4,train,1,Retract from Shelf,2034,2054,30.0,4858
6282,8_2,dataset\raw\Videos_MERL_Shopping_Dataset\8_2_crop.mp4,train,1,Retract from Shelf,3569,3597,30.0,4858
6283,8_2,dataset\raw\Videos_MERL_Shopping_Dataset\8_2_crop.mp4,train,1,Retract from Shelf,4681,4695,30.0,4858
6284,8_2,dataset\raw\Videos_MERL_Shopping_Dataset\8_2_crop.mp4,train,1,Retract from Shelf,379,452,30.0,4858
6285,8_2,dataset\raw\Videos_MERL_Shopping_Dataset\8_2_crop.mp4,train,1,Retract from Shelf,806,833,30.0,4858
6286,8_2,dataset\raw\Videos_MERL_Shopping_Dataset\8_2_crop.mp4,train,1,Retract from Shelf,1493,1514,30.0,4858
6287,8_2,dataset\raw\Videos_MERL_Shopping_Dataset\8_2_crop.mp4,train,1,Retract from Shelf,1651,1676,30.0,4858
6288,8_2,dataset\raw\Videos_MERL_Shopping_Dataset\8_2_crop.mp4,train,1,Retract from Shelf,1990,2005,30.0,4858
6289,8_2,dataset\raw\Videos_MERL_Shopping_Dataset\8_2_crop.mp4,train,1,Retract from Shelf,2071,2091,30.0,4858
6290,8_2,dataset\raw\Videos_MERL_Shopping_Dataset\8_2_crop.mp4,train,1,Retract from Shelf,2112,2129,30.0,4858
6291,8_2,dataset\raw\Videos_MERL_Shopping_Dataset\8_2_crop.mp4,train,1,Retract from Shelf,3042,3067,30.0,4858
6292,8_2,dataset\raw\Videos_MERL_Shopping_Dataset\8_2_crop.mp4,train,1,Retract from Shelf,3070,3085,30.0,4858
6293,8_2,dataset\raw\Videos_MERL_Shopping_Dataset\8_2_crop.mp4,train,1,Retract from Shelf,3795,3831,30.0,4858
6294,8_2,dataset\raw\Videos_MERL_Shopping_Dataset\8_2_crop.mp4,train,1,Retract from Shelf,3879,3937,30.0,4858
6295,8_2,dataset\raw\Videos_MERL_Shopping_Dataset\8_2_crop.mp4,train,2,Hand in Shelf,2882,2971,30.0,4858
6296,8_2,dataset\raw\Videos_MERL_Shopping_Dataset\8_2_crop.mp4,train,2,Hand in Shelf,2972,3039,30.0,4858
6297,8_2,dataset\raw\Videos_MERL_Shopping_Dataset\8_2_crop.mp4,train,3,Inspect Product,454,543,30.0,4858
6298,8_2,dataset\raw\Videos_MERL_Shopping_Dataset\8_2_crop.mp4,train,3,Inspect Product,834,923,30.0,4858
6299,8_2,dataset\raw\Videos_MERL_Shopping_Dataset\8_2_crop.mp4,train,3,Inspect Product,924,1013,30.0,4858
6300,8_2,dataset\raw\Videos_MERL_Shopping_Dataset\8_2_crop.mp4,train,3,Inspect Product,1014,1103,30.0,4858
6301,8_2,dataset\raw\Videos_MERL_Shopping_Dataset\8_2_crop.mp4,train,3,Inspect Product,1104,1193,30.0,4858
6302,8_2,dataset\raw\Videos_MERL_Shopping_Dataset\8_2_crop.mp4,train,3,Inspect Product,1194,1283,30.0,4858
6303,8_2,dataset\raw\Videos_MERL_Shopping_Dataset\8_2_crop.mp4,train,3,Inspect Product,1679,1768,30.0,4858
6304,8_2,dataset\raw\Videos_MERL_Shopping_Dataset\8_2_crop.mp4,train,3,Inspect Product,1769,1858,30.0,4858
6305,8_2,dataset\raw\Videos_MERL_Shopping_Dataset\8_2_crop.mp4,train,3,Inspect Product,1859,1920,30.0,4858
6306,8_2,dataset\raw\Videos_MERL_Shopping_Dataset\8_2_crop.mp4,train,3,Inspect Product,2130,2147,30.0,4858
6307,8_2,dataset\raw\Videos_MERL_Shopping_Dataset\8_2_crop.mp4,train,3,Inspect Product,3087,3176,30.0,4858
6308,8_2,dataset\raw\Videos_MERL_Shopping_Dataset\8_2_crop.mp4,train,3,Inspect Product,3177,3266,30.0,4858
6309,8_2,dataset\raw\Videos_MERL_Shopping_Dataset\8_2_crop.mp4,train,3,Inspect Product,3267,3356,30.0,4858
6310,8_2,dataset\raw\Videos_MERL_Shopping_Dataset\8_2_crop.mp4,train,3,Inspect Product,3357,3446,30.0,4858
6311,8_2,dataset\raw\Videos_MERL_Shopping_Dataset\8_2_crop.mp4,train,3,Inspect Product,3447,3489,30.0,4858
6312,8_2,dataset\raw\Videos_MERL_Shopping_Dataset\8_2_crop.mp4,train,3,Inspect Product,3938,4027,30.0,4858
6313,8_2,dataset\raw\Videos_MERL_Shopping_Dataset\8_2_crop.mp4,train,3,Inspect Product,4028,4117,30.0,4858
6314,8_2,dataset\raw\Videos_MERL_Shopping_Dataset\8_2_crop.mp4,train,3,Inspect Product,4118,4207,30.0,4858
6315,8_2,dataset\raw\Videos_MERL_Shopping_Dataset\8_2_crop.mp4,train,3,Inspect Product,4208,4297,30.0,4858
6316,8_2,dataset\raw\Videos_MERL_Shopping_Dataset\8_2_crop.mp4,train,3,Inspect Product,4298,4387,30.0,4858
6317,8_2,dataset\raw\Videos_MERL_Shopping_Dataset\8_2_crop.mp4,train,3,Inspect Product,4388,4477,30.0,4858
6318,8_2,dataset\raw\Videos_MERL_Shopping_Dataset\8_2_crop.mp4,train,3,Inspect Product,4478,4567,30.0,4858
6319,8_2,dataset\raw\Videos_MERL_Shopping_Dataset\8_2_crop.mp4,train,3,Inspect Product,4568,4640,30.0,4858
6320,8_2,dataset\raw\Videos_MERL_Shopping_Dataset\8_2_crop.mp4,train,4,Inspect Shelf,218,307,30.0,4858
6321,8_2,dataset\raw\Videos_MERL_Shopping_Dataset\8_2_crop.mp4,train,4,Inspect Shelf,308,327,30.0,4858
6322,8_2,dataset\raw\Videos_MERL_Shopping_Dataset\8_2_crop.mp4,train,4,Inspect Shelf,643,732,30.0,4858
6323,8_2,dataset\raw\Videos_MERL_Shopping_Dataset\8_2_crop.mp4,train,4,Inspect Shelf,733,750,30.0,4858
6324,8_2,dataset\raw\Videos_MERL_Shopping_Dataset\8_2_crop.mp4,train,4,Inspect Shelf,1381,1464,30.0,4858
6325,8_2,dataset\raw\Videos_MERL_Shopping_Dataset\8_2_crop.mp4,train,4,Inspect Shelf,3604,3693,30.0,4858
6326,8_2,dataset\raw\Videos_MERL_Shopping_Dataset\8_2_crop.mp4,train,4,Inspect Shelf,3694,3743,30.0,4858
6390,9_1,dataset\raw\Videos_MERL_Shopping_Dataset\9_1_crop.mp4,train,0,Reach to Shelf,208,232,30.0,3744
6391,9_1,dataset\raw\Videos_MERL_Shopping_Dataset\9_1_crop.mp4,train,0,Reach to Shelf,290,325,30.0,3744
6392,9_1,dataset\raw\Videos_MERL_Shopping_Dataset\9_1_crop.mp4,train,0,Reach to Shelf,537,557,30.0,3744
6393,9_1,dataset\raw\Videos_MERL_Shopping_Dataset\9_1_crop.mp4,train,0,Reach to Shelf,604,635,30.0,3744
6394,9_1,dataset\raw\Videos_MERL_Shopping_Dataset\9_1_crop.mp4,train,0,Reach to Shelf,912,934,30.0,3744
6395,9_1,dataset\raw\Videos_MERL_Shopping_Dataset\9_1_crop.mp4,train,0,Reach to Shelf,1021,1040,30.0,3744
6396,9_1,dataset\raw\Videos_MERL_Shopping_Dataset\9_1_crop.mp4,train,0,Reach to Shelf,1073,1109,30.0,3744
6397,9_1,dataset\raw\Videos_MERL_Shopping_Dataset\9_1_crop.mp4,train,0,Reach to Shelf,1695,1739,30.0,3744
6398,9_1,dataset\raw\Videos_MERL_Shopping_Dataset\9_1_crop.mp4,train,0,Reach to Shelf,2350,2389,30.0,3744
6399,9_1,dataset\raw\Videos_MERL_Shopping_Dataset\9_1_crop.mp4,train,0,Reach to Shelf,2508,2535,30.0,3744
6400,9_1,dataset\raw\Videos_MERL_Shopping_Dataset\9_1_crop.mp4,train,0,Reach to Shelf,2813,2842,30.0,3744
6401,9_1,dataset\raw\Videos_MERL_Shopping_Dataset\9_1_crop.mp4,train,0,Reach to Shelf,3148,3169,30.0,3744
6402,9_1,dataset\raw\Videos_MERL_Shopping_Dataset\9_1_crop.mp4,train,0,Reach to Shelf,3493,3522,30.0,3744
6403,9_1,dataset\raw\Videos_MERL_Shopping_Dataset\9_1_crop.mp4,train,0,Reach to Shelf,376,428,30.0,3744
6404,9_1,dataset\raw\Videos_MERL_Shopping_Dataset\9_1_crop.mp4,train,0,Reach to Shelf,1280,1327,30.0,3744
6405,9_1,dataset\raw\Videos_MERL_Shopping_Dataset\9_1_crop.mp4,train,0,Reach to Shelf,3267,3304,30.0,3744
6406,9_1,dataset\raw\Videos_MERL_Shopping_Dataset\9_1_crop.mp4,train,0,Reach to Shelf,3569,3585,30.0,3744
6407,9_1,dataset\raw\Videos_MERL_Shopping_Dataset\9_1_crop.mp4,train,1,Retract from Shelf,437,464,30.0,3744
6408,9_1,dataset\raw\Videos_MERL_Shopping_Dataset\9_1_crop.mp4,train,1,Retract from Shelf,935,985,30.0,3744
6409,9_1,dataset\raw\Videos_MERL_Shopping_Dataset\9_1_crop.mp4,train,1,Retract from Shelf,1805,1825,30.0,3744
6410,9_1,dataset\raw\Videos_MERL_Shopping_Dataset\9_1_crop.mp4,train,1,Retract from Shelf,248,270,30.0,3744
6411,9_1,dataset\raw\Videos_MERL_Shopping_Dataset\9_1_crop.mp4,train,1,Retract from Shelf,329,370,30.0,3744
6412,9_1,dataset\raw\Videos_MERL_Shopping_Dataset\9_1_crop.mp4,train,1,Retract from Shelf,570,600,30.0,3744
6413,9_1,dataset\raw\Videos_MERL_Shopping_Dataset\9_1_crop.mp4,train,1,Retract from Shelf,639,680,30.0,3744
6414,9_1,dataset\raw\Videos_MERL_Shopping_Dataset\9_1_crop.mp4,train,1,Retract from Shelf,1110,1174,30.0,3744
6415,9_1,dataset\raw\Videos_MERL_Shopping_Dataset\9_1_crop.mp4,train,1,Retract from Shelf,1330,1364,30.0,3744
6416,9_1,dataset\raw\Videos_MERL_Shopping_Dataset\9_1_crop.mp4,train,1,Retract from Shelf,2392,2412,30.0,3744
6417,9_1,dataset\raw\Videos_MERL_Shopping_Dataset\9_1_crop.mp4,train,1,Retract from Shelf,2537,2600,30.0,3744
6418,9_1,dataset\raw\Videos_MERL_Shopping_Dataset\9_1_crop.mp4,train,1,Retract from Shelf,2845,2922,30.0,3744
6419,9_1,dataset\raw\Videos_MERL_Shopping_Dataset\9_1_crop.mp4,train,1,Retract from Shelf,3172,3216,30.0,3744
6420,9_1,dataset\raw\Videos_MERL_Shopping_Dataset\9_1_crop.mp4,train,1,Retract from Shelf,3524,3554,30.0,3744
6421,9_1,dataset\raw\Videos_MERL_Shopping_Dataset\9_1_crop.mp4,train,2,Hand in Shelf,230,247,30.0,3744
6422,9_1,dataset\raw\Videos_MERL_Shopping_Dataset\9_1_crop.mp4,train,2,Hand in Shelf,1040,1073,30.0,3744
6423,9_1,dataset\raw\Videos_MERL_Shopping_Dataset\9_1_crop.mp4,train,2,Hand in Shelf,1758,1794,30.0,3744
6424,9_1,dataset\raw\Videos_MERL_Shopping_Dataset\9_1_crop.mp4,train,3,Inspect Product,430,466,30.0,3744
6425,9_1,dataset\raw\Videos_MERL_Shopping_Dataset\9_1_crop.mp4,train,3,Inspect Product,1184,1269,30.0,3744
6426,9_1,dataset\raw\Videos_MERL_Shopping_Dataset\9_1_crop.mp4,train,3,Inspect Product,3221,3263,30.0,3744
6427,9_1,dataset\raw\Videos_MERL_Shopping_Dataset\9_1_crop.mp4,train,4,Inspect Shelf,473,530,30.0,3744
6428,9_1,dataset\raw\Videos_MERL_Shopping_Dataset\9_1_crop.mp4,train,4,Inspect Shelf,689,778,30.0,3744
6429,9_1,dataset\raw\Videos_MERL_Shopping_Dataset\9_1_crop.mp4,train,4,Inspect Shelf,779,868,30.0,3744
6430,9_1,dataset\raw\Videos_MERL_Shopping_Dataset\9_1_crop.mp4,train,4,Inspect Shelf,869,906,30.0,3744
6431,9_1,dataset\raw\Videos_MERL_Shopping_Dataset\9_1_crop.mp4,train,4,Inspect Shelf,986,1020,30.0,3744
6432,9_1,dataset\raw\Videos_MERL_Shopping_Dataset\9_1_crop.mp4,train,4,Inspect Shelf,1375,1464,30.0,3744
6433,9_1,dataset\raw\Videos_MERL_Shopping_Dataset\9_1_crop.mp4,train,4,Inspect Shelf,1465,1554,30.0,3744
6434,9_1,dataset\raw\Videos_MERL_Shopping_Dataset\9_1_crop.mp4,train,4,Inspect Shelf,1555,1644,30.0,3744
6435,9_1,dataset\raw\Videos_MERL_Shopping_Dataset\9_1_crop.mp4,train,4,Inspect Shelf,1645,1689,30.0,3744
6436,9_1,dataset\raw\Videos_MERL_Shopping_Dataset\9_1_crop.mp4,train,4,Inspect Shelf,1854,1943,30.0,3744
6437,9_1,dataset\raw\Videos_MERL_Shopping_Dataset\9_1_crop.mp4,train,4,Inspect Shelf,1944,1999,30.0,3744
6438,9_1,dataset\raw\Videos_MERL_Shopping_Dataset\9_1_crop.mp4,train,4,Inspect Shelf,2433,2501,30.0,3744
6439,9_1,dataset\raw\Videos_MERL_Shopping_Dataset\9_1_crop.mp4,train,4,Inspect Shelf,2616,2705,30.0,3744
6440,9_1,dataset\raw\Videos_MERL_Shopping_Dataset\9_1_crop.mp4,train,4,Inspect Shelf,2706,2795,30.0,3744
6441,9_1,dataset\raw\Videos_MERL_Shopping_Dataset\9_1_crop.mp4,train,4,Inspect Shelf,2932,3021,30.0,3744
6442,9_1,dataset\raw\Videos_MERL_Shopping_Dataset\9_1_crop.mp4,train,4,Inspect Shelf,3022,3111,30.0,3744
6443,9_1,dataset\raw\Videos_MERL_Shopping_Dataset\9_1_crop.mp4,train,4,Inspect Shelf,3112,3145,30.0,3744
6444,9_1,dataset\raw\Videos_MERL_Shopping_Dataset\9_1_crop.mp4,train,4,Inspect Shelf,3339,3428,30.0,3744
6445,9_1,dataset\raw\Videos_MERL_Shopping_Dataset\9_1_crop.mp4,train,4,Inspect Shelf,3429,3481,30.0,3744
6446,9_2,dataset\raw\Videos_MERL_Shopping_Dataset\9_2_crop.mp4,train,0,Reach to Shelf,213,259,30.0,3867
6447,9_2,dataset\raw\Videos_MERL_Shopping_Dataset\9_2_crop.mp4,train,0,Reach to Shelf,501,518,30.0,3867
6448,9_2,dataset\raw\Videos_MERL_Shopping_Dataset\9_2_crop.mp4,train,0,Reach to Shelf,669,691,30.0,3867
6449,9_2,dataset\raw\Videos_MERL_Shopping_Dataset\9_2_crop.mp4,train,0,Reach to Shelf,1140,1178,30.0,3867
6450,9_2,dataset\raw\Videos_MERL_Shopping_Dataset\9_2_crop.mp4,train,0,Reach to Shelf,1559,1605,30.0,3867
6451,9_2,dataset\raw\Videos_MERL_Shopping_Dataset\9_2_crop.mp4,train,0,Reach to Shelf,1673,1708,30.0,3867
6452,9_2,dataset\raw\Videos_MERL_Shopping_Dataset\9_2_crop.mp4,train,0,Reach to Shelf,2236,2269,30.0,3867
6453,9_2,dataset\raw\Videos_MERL_Shopping_Dataset\9_2_crop.mp4,train,0,Reach to Shelf,2678,2713,30.0,3867
6454,9_2,dataset\raw\Videos_MERL_Shopping_Dataset\9_2_crop.mp4,train,0,Reach to Shelf,2778,2816,30.0,3867
6455,9_2,dataset\raw\Videos_MERL_Shopping_Dataset\9_2_crop.mp4,train,0,Reach to Shelf,3044,3079,30.0,3867
6456,9_2,dataset\raw\Videos_MERL_Shopping_Dataset\9_2_crop.mp4,train,0,Reach to Shelf,413,451,30.0,3867
6457,9_2,dataset\raw\Videos_MERL_Shopping_Dataset\9_2_crop.mp4,train,0,Reach to Shelf,548,575,30.0,3867
6458,9_2,dataset\raw\Videos_MERL_Shopping_Dataset\9_2_crop.mp4,train,0,Reach to Shelf,1801,1841,30.0,3867
6459,9_2,dataset\raw\Videos_MERL_Shopping_Dataset\9_2_crop.mp4,train,1,Retract from Shelf,454,484,30.0,3867
6460,9_2,dataset\raw\Videos_MERL_Shopping_Dataset\9_2_crop.mp4,train,1,Retract from Shelf,576,597,30.0,3867
6461,9_2,dataset\raw\Videos_MERL_Shopping_Dataset\9_2_crop.mp4,train,1,Retract from Shelf,1379,1412,30.0,3867
6462,9_2,dataset\raw\Videos_MERL_Shopping_Dataset\9_2_crop.mp4,train,1,Retract from Shelf,1844,1860,30.0,3867
6463,9_2,dataset\raw\Videos_MERL_Shopping_Dataset\9_2_crop.mp4,train,1,Retract from Shelf,2947,2975,30.0,3867
6464,9_2,dataset\raw\Videos_MERL_Shopping_Dataset\9_2_crop.mp4,train,1,Retract from Shelf,262,309,30.0,3867
6465,9_2,dataset\raw\Videos_MERL_Shopping_Dataset\9_2_crop.mp4,train,1,Retract from Shelf,521,545,30.0,3867
6466,9_2,dataset\raw\Videos_MERL_Shopping_Dataset\9_2_crop.mp4,train,1,Retract from Shelf,727,768,30.0,3867
6467,9_2,dataset\raw\Videos_MERL_Shopping_Dataset\9_2_crop.mp4,train,1,Retract from Shelf,1606,1643,30.0,3867
6468,9_2,dataset\raw\Videos_MERL_Shopping_Dataset\9_2_crop.mp4,train,1,Retract from Shelf,1708,1742,30.0,3867
6469,9_2,dataset\raw\Videos_MERL_Shopping_Dataset\9_2_crop.mp4,train,1,Retract from Shelf,2275,2353,30.0,3867
6470,9_2,dataset\raw\Videos_MERL_Shopping_Dataset\9_2_crop.mp4,train,1,Retract from Shelf,2717,2777,30.0,3867
6471,9_2,dataset\raw\Videos_MERL_Shopping_Dataset\9_2_crop.mp4,train,1,Retract from Shelf,3083,3132,30.0,3867
6472,9_2,dataset\raw\Videos_MERL_Shopping_Dataset\9_2_crop.mp4,train,2,Hand in Shelf,1182,1271,30.0,3867
6473,9_2,dataset\raw\Videos_MERL_Shopping_Dataset\9_2_crop.mp4,train,2,Hand in Shelf,1272,1361,30.0,3867
6474,9_2,dataset\raw\Videos_MERL_Shopping_Dataset\9_2_crop.mp4,train,2,Hand in Shelf,2816,2905,30.0,3867
6475,9_2,dataset\raw\Videos_MERL_Shopping_Dataset\9_2_crop.mp4,train,2,Hand in Shelf,2906,2944,30.0,3867
6476,9_2,dataset\raw\Videos_MERL_Shopping_Dataset\9_2_crop.mp4,train,3,Inspect Product,312,401,30.0,3867
6477,9_2,dataset\raw\Videos_MERL_Shopping_Dataset\9_2_crop.mp4,train,3,Inspect Product,2357,2446,30.0,3867
6478,9_2,dataset\raw\Videos_MERL_Shopping_Dataset\9_2_crop.mp4,train,3,Inspect Product,2447,2536,30.0,3867
6479,9_2,dataset\raw\Videos_MERL_Shopping_Dataset\9_2_crop.mp4,train,3,Inspect Product,2537,2626,30.0,3867
6480,9_2,dataset\raw\Videos_MERL_Shopping_Dataset\9_2_crop.mp4,train,3,Inspect Product,2627,2678,30.0,3867
6481,9_2,dataset\raw\Videos_MERL_Shopping_Dataset\9_2_crop.mp4,train,3,Inspect Product,3333,3422,30.0,3867
6482,9_2,dataset\raw\Videos_MERL_Shopping_Dataset\9_2_crop.mp4,train,3,Inspect Product,3423,3512,30.0,3867
6483,9_2,dataset\raw\Videos_MERL_Shopping_Dataset\9_2_crop.mp4,train,3,Inspect Product,3513,3602,30.0,3867
6484,9_2,dataset\raw\Videos_MERL_Shopping_Dataset\9_2_crop.mp4,train,3,Inspect Product,3603,3692,30.0,3867
6485,9_2,dataset\raw\Videos_MERL_Shopping_Dataset\9_2_crop.mp4,train,3,Inspect Product,3693,3720,30.0,3867
6486,9_2,dataset\raw\Videos_MERL_Shopping_Dataset\9_2_crop.mp4,train,4,Inspect Shelf,602,668,30.0,3867
6487,9_2,dataset\raw\Videos_MERL_Shopping_Dataset\9_2_crop.mp4,train,4,Inspect Shelf,771,860,30.0,3867
6488,9_2,dataset\raw\Videos_MERL_Shopping_Dataset\9_2_crop.mp4,train,4,Inspect Shelf,861,950,30.0,3867
6489,9_2,dataset\raw\Videos_MERL_Shopping_Dataset\9_2_crop.mp4,train,4,Inspect Shelf,951,1040,30.0,3867
6490,9_2,dataset\raw\Videos_MERL_Shopping_Dataset\9_2_crop.mp4,train,4,Inspect Shelf,1041,1130,30.0,3867
6491,9_2,dataset\raw\Videos_MERL_Shopping_Dataset\9_2_crop.mp4,train,4,Inspect Shelf,1418,1507,30.0,3867
6492,9_2,dataset\raw\Videos_MERL_Shopping_Dataset\9_2_crop.mp4,train,4,Inspect Shelf,1508,1556,30.0,3867
6493,9_2,dataset\raw\Videos_MERL_Shopping_Dataset\9_2_crop.mp4,train,4,Inspect Shelf,1646,1669,30.0,3867
6494,9_2,dataset\raw\Videos_MERL_Shopping_Dataset\9_2_crop.mp4,train,4,Inspect Shelf,1744,1796,30.0,3867
6495,9_2,dataset\raw\Videos_MERL_Shopping_Dataset\9_2_crop.mp4,train,4,Inspect Shelf,2979,3042,30.0,3867
6496,9_2,dataset\raw\Videos_MERL_Shopping_Dataset\9_2_crop.mp4,train,4,Inspect Shelf,3141,3230,30.0,3867
6497,9_2,dataset\raw\Videos_MERL_Shopping_Dataset\9_2_crop.mp4,train,4,Inspect Shelf,3231,3320,30.0,3867
6498,9_3,dataset\raw\Videos_MERL_Shopping_Dataset\9_3_crop.mp4,train,0,Reach to Shelf,340,375,30.0,3959
6499,9_3,dataset\raw\Videos_MERL_Shopping_Dataset\9_3_crop.mp4,train,0,Reach to Shelf,740,780,30.0,3959
6500,9_3,dataset\raw\Videos_MERL_Shopping_Dataset\9_3_crop.mp4,train,0,Reach to Shelf,1012,1049,30.0,3959
6501,9_3,dataset\raw\Videos_MERL_Shopping_Dataset\9_3_crop.mp4,train,0,Reach to Shelf,1240,1281,30.0,3959
6502,9_3,dataset\raw\Videos_MERL_Shopping_Dataset\9_3_crop.mp4,train,0,Reach to Shelf,2212,2240,30.0,3959
6503,9_3,dataset\raw\Videos_MERL_Shopping_Dataset\9_3_crop.mp4,train,0,Reach to Shelf,2421,2462,30.0,3959
6504,9_3,dataset\raw\Videos_MERL_Shopping_Dataset\9_3_crop.mp4,train,0,Reach to Shelf,2615,2658,30.0,3959
6505,9_3,dataset\raw\Videos_MERL_Shopping_Dataset\9_3_crop.mp4,train,0,Reach to Shelf,2912,2933,30.0,3959
6506,9_3,dataset\raw\Videos_MERL_Shopping_Dataset\9_3_crop.mp4,train,0,Reach to Shelf,3182,3224,30.0,3959
6507,9_3,dataset\raw\Videos_MERL_Shopping_Dataset\9_3_crop.mp4,train,0,Reach to Shelf,3338,3359,30.0,3959
6508,9_3,dataset\raw\Videos_MERL_Shopping_Dataset\9_3_crop.mp4,train,0,Reach to Shelf,3674,3703,30.0,3959
6509,9_3,dataset\raw\Videos_MERL_Shopping_Dataset\9_3_crop.mp4,train,0,Reach to Shelf,3734,3759,30.0,3959
6510,9_3,dataset\raw\Videos_MERL_Shopping_Dataset\9_3_crop.mp4,train,1,Retract from Shelf,786,834,30.0,3959
6511,9_3,dataset\raw\Videos_MERL_Shopping_Dataset\9_3_crop.mp4,train,1,Retract from Shelf,380,443,30.0,3959
6512,9_3,dataset\raw\Videos_MERL_Shopping_Dataset\9_3_crop.mp4,train,1,Retract from Shelf,1150,1233,30.0,3959
6513,9_3,dataset\raw\Videos_MERL_Shopping_Dataset\9_3_crop.mp4,train,1,Retract from Shelf,1332,1392,30.0,3959
6514,9_3,dataset\raw\Videos_MERL_Shopping_Dataset\9_3_crop.mp4,train,1,Retract from Shelf,2244,2283,30.0,3959
6515,9_3,dataset\raw\Videos_MERL_Shopping_Dataset\9_3_crop.mp4,train,1,Retract from Shelf,2467,2525,30.0,3959
6516,9_3,dataset\raw\Videos_MERL_Shopping_Dataset\9_3_crop.mp4,train,1,Retract from Shelf,2692,2728,30.0,3959
6517,9_3,dataset\raw\Videos_MERL_Shopping_Dataset\9_3_crop.mp4,train,1,Retract from Shelf,3080,3106,30.0,3959
6518,9_3,dataset\raw\Videos_MERL_Shopping_Dataset\9_3_crop.mp4,train,1,Retract from Shelf,3230,3308,30.0,3959
6519,9_3,dataset\raw\Videos_MERL_Shopping_Dataset\9_3_crop.mp4,train,1,Retract from Shelf,3397,3441,30.0,3959
6520,9_3,dataset\raw\Videos_MERL_Shopping_Dataset\9_3_crop.mp4,train,1,Retract from Shelf,3704,3733,30.0,3959
6521,9_3,dataset\raw\Videos_MERL_Shopping_Dataset\9_3_crop.mp4,train,1,Retract from Shelf,3806,3834,30.0,3959
6522,9_3,dataset\raw\Videos_MERL_Shopping_Dataset\9_3_crop.mp4,train,2,Hand in Shelf,1052,1141,30.0,3959
6523,9_3,dataset\raw\Videos_MERL_Shopping_Dataset\9_3_crop.mp4,train,2,Hand in Shelf,2660,2690,30.0,3959
6524,9_3,dataset\raw\Videos_MERL_Shopping_Dataset\9_3_crop.mp4,train,2,Hand in Shelf,2933,3022,30.0,3959
6525,9_3,dataset\raw\Videos_MERL_Shopping_Dataset\9_3_crop.mp4,train,2,Hand in Shelf,3023,3078,30.0,3959
6526,9_3,dataset\raw\Videos_MERL_Shopping_Dataset\9_3_crop.mp4,train,2,Hand in Shelf,3360,3396,30.0,3959
6527,9_3,dataset\raw\Videos_MERL_Shopping_Dataset\9_3_crop.mp4,train,2,Hand in Shelf,3760,3806,30.0,3959
6528,9_3,dataset\raw\Videos_MERL_Shopping_Dataset\9_3_crop.mp4,train,3,Inspect Product,445,534,30.0,3959
6529,9_3,dataset\raw\Videos_MERL_Shopping_Dataset\9_3_crop.mp4,train,3,Inspect Product,535,624,30.0,3959
6530,9_3,dataset\raw\Videos_MERL_Shopping_Dataset\9_3_crop.mp4,train,3,Inspect Product,1280,1329,30.0,3959
6531,9_3,dataset\raw\Videos_MERL_Shopping_Dataset\9_3_crop.mp4,train,3,Inspect Product,1398,1487,30.0,3959
6532,9_3,dataset\raw\Videos_MERL_Shopping_Dataset\9_3_crop.mp4,train,3,Inspect Product,1488,1525,30.0,3959
6533,9_3,dataset\raw\Videos_MERL_Shopping_Dataset\9_3_crop.mp4,train,3,Inspect Product,2728,2817,30.0,3959
6534,9_3,dataset\raw\Videos_MERL_Shopping_Dataset\9_3_crop.mp4,train,3,Inspect Product,2818,2847,30.0,3959
6535,9_3,dataset\raw\Videos_MERL_Shopping_Dataset\9_3_crop.mp4,train,4,Inspect Shelf,665,733,30.0,3959
6536,9_3,dataset\raw\Videos_MERL_Shopping_Dataset\9_3_crop.mp4,train,4,Inspect Shelf,836,925,30.0,3959
6537,9_3,dataset\raw\Videos_MERL_Shopping_Dataset\9_3_crop.mp4,train,4,Inspect Shelf,926,1007,30.0,3959
6538,9_3,dataset\raw\Videos_MERL_Shopping_Dataset\9_3_crop.mp4,train,4,Inspect Shelf,1596,1685,30.0,3959
6539,9_3,dataset\raw\Videos_MERL_Shopping_Dataset\9_3_crop.mp4,train,4,Inspect Shelf,1686,1775,30.0,3959
6540,9_3,dataset\raw\Videos_MERL_Shopping_Dataset\9_3_crop.mp4,train,4,Inspect Shelf,2168,2211,30.0,3959
6541,9_3,dataset\raw\Videos_MERL_Shopping_Dataset\9_3_crop.mp4,train,4,Inspect Shelf,2284,2373,30.0,3959
6542,9_3,dataset\raw\Videos_MERL_Shopping_Dataset\9_3_crop.mp4,train,4,Inspect Shelf,2374,2420,30.0,3959
6543,9_3,dataset\raw\Videos_MERL_Shopping_Dataset\9_3_crop.mp4,train,4,Inspect Shelf,2526,2614,30.0,3959
6544,9_3,dataset\raw\Videos_MERL_Shopping_Dataset\9_3_crop.mp4,train,4,Inspect Shelf,3108,3181,30.0,3959
6545,9_3,dataset\raw\Videos_MERL_Shopping_Dataset\9_3_crop.mp4,train,4,Inspect Shelf,3308,3336,30.0,3959
6546,9_3,dataset\raw\Videos_MERL_Shopping_Dataset\9_3_crop.mp4,train,4,Inspect Shelf,3512,3601,30.0,3959
6547,9_3,dataset\raw\Videos_MERL_Shopping_Dataset\9_3_crop.mp4,train,4,Inspect Shelf,3602,3674,30.0,3959
